-- MySQL dump 10.13  Distrib 5.1.44, for Win32 (ia32)
--
-- Host: localhost    Database: prod_01
-- ------------------------------------------------------
-- Server version	5.1.44-community

/*!40101 SET @OLD_CHARACTER_SET_CLIENT=@@CHARACTER_SET_CLIENT */;
/*!40101 SET @OLD_CHARACTER_SET_RESULTS=@@CHARACTER_SET_RESULTS */;
/*!40101 SET @OLD_COLLATION_CONNECTION=@@COLLATION_CONNECTION */;
/*!40101 SET NAMES utf8 */;
/*!40103 SET @OLD_TIME_ZONE=@@TIME_ZONE */;
/*!40103 SET TIME_ZONE='+00:00' */;
/*!40014 SET @OLD_UNIQUE_CHECKS=@@UNIQUE_CHECKS, UNIQUE_CHECKS=0 */;
/*!40014 SET @OLD_FOREIGN_KEY_CHECKS=@@FOREIGN_KEY_CHECKS, FOREIGN_KEY_CHECKS=0 */;
/*!40101 SET @OLD_SQL_MODE=@@SQL_MODE, SQL_MODE='NO_AUTO_VALUE_ON_ZERO' */;
/*!40111 SET @OLD_SQL_NOTES=@@SQL_NOTES, SQL_NOTES=0 */;

--
-- Table structure for table `ab_address_book`
--

DROP TABLE IF EXISTS `ab_address_book`;
/*!40101 SET @saved_cs_client     = @@character_set_client */;
/*!40101 SET character_set_client = utf8 */;
CREATE TABLE `ab_address_book` (
  `ab_address_book_id` int(11) NOT NULL,
  `ab_address_1` varchar(100) NOT NULL,
  `ab_address_2` varchar(100) DEFAULT NULL,
  `ab_attn_name` varchar(100) NOT NULL,
  `ab_city` varchar(100) NOT NULL,
  `ab_country` varchar(100) NOT NULL,
  `ab_directions` varchar(100) DEFAULT NULL,
  `ab_postal_code` varchar(100) NOT NULL,
  `ab_postal_code_ext` varchar(100) DEFAULT NULL,
  `ab_state_province` varchar(100) NOT NULL,
  `ab_to_name` varchar(100) NOT NULL,
  PRIMARY KEY (`ab_address_book_id`),
  UNIQUE KEY `ab_address_book_id` (`ab_address_book_id`)
) ENGINE=InnoDB DEFAULT CHARSET=latin1;
/*!40101 SET character_set_client = @saved_cs_client */;

--
-- Dumping data for table `ab_address_book`
--

LOCK TABLES `ab_address_book` WRITE;
/*!40000 ALTER TABLE `ab_address_book` DISABLE KEYS */;
INSERT INTO `ab_address_book` VALUES (1,'R.K.Bildg','8th Khetwadi','P00001','Mumbai','India',NULL,'400004',NULL,'Maharashtra','P00001'),(2,'R.K.Bildg','8th Khetwadi','P00002','Mumbai','India',NULL,'400004',NULL,'Maharashtra','P00002'),(3,'Mali Bhuvan','8th Khetwadi','P00003','Mumbai','India',NULL,'400004',NULL,'Maharashtra','P00003'),(4,'Mali Bhuvan','8th Khetwadi','P00004','Mumbai','India',NULL,'400004',NULL,'Maharashtra','P00004'),(5,'R.K.Bildg','8th Khetwadi','P00005','Mumbai','India',NULL,'400004',NULL,'Maharashtra','P00005'),(6,'R.K.Bildg','8th Khetwadi','P00006','Mumbai','India',NULL,'400004',NULL,'Maharashtra','P00006'),(7,'R.K.Bildg','8th Khetwadi','P00007','Mumbai','India',NULL,'400004',NULL,'Maharashtra','P00007'),(8,'R.K.Bildg','8th Khetwadi','P00008','Mumbai','India',NULL,'400004',NULL,'Maharashtra','P00008'),(9,'R.K.Bildg','8th Khetwadi','P00009','Mumbai','India',NULL,'400004',NULL,'Maharashtra','P00009'),(10,'Shankar Bhuvan','1st x Khetwadi','P00010','Mumbai','India',NULL,'400004',NULL,'Maharashtra','P00010'),(11,'Shankar Bhuvan','1st x Khetwadi','P00011','Mumbai','India',NULL,'400004',NULL,'Maharashtra','P00011'),(12,'Shankar Bhuvan','1st x Khetwadi','P00012','Mumbai','India',NULL,'400004',NULL,'Maharashtra','P00012'),(13,'Shankar Bhuvan','1st x Khetwadi','P00013','Mumbai','India',NULL,'400004',NULL,'Maharashtra','P00013'),(14,'Caf? house','1st x Khetwadi','P00014','Mumbai','India',NULL,'400004',NULL,'Maharashtra','P00014'),(15,'Shankar Bhuvan','1st x Khetwadi','P00015','Mumbai','India',NULL,'400004',NULL,'Maharashtra','P00015'),(16,'Shankar Bhuvan','1st x Khetwadi','P00016','Mumbai','India',NULL,'400004',NULL,'Maharashtra','P00016'),(17,'Shankar Bhuvan','1st x Khetwadi','P00017','Mumbai','India',NULL,'400004',NULL,'Maharashtra','P00017'),(18,'Shankar Bhuvan','1st x Khetwadi','P00018','Mumbai','India',NULL,'400004',NULL,'Maharashtra','P00018'),(19,'Caf? house','1st x Khetwadi','P00019','Mumbai','India',NULL,'400004',NULL,'Maharashtra','P00019'),(20,'Phooga Chawl','1st x Khetwadi','P00020','Mumbai','India',NULL,'400004',NULL,'Maharashtra','P00020'),(21,'Caf? house','1st x Khetwadi','P00021','Mumbai','India',NULL,'400004',NULL,'Maharashtra','P00021'),(22,'Caf? house','1st x Khetwadi','P00022','Mumbai','India',NULL,'400004',NULL,'Maharashtra','P00022'),(23,'Shankar Bhuvan','1st x Khetwadi','P00023','Mumbai','India',NULL,'400004',NULL,'Maharashtra','P00023'),(24,'Shankar Bhuvan','1st x Khetwadi','P00024','Mumbai','India',NULL,'400004',NULL,'Maharashtra','P00024'),(25,'Shankar Bhuvan','1st x Khetwadi','P00025','Mumbai','India',NULL,'400004',NULL,'Maharashtra','P00025'),(26,'Shankar Bhuvan','1st x Khetwadi','P00026','Mumbai','India',NULL,'400004',NULL,'Maharashtra','P00026'),(27,'Shankar Bhuvan','1st x Khetwadi','P00027','Mumbai','India',NULL,'400004',NULL,'Maharashtra','P00027'),(28,'Shankar Bhuvan','1st x Khetwadi','P00028','Mumbai','India',NULL,'400004',NULL,'Maharashtra','P00028'),(29,'Shankar Bhuvan','1st x Khetwadi','P00029','Mumbai','India',NULL,'400004',NULL,'Maharashtra','P00029'),(30,'Caf? house','1st x Khetwadi','P00030','Mumbai','India',NULL,'400004',NULL,'Maharashtra','P00030'),(31,'Shankar Bhuvan','1st x Khetwadi','P00031','Mumbai','India',NULL,'400004',NULL,'Maharashtra','P00031'),(32,'Shankar Bhuvan','1st x Khetwadi','P00032','Mumbai','India',NULL,'400004',NULL,'Maharashtra','P00032'),(33,'Shankar Bhuvan','1st x Khetwadi','P00033','Mumbai','India',NULL,'400004',NULL,'Maharashtra','P00033'),(34,'Shankar Bhuvan','1st x Khetwadi','P00034','Mumbai','India',NULL,'400004',NULL,'Maharashtra','P00034'),(35,'Shankar Bhuvan','1st x Khetwadi','P00035','Mumbai','India',NULL,'400004',NULL,'Maharashtra','P00035'),(36,'Shankar Bhuvan','1st x Khetwadi','P00036','Mumbai','India',NULL,'400004',NULL,'Maharashtra','P00036'),(37,'Shankar Bhuvan','1st x Khetwadi','P00037','Mumbai','India',NULL,'400004',NULL,'Maharashtra','P00037'),(38,'Shankar Bhuvan','1st x Khetwadi','P00038','Mumbai','India',NULL,'400004',NULL,'Maharashtra','P00038'),(39,'Shankar Bhuvan','1st x Khetwadi','P00039','Mumbai','India',NULL,'400004',NULL,'Maharashtra','P00039'),(40,'Shankar Bhuvan','1st x Khetwadi','P00040','Mumbai','India',NULL,'400004',NULL,'Maharashtra','P00040'),(41,'Silver Chawl','1st x Khetwadi','P00041','Mumbai','India',NULL,'400004',NULL,'Maharashtra','P00041'),(42,'Shankar Bhuvan','1st x Khetwadi','P00042','Mumbai','India',NULL,'400004',NULL,'Maharashtra','P00042'),(43,'Shankar Bhuvan','1st x Khetwadi','P00043','Mumbai','India',NULL,'400004',NULL,'Maharashtra','P00043'),(44,'Phooga Chawl','1st x Khetwadi','P00044','Mumbai','India',NULL,'400004',NULL,'Maharashtra','P00044'),(45,'Shankar Bhuvan','1st x Khetwadi','P00045','Mumbai','India',NULL,'400004',NULL,'Maharashtra','P00045'),(46,'Shankar Bhuvan','1st x Khetwadi','P00046','Mumbai','India',NULL,'400004',NULL,'Maharashtra','P00046'),(47,'Shankar Bhuvan','1st x Khetwadi','P00047','Mumbai','India',NULL,'400004',NULL,'Maharashtra','P00047'),(48,'Shankar Bhuvan','1st x Khetwadi','P00048','Mumbai','India',NULL,'400004',NULL,'Maharashtra','P00048'),(49,'Shankar Bhuvan','1st x Khetwadi','P00049','Mumbai','India',NULL,'400004',NULL,'Maharashtra','P00049'),(50,'Shankar Bhuvan','1st x Khetwadi','P00050','Mumbai','India',NULL,'400004',NULL,'Maharashtra','P00050'),(51,'Shankar Bhuvan','1st x Khetwadi','P00051','Mumbai','India',NULL,'400004',NULL,'Maharashtra','P00051'),(52,'Shankar Bhuvan','1st x Khetwadi','P00052','Mumbai','India',NULL,'400004',NULL,'Maharashtra','P00052'),(53,'Shankar Bhuvan','1st x Khetwadi','P00053','Mumbai','India',NULL,'400004',NULL,'Maharashtra','P00053'),(54,'Shankar Bhuvan','1st x Khetwadi','P00054','Mumbai','India',NULL,'400004',NULL,'Maharashtra','P00054'),(55,'Shankar Bhuvan','1st x Khetwadi','P00055','Mumbai','India',NULL,'400004',NULL,'Maharashtra','P00055'),(56,'Silver Chawl','1st x Khetwadi','P00056','Mumbai','India',NULL,'400004',NULL,'Maharashtra','P00056'),(57,'Shankar Bhuvan','1st x Khetwadi','P00057','Mumbai','India',NULL,'400004',NULL,'Maharashtra','P00057'),(58,'Shankar Bhuvan','1st x Khetwadi','P00058','Mumbai','India',NULL,'400004',NULL,'Maharashtra','P00058'),(59,'Phooga Chawl','1st x Khetwadi','P00059','Mumbai','India',NULL,'400004',NULL,'Maharashtra','P00059'),(60,'Shankar Bhuvan','1st x Khetwadi','P00060','Mumbai','India',NULL,'400004',NULL,'Maharashtra','P00060'),(61,'Shankar Bhuvan','1st x Khetwadi','P00061','Mumbai','India',NULL,'400004',NULL,'Maharashtra','P00061'),(62,'Shankar Bhuvan','1st x Khetwadi','P00062','Mumbai','India',NULL,'400004',NULL,'Maharashtra','P00062'),(63,'Silver Chawl','1st x Khetwadi','P00063','Mumbai','India',NULL,'400004',NULL,'Maharashtra','P00063'),(64,'Pandu Maharaj Chawl','5th Falkland Rd','P00064','Mumbai','India',NULL,'400004',NULL,'Maharashtra','P00064'),(65,'Pandu Maharaj Chawl','5th Falkland Rd','P00065','Mumbai','India',NULL,'400004',NULL,'Maharashtra','P00065'),(66,'Pandu Maharaj Chawl','5th Falkland Rd','P00066','Mumbai','India',NULL,'400004',NULL,'Maharashtra','P00066'),(67,'Pandu Maharaj Chawl','5th Falkland Rd','P00067','Mumbai','India',NULL,'400004',NULL,'Maharashtra','P00067'),(68,'Pandu Maharaj Chawl','5th Falkland Rd','P00068','Mumbai','India',NULL,'400004',NULL,'Maharashtra','P00068'),(69,'Pandu Maharaj Chawl','5th Falkland Rd','P00069','Mumbai','India',NULL,'400004',NULL,'Maharashtra','P00069'),(70,'Pandu Maharaj Chawl','5th Falkland Rd','P00070','Mumbai','India',NULL,'400004',NULL,'Maharashtra','P00070'),(71,'Pandu Maharaj Chawl','5th Falkland Rd','P00071','Mumbai','India',NULL,'400004',NULL,'Maharashtra','P00071'),(72,'Pandu Maharaj Chawl','5th Falkland Rd','P00072','Mumbai','India',NULL,'400004',NULL,'Maharashtra','P00072'),(73,'Pandu Maharaj Chawl','5th Falkland Rd','P00073','Mumbai','India',NULL,'400004',NULL,'Maharashtra','P00073'),(74,'Pandu Maharaj Chawl','5th Falkland Rd','P00074','Mumbai','India',NULL,'400004',NULL,'Maharashtra','P00074'),(75,'Pandu Maharaj Chawl','5th Falkland Rd','P00075','Mumbai','India',NULL,'400004',NULL,'Maharashtra','P00075'),(76,'Pandu Maharaj Chawl','5th Falkland Rd','P00076','Mumbai','India',NULL,'400004',NULL,'Maharashtra','P00076'),(77,'Pandu Maharaj Chawl','5th Falkland Rd','P00077','Mumbai','India',NULL,'400004',NULL,'Maharashtra','P00077'),(78,'Pandu Maharaj Chawl','5th Falkland Rd','P00078','Mumbai','India',NULL,'400004',NULL,'Maharashtra','P00078'),(79,'Pandu Maharaj Chawl','5th Falkland Rd','P00079','Mumbai','India',NULL,'400004',NULL,'Maharashtra','P00079'),(80,'Pandu Maharaj Chawl','5th Falkland Rd','P00080','Mumbai','India',NULL,'400004',NULL,'Maharashtra','P00080'),(81,'Pandu Maharaj Chawl','5th Falkland Rd','P00081','Mumbai','India',NULL,'400004',NULL,'Maharashtra','P00081'),(82,'Pandu Maharaj Chawl','5th Falkland Rd','P00082','Mumbai','India',NULL,'400004',NULL,'Maharashtra','P00082'),(83,'Pandu Maharaj Chawl','5th Falkland Rd','P00083','Mumbai','India',NULL,'400004',NULL,'Maharashtra','P00083'),(84,'Pandu Maharaj Chawl','5th Falkland Rd','P00084','Mumbai','India',NULL,'400004',NULL,'Maharashtra','P00084'),(85,'Pandu Maharaj Chawl','5th Falkland Rd','P00085','Mumbai','India',NULL,'400004',NULL,'Maharashtra','P00085'),(86,'Pandu Maharaj Chawl','5th Falkland Rd','P00086','Mumbai','India',NULL,'400004',NULL,'Maharashtra','P00086'),(87,'Pandu Maharaj Chawl','5th Falkland Rd','P00087','Mumbai','India',NULL,'400004',NULL,'Maharashtra','P00087'),(88,'Pandu Maharaj Chawl','5th Falkland Rd','P00088','Mumbai','India',NULL,'400004',NULL,'Maharashtra','P00088'),(89,'Pandu Maharaj Chawl','5th Falkland Rd','P00089','Mumbai','India',NULL,'400004',NULL,'Maharashtra','P00089'),(90,'Pandu Maharaj Chawl','5th Falkland Rd','P00090','Mumbai','India',NULL,'400004',NULL,'Maharashtra','P00090'),(91,'Pandu Maharaj Chawl','5th Falkland Rd','P00091','Mumbai','India',NULL,'400004',NULL,'Maharashtra','P00091'),(92,'Pandu Maharaj Chawl','5th Falkland Rd','P00092','Mumbai','India',NULL,'400004',NULL,'Maharashtra','P00092'),(93,'Pandu Maharaj Chawl','5th Falkland Rd','P00093','Mumbai','India',NULL,'400004',NULL,'Maharashtra','P00093'),(94,'Pandu Maharaj Chawl','5th Falkland Rd','P00094','Mumbai','India',NULL,'400004',NULL,'Maharashtra','P00094'),(95,'Pandu Maharaj Chawl','5th Falkland Rd','P00095','Mumbai','India',NULL,'400004',NULL,'Maharashtra','P00095'),(96,'Pandu Maharaj Chawl','5th Falkland Rd','P00096','Mumbai','India',NULL,'400004',NULL,'Maharashtra','P00096'),(97,'Pandu Maharaj Chawl','5th Falkland Rd','P00097','Mumbai','India',NULL,'400004',NULL,'Maharashtra','P00097'),(98,'Pandu Maharaj Chawl','5th Falkland Rd','P00098','Mumbai','India',NULL,'400004',NULL,'Maharashtra','P00098'),(99,'Pandu Maharaj Chawl','5th Falkland Rd','P00099','Mumbai','India',NULL,'400004',NULL,'Maharashtra','P00099'),(100,'Pandu Maharaj Chawl','5th Falkland Rd','P00100','Mumbai','India',NULL,'400004',NULL,'Maharashtra','P00100'),(101,'Pandu Maharaj Chawl','5th Falkland Rd','P00101','Mumbai','India',NULL,'400004',NULL,'Maharashtra','P00101'),(102,'Pandu Maharaj Chawl','5th Falkland Rd','P00102','Mumbai','India',NULL,'400004',NULL,'Maharashtra','P00102'),(103,'Pandu Maharaj Chawl','5th Falkland Rd','P00103','Mumbai','India',NULL,'400004',NULL,'Maharashtra','P00103'),(104,'Pandu Maharaj Chawl','5th Falkland Rd','P00104','Mumbai','India',NULL,'400004',NULL,'Maharashtra','P00104'),(105,'Pandu Maharaj Chawl','5th Falkland Rd','P00105','Mumbai','India',NULL,'400004',NULL,'Maharashtra','P00105'),(106,'Pandu Maharaj Chawl','5th Falkland Rd','P00106','Mumbai','India',NULL,'400004',NULL,'Maharashtra','P00106'),(107,'Pandu Maharaj Chawl','5th Falkland Rd','P00107','Mumbai','India',NULL,'400004',NULL,'Maharashtra','P00107'),(108,'Pandu Maharaj Chawl','5th Falkland Rd','P00108','Mumbai','India',NULL,'400004',NULL,'Maharashtra','P00108'),(109,'Pandu Maharaj Chawl','5th Falkland Rd','P00109','Mumbai','India',NULL,'400004',NULL,'Maharashtra','P00109'),(110,'Pandu Maharaj Chawl','5th Falkland Rd','P00110','Mumbai','India',NULL,'400004',NULL,'Maharashtra','P00110'),(111,'Allahrakha Bldg B','9th Khetwadi','P00111','Mumbai','India',NULL,'400004',NULL,'Maharashtra','P00111'),(112,'Krishna Nivas','9th Khetwadi','P00112','Mumbai','India',NULL,'400004',NULL,'Maharashtra','P00112'),(113,'Allahrakha Bldg B','9th Khetwadi','P00113','Mumbai','India',NULL,'400004',NULL,'Maharashtra','P00113'),(114,'Allahrakha Bldg B','9th Khetwadi','P00114','Mumbai','India',NULL,'400004',NULL,'Maharashtra','P00114'),(115,'Allahrakha Bldg B','9th Khetwadi','P00115','Mumbai','India',NULL,'400004',NULL,'Maharashtra','P00115'),(116,'Allahrakha Bldg B','9th Khetwadi','P00116','Mumbai','India',NULL,'400004',NULL,'Maharashtra','P00116'),(117,'Allahrakha Bldg B','9th Khetwadi','P00117','Mumbai','India',NULL,'400004',NULL,'Maharashtra','P00117'),(118,'Allahrakha Bldg B','9th Khetwadi','P00118','Mumbai','India',NULL,'400004',NULL,'Maharashtra','P00118'),(119,'Allahrakha Bldg B','9th Khetwadi','P00119','Mumbai','India',NULL,'400004',NULL,'Maharashtra','P00119'),(120,'Allahrakha Bldg B','9th Khetwadi','P00120','Mumbai','India',NULL,'400004',NULL,'Maharashtra','P00120'),(121,'Allahrakha Bldg B','9th Khetwadi','P00121','Mumbai','India',NULL,'400004',NULL,'Maharashtra','P00121'),(122,'Allahrakha Bldg B','9th Khetwadi','P00122','Mumbai','India',NULL,'400004',NULL,'Maharashtra','P00122'),(123,'Allahrakha Bldg B','9th Khetwadi','P00123','Mumbai','India',NULL,'400004',NULL,'Maharashtra','P00123'),(124,'Krishna Nivas','9th Khetwadi','P00124','Mumbai','India',NULL,'400004',NULL,'Maharashtra','P00124'),(125,'Gandhi Nivas','9th Khetwadi','P00125','Mumbai','India',NULL,'400004',NULL,'Maharashtra','P00125'),(126,'Allahrakha Bldg B','9th Khetwadi','P00126','Mumbai','India',NULL,'400004',NULL,'Maharashtra','P00126'),(127,'Allahrakha Bldg B','9th Khetwadi','P00127','Mumbai','India',NULL,'400004',NULL,'Maharashtra','P00127'),(128,'Allahrakha Bldg B','9th Khetwadi','P00128','Mumbai','India',NULL,'400004',NULL,'Maharashtra','P00128'),(129,'Allahrakha Bldg B','9th Khetwadi','P00129','Mumbai','India',NULL,'400004',NULL,'Maharashtra','P00129'),(130,'Allahrakha Bldg B','9th Khetwadi','P00130','Mumbai','India',NULL,'400004',NULL,'Maharashtra','P00130'),(131,'Allahrakha Bldg B','9th Khetwadi','P00131','Mumbai','India',NULL,'400004',NULL,'Maharashtra','P00131'),(132,'Allahrakha Bldg B','9th Khetwadi','P00132','Mumbai','India',NULL,'400004',NULL,'Maharashtra','P00132'),(133,'Allahrakha Bldg B','9th Khetwadi','P00133','Mumbai','India',NULL,'400004',NULL,'Maharashtra','P00133'),(134,'Allahrakha Bldg B','9th Khetwadi','P00134','Mumbai','India',NULL,'400004',NULL,'Maharashtra','P00134'),(135,'Allahrakha Bldg C','9th Khetwadi','P00135','Mumbai','India',NULL,'400004',NULL,'Maharashtra','P00135'),(136,'Allahrakha Bldg B','9th Khetwadi','P00136','Mumbai','India',NULL,'400004',NULL,'Maharashtra','P00136'),(137,'Allahrakha Bldg B','9th Khetwadi','P00137','Mumbai','India',NULL,'400004',NULL,'Maharashtra','P00137'),(138,'Krishna Nivas','9th Khetwadi','P00138','Mumbai','India',NULL,'400004',NULL,'Maharashtra','P00138'),(139,'Noorjahan Manzil','7th Falkland Rd','P00139','Mumbai','India',NULL,'400004',NULL,'Maharashtra','P00139'),(140,'Aruna Bldg','7th Falkland Rd','P00140','Mumbai','India',NULL,'400004',NULL,'Maharashtra','P00140'),(141,'Noorjahan Manzil','7th Falkland Rd','P00141','Mumbai','India',NULL,'400004',NULL,'Maharashtra','P00141'),(142,'Imran Manzil','7th Falkland Rd','P00142','Mumbai','India',NULL,'400004',NULL,'Maharashtra','P00142'),(143,'Noorjahan Manzil','7th Falkland Rd','P00143','Mumbai','India',NULL,'400004',NULL,'Maharashtra','P00143'),(144,'Aruna Bldg','7th Falkland Rd','P00144','Mumbai','India',NULL,'400004',NULL,'Maharashtra','P00144'),(145,'Aruna Bldg','7th Falkland Rd','P00145','Mumbai','India',NULL,'400004',NULL,'Maharashtra','P00145'),(146,'Ramjusheth Chawl','7th Falkland Rd','P00146','Mumbai','India',NULL,'400004',NULL,'Maharashtra','P00146'),(147,'Noorjahan Manzil','7th Falkland Rd','P00147','Mumbai','India',NULL,'400004',NULL,'Maharashtra','P00147'),(148,'Noorjahan Manzil','7th Falkland Rd','P00148','Mumbai','India',NULL,'400004',NULL,'Maharashtra','P00148'),(149,'Imran Manzil','7th Falkland Rd','P00149','Mumbai','India',NULL,'400004',NULL,'Maharashtra','P00149'),(150,'Noorjahan Manzil','7th Falkland Rd','P00150','Mumbai','India',NULL,'400004',NULL,'Maharashtra','P00150'),(151,'Aruna Bldg','7th Falkland Rd','P00151','Mumbai','India',NULL,'400004',NULL,'Maharashtra','P00151'),(152,'Ramjusheth Chawl','7th Falkland Rd','P00152','Mumbai','India',NULL,'400004',NULL,'Maharashtra','P00152'),(153,'Noorjahan Manzil','7th Falkland Rd','P00153','Mumbai','India',NULL,'400004',NULL,'Maharashtra','P00153'),(154,'Imran Manzil','7th Falkland Rd','P00154','Mumbai','India',NULL,'400004',NULL,'Maharashtra','P00154'),(155,'Imran Manzil','7th Falkland Rd','P00155','Mumbai','India',NULL,'400004',NULL,'Maharashtra','P00155'),(156,'Imran Manzil','7th Falkland Rd','P00156','Mumbai','India',NULL,'400004',NULL,'Maharashtra','P00156'),(157,'Aruna Bldg','7th Falkland Rd','P00157','Mumbai','India',NULL,'400004',NULL,'Maharashtra','P00157'),(158,'Noorjahan Manzil','7th Falkland Rd','P00158','Mumbai','India',NULL,'400004',NULL,'Maharashtra','P00158'),(159,'Maher Baksh Chawl','6th Falkland Rd','P00159','Mumbai','India',NULL,'400004',NULL,'Maharashtra','P00159'),(160,'Maher Baksh Chawl','6th Falkland Rd','P00160','Mumbai','India',NULL,'400004',NULL,'Maharashtra','P00160'),(161,'Singapore Bldg','6th Falkland Rd','P00161','Mumbai','India',NULL,'400004',NULL,'Maharashtra','P00161'),(162,'Pannalal Chawl','6th Falkland Rd','P00162','Mumbai','India',NULL,'400004',NULL,'Maharashtra','P00162'),(163,'Mahadev Dana Bldg','6th Falkland Rd','P00163','Mumbai','India',NULL,'400004',NULL,'Maharashtra','P00163'),(164,'Yakub Bldg B','6th Falkland Rd','P00164','Mumbai','India',NULL,'400004',NULL,'Maharashtra','P00164'),(165,'Pannalal Chawl','6th Falkland Rd','P00165','Mumbai','India',NULL,'400004',NULL,'Maharashtra','P00165'),(166,'Bartanwali Chawl','6th Falkland Rd','P00166','Mumbai','India',NULL,'400004',NULL,'Maharashtra','P00166'),(167,'Maher Baksh Chawl','6th Falkland Rd','P00167','Mumbai','India',NULL,'400004',NULL,'Maharashtra','P00167'),(168,'Pannalal Chawl','6th Falkland Rd','P00168','Mumbai','India',NULL,'400004',NULL,'Maharashtra','P00168'),(169,'Parvati Mansion','6th Falkland Rd','P00169','Mumbai','India',NULL,'400004',NULL,'Maharashtra','P00169'),(170,'Mahadev Dana Bldg','6th Falkland Rd','P00170','Mumbai','India',NULL,'400004',NULL,'Maharashtra','P00170'),(171,'Pannalal Chawl','6th Falkland Rd','P00171','Mumbai','India',NULL,'400004',NULL,'Maharashtra','P00171'),(172,'Samat Bldg','6th Falkland Rd','P00172','Mumbai','India',NULL,'400004',NULL,'Maharashtra','P00172'),(173,'Mahadev Dana Bldg','6th Falkland Rd','P00173','Mumbai','India',NULL,'400004',NULL,'Maharashtra','P00173'),(174,'Pannalal Chawl','6th Falkland Rd','P00174','Mumbai','India',NULL,'400004',NULL,'Maharashtra','P00174'),(175,'Maher Baksh Chawl','6th Falkland Rd','P00175','Mumbai','India',NULL,'400004',NULL,'Maharashtra','P00175'),(176,'Maher Baksh Chawl','6th Falkland Rd','P00176','Mumbai','India',NULL,'400004',NULL,'Maharashtra','P00176'),(177,'Mahadev Dana Bldg','6th Falkland Rd','P00177','Mumbai','India',NULL,'400004',NULL,'Maharashtra','P00177'),(178,'Pannalal Chawl','6th Falkland Rd','P00178','Mumbai','India',NULL,'400004',NULL,'Maharashtra','P00178'),(179,'Navnit Bhuvan','6th Falkland Rd','P00179','Mumbai','India',NULL,'400004',NULL,'Maharashtra','P00179'),(180,'Pannalal Chawl','6th Falkland Rd','P00180','Mumbai','India',NULL,'400004',NULL,'Maharashtra','P00180'),(181,'Bartanwali Chawl','6th Falkland Rd','P00181','Mumbai','India',NULL,'400004',NULL,'Maharashtra','P00181'),(182,'Parvati Mansion','6th Falkland Rd','P00182','Mumbai','India',NULL,'400004',NULL,'Maharashtra','P00182'),(183,'Navnit Bhuvan','6th Falkland Rd','P00183','Mumbai','India',NULL,'400004',NULL,'Maharashtra','P00183'),(184,'Yakub Bldg A','6th Falkland Rd','P00184','Mumbai','India',NULL,'400004',NULL,'Maharashtra','P00184'),(185,'Pannalal Chawl','6th Falkland Rd','P00185','Mumbai','India',NULL,'400004',NULL,'Maharashtra','P00185'),(186,'Bartanwali Chawl','6th Falkland Rd','P00186','Mumbai','India',NULL,'400004',NULL,'Maharashtra','P00186'),(187,'Maher Baksh Chawl','6th Falkland Rd','P00187','Mumbai','India',NULL,'400004',NULL,'Maharashtra','P00187'),(188,'Mahadev Dana Bldg','6th Falkland Rd','P00188','Mumbai','India',NULL,'400004',NULL,'Maharashtra','P00188'),(189,'Arif Manzil','6th Falkland Rd','P00189','Mumbai','India',NULL,'400004',NULL,'Maharashtra','P00189'),(190,'Navnit Bhuvan','6th Falkland Rd','P00190','Mumbai','India',NULL,'400004',NULL,'Maharashtra','P00190'),(191,'Navnit Bhuvan','6th Falkland Rd','P00191','Mumbai','India',NULL,'400004',NULL,'Maharashtra','P00191'),(192,'Navnit Bhuvan','6th Falkland Rd','P00192','Mumbai','India',NULL,'400004',NULL,'Maharashtra','P00192'),(193,'Pannalal Chawl','6th Falkland Rd','P00193','Mumbai','India',NULL,'400004',NULL,'Maharashtra','P00193'),(194,'Maher Baksh Chawl','6th Falkland Rd','P00194','Mumbai','India',NULL,'400004',NULL,'Maharashtra','P00194'),(195,'Arif Manzil','6th Falkland Rd','P00195','Mumbai','India',NULL,'400004',NULL,'Maharashtra','P00195'),(196,'Arif Manzil','6th Falkland Rd','P00196','Mumbai','India',NULL,'400004',NULL,'Maharashtra','P00196'),(197,'Singapore Bldg','6th Falkland Rd','P00197','Mumbai','India',NULL,'400004',NULL,'Maharashtra','P00197'),(198,'Navnit Bhuvan','6th Falkland Rd','P00198','Mumbai','India',NULL,'400004',NULL,'Maharashtra','P00198'),(199,'Maher Baksh Chawl','6th Falkland Rd','P00199','Mumbai','India',NULL,'400004',NULL,'Maharashtra','P00199'),(200,'Navnit Bhuvan','6th Falkland Rd','P00200','Mumbai','India',NULL,'400004',NULL,'Maharashtra','P00200'),(201,'Mahadev Dana Bldg','6th Falkland Rd','P00201','Mumbai','India',NULL,'400004',NULL,'Maharashtra','P00201'),(202,'Pannalal Chawl','6th Falkland Rd','P00202','Mumbai','India',NULL,'400004',NULL,'Maharashtra','P00202'),(203,'Parvati Mansion','6th Falkland Rd','P00203','Mumbai','India',NULL,'400004',NULL,'Maharashtra','P00203'),(204,'Pannalal Chawl','6th Falkland Rd','P00204','Mumbai','India',NULL,'400004',NULL,'Maharashtra','P00204'),(205,'Maher Baksh Chawl','6th Falkland Rd','P00205','Mumbai','India',NULL,'400004',NULL,'Maharashtra','P00205'),(206,'Pannalal Chawl','6th Falkland Rd','P00206','Mumbai','India',NULL,'400004',NULL,'Maharashtra','P00206'),(207,'Pannalal Chawl','6th Falkland Rd','P00207','Mumbai','India',NULL,'400004',NULL,'Maharashtra','P00207'),(208,'Pannalal Chawl','6th Falkland Rd','P00208','Mumbai','India',NULL,'400004',NULL,'Maharashtra','P00208'),(209,'Pannalal Chawl','6th Falkland Rd','P00209','Mumbai','India',NULL,'400004',NULL,'Maharashtra','P00209'),(210,'Parvati Mansion','6th Falkland Rd','P00210','Mumbai','India',NULL,'400004',NULL,'Maharashtra','P00210'),(211,'Pannalal Chawl','6th Falkland Rd','P00211','Mumbai','India',NULL,'400004',NULL,'Maharashtra','P00211'),(212,'Yakub Bldg A','6th Falkland Rd','P00212','Mumbai','India',NULL,'400004',NULL,'Maharashtra','P00212'),(213,'Yakub Bldg B','6th Falkland Rd','P00213','Mumbai','India',NULL,'400004',NULL,'Maharashtra','P00213'),(214,'Maher Baksh Chawl','6th Falkland Rd','P00214','Mumbai','India',NULL,'400004',NULL,'Maharashtra','P00214'),(215,'Maher Baksh Chawl','6th Falkland Rd','P00215','Mumbai','India',NULL,'400004',NULL,'Maharashtra','P00215'),(216,'Maher Baksh Chawl','6th Falkland Rd','P00216','Mumbai','India',NULL,'400004',NULL,'Maharashtra','P00216'),(217,'Maher Baksh Chawl','6th Falkland Rd','P00217','Mumbai','India',NULL,'400004',NULL,'Maharashtra','P00217'),(218,'Maher Baksh Chawl','6th Falkland Rd','P00218','Mumbai','India',NULL,'400004',NULL,'Maharashtra','P00218'),(219,'Maher Baksh Chawl','6th Falkland Rd','P00219','Mumbai','India',NULL,'400004',NULL,'Maharashtra','P00219'),(220,'Pannalal Chawl','6th Falkland Rd','P00220','Mumbai','India',NULL,'400004',NULL,'Maharashtra','P00220'),(221,'Pannalal Chawl','6th Falkland Rd','P00221','Mumbai','India',NULL,'400004',NULL,'Maharashtra','P00221'),(222,'Pannalal Chawl','6th Falkland Rd','P00222','Mumbai','India',NULL,'400004',NULL,'Maharashtra','P00222'),(223,'Mahada Bldg','6th Falkland Rd','P00223','Mumbai','India',NULL,'400004',NULL,'Maharashtra','P00223'),(224,'Mahadev Dana Bldg','6th Falkland Rd','P00224','Mumbai','India',NULL,'400004',NULL,'Maharashtra','P00224'),(225,'Mahadev Dana Bldg','6th Falkland Rd','P00225','Mumbai','India',NULL,'400004',NULL,'Maharashtra','P00225'),(226,'Mahadev Dana Bldg','6th Falkland Rd','P00226','Mumbai','India',NULL,'400004',NULL,'Maharashtra','P00226'),(227,'Mahadev Dana Bldg','6th Falkland Rd','P00227','Mumbai','India',NULL,'400004',NULL,'Maharashtra','P00227'),(228,'Mahadev Dana Bldg','6th Falkland Rd','P00228','Mumbai','India',NULL,'400004',NULL,'Maharashtra','P00228'),(229,'Mahadev Dana Bldg','6th Falkland Rd','P00229','Mumbai','India',NULL,'400004',NULL,'Maharashtra','P00229'),(230,'Mahadev Dana Bldg','6th Falkland Rd','P00230','Mumbai','India',NULL,'400004',NULL,'Maharashtra','P00230'),(231,'Samat Bldg','6th Falkland Rd','P00231','Mumbai','India',NULL,'400004',NULL,'Maharashtra','P00231'),(232,'Samat Bldg','6th Falkland Rd','P00232','Mumbai','India',NULL,'400004',NULL,'Maharashtra','P00232'),(233,'Bartanwali Chawl','6th Falkland Rd','P00233','Mumbai','India',NULL,'400004',NULL,'Maharashtra','P00233'),(234,'Bartanwali Chawl','6th Falkland Rd','P00234','Mumbai','India',NULL,'400004',NULL,'Maharashtra','P00234'),(235,'Bartanwali Chawl','6th Falkland Rd','P00235','Mumbai','India',NULL,'400004',NULL,'Maharashtra','P00235'),(236,'Navnit Bhuvan','6th Falkland Rd','P00236','Mumbai','India',NULL,'400004',NULL,'Maharashtra','P00236'),(237,'Navnit Bhuvan','6th Falkland Rd','P00237','Mumbai','India',NULL,'400004',NULL,'Maharashtra','P00237'),(238,'Maher Baksh Chawl','6th Falkland Rd','P00238','Mumbai','India',NULL,'400004',NULL,'Maharashtra','P00238'),(239,'Arif Manzil','6th Falkland Rd','P00239','Mumbai','India',NULL,'400004',NULL,'Maharashtra','P00239'),(240,'Samat Bldg','6th Falkland Rd','P00240','Mumbai','India',NULL,'400004',NULL,'Maharashtra','P00240'),(241,'Yakub Bldg A','6th Falkland Rd','P00241','Mumbai','India',NULL,'400004',NULL,'Maharashtra','P00241'),(242,'Parvati Mansion','6th Falkland Rd','P00242','Mumbai','India',NULL,'400004',NULL,'Maharashtra','P00242'),(243,'Arab Chawl','2nd x Khetwadi','P00243','Mumbai','India',NULL,'400004',NULL,'Maharashtra','P00243'),(244,'Mustafa Bldg','2nd x Khetwadi','P00244','Mumbai','India',NULL,'400004',NULL,'Maharashtra','P00244'),(245,'Tabela Chawl','2nd x Khetwadi','P00245','Mumbai','India',NULL,'400004',NULL,'Maharashtra','P00245'),(246,'Lambi Chawl','2nd x Khetwadi','P00246','Mumbai','India',NULL,'400004',NULL,'Maharashtra','P00246'),(247,'Arab Chawl','2nd x Khetwadi','P00247','Mumbai','India',NULL,'400004',NULL,'Maharashtra','P00247'),(248,'Patrawala Chawl','2nd x Khetwadi','P00248','Mumbai','India',NULL,'400004',NULL,'Maharashtra','P00248'),(249,'Lambi Chawl','2nd x Khetwadi','P00249','Mumbai','India',NULL,'400004',NULL,'Maharashtra','P00249'),(250,'Tabela Chawl','2nd x Khetwadi','P00250','Mumbai','India',NULL,'400004',NULL,'Maharashtra','P00250'),(251,'Arab Chawl','2nd x Khetwadi','P00251','Mumbai','India',NULL,'400004',NULL,'Maharashtra','P00251'),(252,'Tabela Chawl','2nd x Khetwadi','P00252','Mumbai','India',NULL,'400004',NULL,'Maharashtra','P00252'),(253,'Lambi Chawl','2nd x Khetwadi','P00253','Mumbai','India',NULL,'400004',NULL,'Maharashtra','P00253'),(254,'Lambi Chawl','2nd x Khetwadi','P00254','Mumbai','India',NULL,'400004',NULL,'Maharashtra','P00254'),(255,'Tabela Chawl','2nd x Khetwadi','P00255','Mumbai','India',NULL,'400004',NULL,'Maharashtra','P00255'),(256,'Arab Chawl','2nd x Khetwadi','P00256','Mumbai','India',NULL,'400004',NULL,'Maharashtra','P00256'),(257,'Lambi Chawl','2nd x Khetwadi','P00257','Mumbai','India',NULL,'400004',NULL,'Maharashtra','P00257'),(258,'Lambi Chawl','2nd x Khetwadi','P00258','Mumbai','India',NULL,'400004',NULL,'Maharashtra','P00258'),(259,'Tabela Chawl','2nd x Khetwadi','P00259','Mumbai','India',NULL,'400004',NULL,'Maharashtra','P00259'),(260,'Arab Chawl','2nd x Khetwadi','P00260','Mumbai','India',NULL,'400004',NULL,'Maharashtra','P00260'),(261,'Lambi Chawl','2nd x Khetwadi','P00261','Mumbai','India',NULL,'400004',NULL,'Maharashtra','P00261'),(262,'Lambi Chawl','2nd x Khetwadi','P00262','Mumbai','India',NULL,'400004',NULL,'Maharashtra','P00262'),(263,'Mustafa Bldg','2nd x Khetwadi','P00263','Mumbai','India',NULL,'400004',NULL,'Maharashtra','P00263'),(264,'Patrawala Chawl','2nd x Khetwadi','P00264','Mumbai','India',NULL,'400004',NULL,'Maharashtra','P00264'),(265,'Lambi Chawl','2nd x Khetwadi','P00265','Mumbai','India',NULL,'400004',NULL,'Maharashtra','P00265'),(266,'Lambi Chawl','2nd x Khetwadi','P00266','Mumbai','India',NULL,'400004',NULL,'Maharashtra','P00266'),(267,'Patrawala Chawl','2nd x Khetwadi','P00267','Mumbai','India',NULL,'400004',NULL,'Maharashtra','P00267'),(268,'Lambi Chawl','2nd x Khetwadi','P00268','Mumbai','India',NULL,'400004',NULL,'Maharashtra','P00268'),(269,'Tabela Chawl','2nd x Khetwadi','P00269','Mumbai','India',NULL,'400004',NULL,'Maharashtra','P00269'),(270,'Palember Chawl','4th x Khetwadi','P00270','Mumbai','India',NULL,'400004',NULL,'Maharashtra','P00270'),(271,'Masjid Bldg','4th x Khetwadi','P00271','Mumbai','India',NULL,'400004',NULL,'Maharashtra','P00271'),(272,'Tera Kantewla Bldg','4th x Khetwadi','P00272','Mumbai','India',NULL,'400004',NULL,'Maharashtra','P00272'),(273,'Masjid Bldg','4th x Khetwadi','P00273','Mumbai','India',NULL,'400004',NULL,'Maharashtra','P00273'),(274,'Masjid Bldg','4th x Khetwadi','P00274','Mumbai','India',NULL,'400004',NULL,'Maharashtra','P00274'),(275,'Masjid Bldg','4th x Khetwadi','P00275','Mumbai','India',NULL,'400004',NULL,'Maharashtra','P00275'),(276,'Masjid Bldg','4th x Khetwadi','P00276','Mumbai','India',NULL,'400004',NULL,'Maharashtra','P00276'),(277,'Palember Chawl','4th x Khetwadi','P00277','Mumbai','India',NULL,'400004',NULL,'Maharashtra','P00277'),(278,'Masjid Bldg','4th x Khetwadi','P00278','Mumbai','India',NULL,'400004',NULL,'Maharashtra','P00278'),(279,'Masjid Bldg','4th x Khetwadi','P00279','Mumbai','India',NULL,'400004',NULL,'Maharashtra','P00279'),(280,'Palember Chawl','4th x Khetwadi','P00280','Mumbai','India',NULL,'400004',NULL,'Maharashtra','P00280'),(281,'Shankar Marwadi Chawl 1','4th x Khetwadi','P00281','Mumbai','India',NULL,'400004',NULL,'Maharashtra','P00281'),(282,'Tera Kantewla Bldg','4th x Khetwadi','P00282','Mumbai','India',NULL,'400004',NULL,'Maharashtra','P00282'),(283,'Tera Kantewla Bldg','4th x Khetwadi','P00283','Mumbai','India',NULL,'400004',NULL,'Maharashtra','P00283'),(284,'Shankar Marwadi Chawl 2','4th x Khetwadi','P00284','Mumbai','India',NULL,'400004',NULL,'Maharashtra','P00284'),(285,'Shankar Marwadi Chawl 1','4th x Khetwadi','P00285','Mumbai','India',NULL,'400004',NULL,'Maharashtra','P00285'),(286,'Tera Kantewla Bldg','4th x Khetwadi','P00286','Mumbai','India',NULL,'400004',NULL,'Maharashtra','P00286'),(287,'Tera Kantewla Bldg','4th x Khetwadi','P00287','Mumbai','India',NULL,'400004',NULL,'Maharashtra','P00287'),(288,'Palember Chawl','4th x Khetwadi','P00288','Mumbai','India',NULL,'400004',NULL,'Maharashtra','P00288'),(289,'Palember Chawl','4th x Khetwadi','P00289','Mumbai','India',NULL,'400004',NULL,'Maharashtra','P00289'),(290,'Masjid Bldg','4th x Khetwadi','P00290','Mumbai','India',NULL,'400004',NULL,'Maharashtra','P00290'),(291,'Masjid Bldg','4th x Khetwadi','P00291','Mumbai','India',NULL,'400004',NULL,'Maharashtra','P00291'),(292,'Shankar Marwadi Chawl 1','4th x Khetwadi','P00292','Mumbai','India',NULL,'400004',NULL,'Maharashtra','P00292'),(293,'Masjid Bldg','4th x Khetwadi','P00293','Mumbai','India',NULL,'400004',NULL,'Maharashtra','P00293'),(294,'Shankar Marwadi Chawl 2','4th x Khetwadi','P00294','Mumbai','India',NULL,'400004',NULL,'Maharashtra','P00294'),(295,'Iswar Bhuvan','4th x Khetwadi','P00295','Mumbai','India',NULL,'400004',NULL,'Maharashtra','P00295'),(296,'Masjid Bldg','4th x Khetwadi','P00296','Mumbai','India',NULL,'400004',NULL,'Maharashtra','P00296'),(297,'Palember Chawl','4th x Khetwadi','P00297','Mumbai','India',NULL,'400004',NULL,'Maharashtra','P00297'),(298,'Palember Chawl','4th x Khetwadi','P00298','Mumbai','India',NULL,'400004',NULL,'Maharashtra','P00298'),(299,'Palember Chawl','4th x Khetwadi','P00299','Mumbai','India',NULL,'400004',NULL,'Maharashtra','P00299'),(300,'Palember Chawl','4th x Khetwadi','P00300','Mumbai','India',NULL,'400004',NULL,'Maharashtra','P00300'),(301,'Palember Chawl','4th x Khetwadi','P00301','Mumbai','India',NULL,'400004',NULL,'Maharashtra','P00301'),(302,'Shankar Marwadi Chawl 2','4th x Khetwadi','P00302','Mumbai','India',NULL,'400004',NULL,'Maharashtra','P00302'),(303,'Masjid Bldg','4th x Khetwadi','P00303','Mumbai','India',NULL,'400004',NULL,'Maharashtra','P00303'),(304,'Shankar Marwadi Chawl 2','4th x Khetwadi','P00304','Mumbai','India',NULL,'400004',NULL,'Maharashtra','P00304'),(305,'Tera Kantewla Bldg','4th x Khetwadi','P00305','Mumbai','India',NULL,'400004',NULL,'Maharashtra','P00305'),(306,'Masjid Bldg','4th x Khetwadi','P00306','Mumbai','India',NULL,'400004',NULL,'Maharashtra','P00306'),(307,'Shankar Marwadi Chawl 2','4th x Khetwadi','P00307','Mumbai','India',NULL,'400004',NULL,'Maharashtra','P00307'),(308,'Shankar Marwadi Chawl 2','4th x Khetwadi','P00308','Mumbai','India',NULL,'400004',NULL,'Maharashtra','P00308'),(309,'Masjid Bldg','4th x Khetwadi','P00309','Mumbai','India',NULL,'400004',NULL,'Maharashtra','P00309'),(310,'Masjid Bldg','4th x Khetwadi','P00310','Mumbai','India',NULL,'400004',NULL,'Maharashtra','P00310'),(311,'Vaibhav Bldg','3rd x Khetwadi','P00311','Mumbai','India',NULL,'400004',NULL,'Maharashtra','P00311'),(312,'Khatiza Mistry Chawl','3rd x Khetwadi','P00312','Mumbai','India',NULL,'400004',NULL,'Maharashtra','P00312'),(313,'Vaibhav Bldg','3rd x Khetwadi','P00313','Mumbai','India',NULL,'400004',NULL,'Maharashtra','P00313'),(314,'Manibai Bldg','3rd x Khetwadi','P00314','Mumbai','India',NULL,'400004',NULL,'Maharashtra','P00314'),(315,'Vaibhav Bldg','3rd x Khetwadi','P00315','Mumbai','India',NULL,'400004',NULL,'Maharashtra','P00315'),(316,'Vaibhav Bldg','3rd x Khetwadi','P00316','Mumbai','India',NULL,'400004',NULL,'Maharashtra','P00316'),(317,'Manibai Bldg','3rd x Khetwadi','P00317','Mumbai','India',NULL,'400004',NULL,'Maharashtra','P00317'),(318,'Vaibhav Bldg','3rd x Khetwadi','P00318','Mumbai','India',NULL,'400004',NULL,'Maharashtra','P00318'),(319,'Vaibhav Bldg','3rd x Khetwadi','P00319','Mumbai','India',NULL,'400004',NULL,'Maharashtra','P00319'),(320,'Khatiza Mistry Chawl','3rd x Khetwadi','P00320','Mumbai','India',NULL,'400004',NULL,'Maharashtra','P00320'),(321,'Vaibhav Bldg','3rd x Khetwadi','P00321','Mumbai','India',NULL,'400004',NULL,'Maharashtra','P00321'),(322,'Vaibhav Bldg','3rd x Khetwadi','P00322','Mumbai','India',NULL,'400004',NULL,'Maharashtra','P00322'),(323,'Vaibhav Bldg','3rd x Khetwadi','P00323','Mumbai','India',NULL,'400004',NULL,'Maharashtra','P00323'),(324,'Vaibhav Bldg','3rd x Khetwadi','P00324','Mumbai','India',NULL,'400004',NULL,'Maharashtra','P00324'),(325,'Khatiza Mistry Chawl','3rd x Khetwadi','P00325','Mumbai','India',NULL,'400004',NULL,'Maharashtra','P00325'),(326,'Vaibhav Bldg','3rd x Khetwadi','P00326','Mumbai','India',NULL,'400004',NULL,'Maharashtra','P00326'),(327,'Vaibhav Bldg','3rd x Khetwadi','P00327','Mumbai','India',NULL,'400004',NULL,'Maharashtra','P00327'),(328,'Vaibhav Bldg','3rd x Khetwadi','P00328','Mumbai','India',NULL,'400004',NULL,'Maharashtra','P00328'),(329,'Khatiza Mistry Chawl','3rd x Khetwadi','P00329','Mumbai','India',NULL,'400004',NULL,'Maharashtra','P00329'),(330,'Vaibhav Bldg','3rd x Khetwadi','P00330','Mumbai','India',NULL,'400004',NULL,'Maharashtra','P00330'),(331,'Khatiza Mistry Chawl','3rd x Khetwadi','P00331','Mumbai','India',NULL,'400004',NULL,'Maharashtra','P00331'),(332,'Khatiza Mistry Chawl','3rd x Khetwadi','P00332','Mumbai','India',NULL,'400004',NULL,'Maharashtra','P00332'),(333,'Vaibhav Bldg','3rd x Khetwadi','P00333','Mumbai','India',NULL,'400004',NULL,'Maharashtra','P00333'),(334,'Vaibhav Bldg','3rd x Khetwadi','P00334','Mumbai','India',NULL,'400004',NULL,'Maharashtra','P00334'),(335,'Vaibhav Bldg','3rd x Khetwadi','P00335','Mumbai','India',NULL,'400004',NULL,'Maharashtra','P00335'),(336,'Khatiza Mistry Chawl','3rd x Khetwadi','P00336','Mumbai','India',NULL,'400004',NULL,'Maharashtra','P00336'),(337,'Vaibhav Bldg','3rd x Khetwadi','P00337','Mumbai','India',NULL,'400004',NULL,'Maharashtra','P00337'),(338,'Khatiza Mistry Chawl','3rd x Khetwadi','P00338','Mumbai','India',NULL,'400004',NULL,'Maharashtra','P00338'),(339,'Banubai Chawl','3rd x Khetwadi','P00339','Mumbai','India',NULL,'400004',NULL,'Maharashtra','P00339'),(340,'Vaibhav Bldg','3rd x Khetwadi','P00340','Mumbai','India',NULL,'400004',NULL,'Maharashtra','P00340'),(341,'Vaibhav Bldg','3rd x Khetwadi','P00341','Mumbai','India',NULL,'400004',NULL,'Maharashtra','P00341'),(342,'Vaibhav Bldg','3rd x Khetwadi','P00342','Mumbai','India',NULL,'400004',NULL,'Maharashtra','P00342'),(343,'Manibai Bldg','3rd x Khetwadi','P00343','Mumbai','India',NULL,'400004',NULL,'Maharashtra','P00343'),(344,'Khatiza Mistry Chawl','3rd x Khetwadi','P00344','Mumbai','India',NULL,'400004',NULL,'Maharashtra','P00344'),(345,'Vaibhav Bldg','3rd x Khetwadi','P00345','Mumbai','India',NULL,'400004',NULL,'Maharashtra','P00345'),(346,'Vaibhav Bldg','3rd x Khetwadi','P00346','Mumbai','India',NULL,'400004',NULL,'Maharashtra','P00346'),(347,'Vaibhav Bldg','3rd x Khetwadi','P00347','Mumbai','India',NULL,'400004',NULL,'Maharashtra','P00347'),(348,'Vaibhav Bldg','3rd x Khetwadi','P00348','Mumbai','India',NULL,'400004',NULL,'Maharashtra','P00348'),(349,'Khatiza Mistry Chawl','3rd x Khetwadi','P00349','Mumbai','India',NULL,'400004',NULL,'Maharashtra','P00349'),(350,'Vaibhav Bldg','3rd x Khetwadi','P00350','Mumbai','India',NULL,'400004',NULL,'Maharashtra','P00350'),(351,'Khatiza Mistry Chawl','3rd x Khetwadi','P00351','Mumbai','India',NULL,'400004',NULL,'Maharashtra','P00351'),(352,'Vaibhav Bldg','3rd x Khetwadi','P00352','Mumbai','India',NULL,'400004',NULL,'Maharashtra','P00352'),(353,'Vaibhav Bldg','3rd x Khetwadi','P00353','Mumbai','India',NULL,'400004',NULL,'Maharashtra','P00353'),(354,'Khatiza Mistry Chawl','3rd x Khetwadi','P00354','Mumbai','India',NULL,'400004',NULL,'Maharashtra','P00354'),(355,'Vaibhav Bldg','3rd x Khetwadi','P00355','Mumbai','India',NULL,'400004',NULL,'Maharashtra','P00355'),(356,'Khatiza Mistry Chawl','3rd x Khetwadi','P00356','Mumbai','India',NULL,'400004',NULL,'Maharashtra','P00356'),(357,'Tera katewala Bldg','4th X Khetwadi','P00357','Mumbai','India',NULL,'400004',NULL,'Maharashtra','P00357'),(358,'Haji Allahrakha Bldg \'B\'','9th Khetwadi','P00358','Mumbai','India',NULL,'400004',NULL,'Maharashtra','P00358'),(359,'Pandu Maharaj Chawl \'A\'','5th Falkland Road','P00359','Mumbai','India',NULL,'400004',NULL,'Maharashtra','P00359'),(360,'Pandu Maharaj Chawl \'A\'','5th Falkland Road','P00360','Mumbai','India',NULL,'400004',NULL,'Maharashtra','P00360'),(361,'Meher Baksh Bldg','6th Falkland Road','P00361','Mumbai','India',NULL,'400004',NULL,'Maharashtra','P00361'),(362,'Arab Chawl','2nd X Khetwadi','P00362','Mumbai','India',NULL,'400004',NULL,'Maharashtra','P00362'),(363,'Pandu Maharaj Chawl \'A\'','5th Falkland Road','P00363','Mumbai','India',NULL,'400004',NULL,'Maharashtra','P00363'),(364,'Shankar Bhuvan','1st Falkland Road','P00364','Mumbai','India',NULL,'400004',NULL,'Maharashtra','P00364'),(365,'Haji Allahrakha Bldg \'B\'','9th Khetwadi','P00365','Mumbai','India',NULL,'400004',NULL,'Maharashtra','P00365'),(366,'Vaibhav Building','3rd X Khetwadi','P00366','Mumbai','India',NULL,'400004',NULL,'Maharashtra','P00366'),(367,'Shankar Bhuvan','1st X Khetwadi','P00367','Mumbai','India',NULL,'400004',NULL,'Maharashtra','P00367'),(368,'Masjid Building','4th X Khetwadi','P00368','Mumbai','India',NULL,'400004',NULL,'Maharashtra','P00368'),(369,'Mahadev Dana Building','6th Falkland Road','P00369','Mumbai','India',NULL,'400004',NULL,'Maharashtra','P00369'),(370,'Vaibhav Building','3rd X Khetwadi','P00370','Mumbai','India',NULL,'400004',NULL,'Maharashtra','P00370'),(371,'Meher Baksh Bldg','6th Falkland Road','P00371','Mumbai','India',NULL,'400004',NULL,'Maharashtra','P00371'),(372,'Arab Chawl','2nd X Khetwadi','P00372','Mumbai','India',NULL,'400004',NULL,'Maharashtra','P00372'),(373,'Mahadev Dana Building','6th Falkland Road','P00373','Mumbai','India',NULL,'400004',NULL,'Maharashtra','P00373'),(374,'Masjid Building','4th X Khetwadi','P00374','Mumbai','India',NULL,'400004',NULL,'Maharashtra','P00374'),(375,'Shankar Marwadi Chawl','4th X Khetwadi','P00375','Mumbai','India',NULL,'400004',NULL,'Maharashtra','P00375'),(376,'Khatiza Mistry Chawl','3rd X Khetwadi','P00376','Mumbai','India',NULL,'400004',NULL,'Maharashtra','P00376'),(377,'Pandu Maharaj Chawl \'A\'','5th Falkland Road','P00377','Mumbai','India',NULL,'400004',NULL,'Maharashtra','P00377'),(378,'Lambi Chawl','2nd X Khetwadi','P00378','Mumbai','India',NULL,'400004',NULL,'Maharashtra','P00378'),(379,'Pandu Maharaj Chawl \'A\'','5th Falkland Road','P00379','Mumbai','India',NULL,'400004',NULL,'Maharashtra','P00379'),(380,'Pandu Maharaj Chawl \'A\'','5th Falkland Road','P00380','Mumbai','India',NULL,'400004',NULL,'Maharashtra','P00380'),(381,'Pandu Maharaj Chawl \'A\'','5th Falkland Road','P00381','Mumbai','India',NULL,'400004',NULL,'Maharashtra','P00381'),(382,'Palember Chawl','4th X Khetwadi','P00382','Mumbai','India',NULL,'400004',NULL,'Maharashtra','P00382'),(383,'Lambi Chawl','2nd X Khetwadi','P00383','Mumbai','India',NULL,'400004',NULL,'Maharashtra','P00383'),(384,'Bartanwali Chawl','6th Falkland Road','P00384','Mumbai','India',NULL,'400004',NULL,'Maharashtra','P00384'),(385,'Pannalal Chawl','6th Falkland Road','P00385','Mumbai','India',NULL,'400004',NULL,'Maharashtra','P00385'),(386,'Pandu Maharaj Chawl \'A\'','5th Falkland Road','P00386','Mumbai','India',NULL,'400004',NULL,'Maharashtra','P00386'),(387,'Pandu Maharaj Chawl \'A\'','5th Falkland Road','P00387','Mumbai','India',NULL,'400004',NULL,'Maharashtra','P00387'),(388,'Pannalal Chawl','6th Falkland Road','P00388','Mumbai','India',NULL,'400004',NULL,'Maharashtra','P00388'),(389,'Pandu Maharaj Chawl \'A\'','5th Falkland Road','P00389','Mumbai','India',NULL,'400004',NULL,'Maharashtra','P00389'),(390,'Shankar Bhuvan','1st X Khetwadi','P00390','Mumbai','India',NULL,'400004',NULL,'Maharashtra','P00390'),(391,'Shankar Bhuvan','1st X Khetwadi','P00391','Mumbai','India',NULL,'400004',NULL,'Maharashtra','P00391'),(392,'Shankar Marwadi Chawl','4th X Khetwadi','P00392','Mumbai','India',NULL,'400004',NULL,'Maharashtra','P00392'),(393,'Mahadev Dana Building','6th Falkland Road','P00393','Mumbai','India',NULL,'400004',NULL,'Maharashtra','P00393'),(394,'Vaibhav Building','3rd X Khetwadi','P00394','Mumbai','India',NULL,'400004',NULL,'Maharashtra','P00394'),(395,'Meher Baksh Bldg','6th Falkland Road','P00395','Mumbai','India',NULL,'400004',NULL,'Maharashtra','P00395'),(396,'Pandu Maharaj Chawl \'A\'','5th Falkland Road','P00396','Mumbai','India',NULL,'400004',NULL,'Maharashtra','P00396'),(397,'Yakub Bldg','6th Falkland Road','P00397','Mumbai','India',NULL,'400004',NULL,'Maharashtra','P00397');
/*!40000 ALTER TABLE `ab_address_book` ENABLE KEYS */;
UNLOCK TABLES;

--
-- Table structure for table `ad_sequence`
--

DROP TABLE IF EXISTS `ad_sequence`;
/*!40101 SET @saved_cs_client     = @@character_set_client */;
/*!40101 SET character_set_client = utf8 */;
CREATE TABLE `ad_sequence` (
  `ad_sequence_name` varchar(255) NOT NULL,
  `ad_sequence_prefix` varchar(255) DEFAULT NULL,
  `ad_sequence_value` int(11) NOT NULL,
  PRIMARY KEY (`ad_sequence_name`),
  UNIQUE KEY `ad_sequence_name` (`ad_sequence_name`)
) ENGINE=InnoDB DEFAULT CHARSET=latin1;
/*!40101 SET character_set_client = @saved_cs_client */;

--
-- Dumping data for table `ad_sequence`
--

LOCK TABLES `ad_sequence` WRITE;
/*!40000 ALTER TABLE `ad_sequence` DISABLE KEYS */;
INSERT INTO `ad_sequence` VALUES ('Contract','CN',200),('Order','ORD',597),('Payment','PMT',597),('Person','PRT',200);
/*!40000 ALTER TABLE `ad_sequence` ENABLE KEYS */;
UNLOCK TABLES;

--
-- Table structure for table `ad_table_sequences`
--

DROP TABLE IF EXISTS `ad_table_sequences`;
/*!40101 SET @saved_cs_client     = @@character_set_client */;
/*!40101 SET character_set_client = utf8 */;
CREATE TABLE `ad_table_sequences` (
  `TS_SEQUENCE_NAME` varchar(255) DEFAULT NULL,
  `TS_SEQUENCE_VALUE` int(11) DEFAULT NULL
) ENGINE=InnoDB DEFAULT CHARSET=latin1;
/*!40101 SET character_set_client = @saved_cs_client */;

--
-- Dumping data for table `ad_table_sequences`
--

LOCK TABLES `ad_table_sequences` WRITE;
/*!40000 ALTER TABLE `ad_table_sequences` DISABLE KEYS */;
INSERT INTO `ad_table_sequences` VALUES ('fm_order_header',398),('fm_order_item',398),('fm_payment',398);
/*!40000 ALTER TABLE `ad_table_sequences` ENABLE KEYS */;
UNLOCK TABLES;

--
-- Table structure for table `bl_billing_cycle`
--

DROP TABLE IF EXISTS `bl_billing_cycle`;
/*!40101 SET @saved_cs_client     = @@character_set_client */;
/*!40101 SET character_set_client = utf8 */;
CREATE TABLE `bl_billing_cycle` (
  `bc_billing_cycle_id` int(11) NOT NULL,
  `bc_from_date` date DEFAULT NULL,
  `bc_name` varchar(255) DEFAULT NULL,
  `bc_status_id` varchar(255) DEFAULT NULL,
  `bc_to_date` date DEFAULT NULL,
  PRIMARY KEY (`bc_billing_cycle_id`),
  UNIQUE KEY `bc_billing_cycle_id` (`bc_billing_cycle_id`)
) ENGINE=InnoDB DEFAULT CHARSET=latin1;
/*!40101 SET character_set_client = @saved_cs_client */;

--
-- Dumping data for table `bl_billing_cycle`
--

LOCK TABLES `bl_billing_cycle` WRITE;
/*!40000 ALTER TABLE `bl_billing_cycle` DISABLE KEYS */;
INSERT INTO `bl_billing_cycle` VALUES (1,'2012-06-01','201206','INVOICED-WAITING_FOR_PAYMENTS','2012-06-30');
/*!40000 ALTER TABLE `bl_billing_cycle` ENABLE KEYS */;
UNLOCK TABLES;

--
-- Table structure for table `bt_payment_upload`
--

DROP TABLE IF EXISTS `bt_payment_upload`;
/*!40101 SET @saved_cs_client     = @@character_set_client */;
/*!40101 SET character_set_client = utf8 */;
CREATE TABLE `bt_payment_upload` (
  `bt_payment_upload_id` int(11) NOT NULL,
  `bt_status_id` varchar(255) DEFAULT NULL,
  `bc_upload_timestamp` datetime DEFAULT NULL,
  PRIMARY KEY (`bt_payment_upload_id`),
  UNIQUE KEY `bt_payment_upload_id` (`bt_payment_upload_id`)
) ENGINE=InnoDB DEFAULT CHARSET=latin1;
/*!40101 SET character_set_client = @saved_cs_client */;

--
-- Dumping data for table `bt_payment_upload`
--

LOCK TABLES `bt_payment_upload` WRITE;
/*!40000 ALTER TABLE `bt_payment_upload` DISABLE KEYS */;
INSERT INTO `bt_payment_upload` VALUES (1,'UPLOADED','2012-08-06 00:00:00');
/*!40000 ALTER TABLE `bt_payment_upload` ENABLE KEYS */;
UNLOCK TABLES;

--
-- Table structure for table `bt_payment_upload_item`
--

DROP TABLE IF EXISTS `bt_payment_upload_item`;
/*!40101 SET @saved_cs_client     = @@character_set_client */;
/*!40101 SET character_set_client = utf8 */;
CREATE TABLE `bt_payment_upload_item` (
  `bt_payment_upload_item_id` int(11) NOT NULL,
  `bt_amount` decimal(19,2) DEFAULT NULL,
  `bt_billing_cycle` varchar(255) DEFAULT NULL,
  `bt_party_external_id` varchar(255) DEFAULT NULL,
  `bt_status_id` varchar(255) DEFAULT NULL,
  `bt_upload_item_timestamp` datetime DEFAULT NULL,
  `bt_bulk_payment_upload_id` int(11) DEFAULT NULL,
  PRIMARY KEY (`bt_payment_upload_item_id`),
  UNIQUE KEY `bt_payment_upload_item_id` (`bt_payment_upload_item_id`),
  KEY `FK7964B26B9EF0185A` (`bt_bulk_payment_upload_id`),
  CONSTRAINT `FK7964B26B9EF0185A` FOREIGN KEY (`bt_bulk_payment_upload_id`) REFERENCES `bt_payment_upload` (`bt_payment_upload_id`)
) ENGINE=InnoDB DEFAULT CHARSET=latin1;
/*!40101 SET character_set_client = @saved_cs_client */;

--
-- Dumping data for table `bt_payment_upload_item`
--

LOCK TABLES `bt_payment_upload_item` WRITE;
/*!40000 ALTER TABLE `bt_payment_upload_item` DISABLE KEYS */;
INSERT INTO `bt_payment_upload_item` VALUES (1,'550.00','201206','P00002','UPLOADED','2012-08-06 00:00:00',1),(2,'270.00','201206','P00004','UPLOADED','2012-08-07 00:00:00',1),(3,'275.00','201206','P00005','UPLOADED','2012-08-08 00:00:00',1),(4,'300.00','201206','P00006','UPLOADED','2012-08-09 00:00:00',1),(5,'275.00','201206','P00007','UPLOADED','2012-08-10 00:00:00',1),(6,'275.00','201206','P00009','UPLOADED','2012-08-11 00:00:00',1),(7,'275.00','201206','P00012','UPLOADED','2012-08-12 00:00:00',1),(8,'280.00','201206','P00014','UPLOADED','2012-08-13 00:00:00',1),(9,'300.00','201206','P00015','UPLOADED','2012-08-14 00:00:00',1),(10,'350.00','201206','P00016','UPLOADED','2012-08-15 00:00:00',1),(11,'550.00','201206','P00018','UPLOADED','2012-08-16 00:00:00',1),(12,'274.00','201206','P00024','UPLOADED','2012-08-17 00:00:00',1),(13,'275.00','201206','P00026','UPLOADED','2012-08-18 00:00:00',1),(14,'200.00','201206','P00027','UPLOADED','2012-08-19 00:00:00',1),(15,'275.00','201206','P00028','UPLOADED','2012-08-20 00:00:00',1),(16,'775.00','201206','P00030','UPLOADED','2012-08-21 00:00:00',1),(17,'275.00','201206','P00034','UPLOADED','2012-08-22 00:00:00',1),(18,'275.00','201206','P00035','UPLOADED','2012-08-23 00:00:00',1),(19,'275.00','201206','P00037','UPLOADED','2012-08-24 00:00:00',1),(20,'300.00','201206','P00038','UPLOADED','2012-08-25 00:00:00',1),(21,'250.00','201206','P00039','UPLOADED','2012-08-26 00:00:00',1),(22,'300.00','201206','P00040','UPLOADED','2012-08-27 00:00:00',1),(23,'300.00','201206','P00045','UPLOADED','2012-08-28 00:00:00',1),(24,'230.00','201206','P00047','UPLOADED','2012-08-29 00:00:00',1),(25,'275.00','201206','P00048','UPLOADED','2012-08-30 00:00:00',1),(26,'250.00','201206','P00051','UPLOADED','2012-08-31 00:00:00',1),(27,'270.00','201206','P00052','UPLOADED','2012-09-01 00:00:00',1),(28,'550.00','201206','P00053','UPLOADED','2012-09-02 00:00:00',1),(29,'250.00','201206','P00055','UPLOADED','2012-09-03 00:00:00',1),(30,'300.00','201206','P00056','UPLOADED','2012-09-04 00:00:00',1),(31,'250.00','201206','P00058','UPLOADED','2012-09-05 00:00:00',1),(32,'300.00','201206','P00059','UPLOADED','2012-09-06 00:00:00',1),(33,'200.00','201206','P00060','UPLOADED','2012-09-07 00:00:00',1),(34,'300.00','201206','P00062','UPLOADED','2012-09-08 00:00:00',1),(35,'270.00','201206','P00063','UPLOADED','2012-09-09 00:00:00',1),(36,'200.00','201206','P00064','UPLOADED','2012-09-10 00:00:00',1),(37,'275.00','201206','P00065','UPLOADED','2012-09-11 00:00:00',1),(38,'275.00','201206','P00066','UPLOADED','2012-09-12 00:00:00',1),(39,'275.00','201206','P00067','UPLOADED','2012-09-13 00:00:00',1),(40,'275.00','201206','P00068','UPLOADED','2012-09-14 00:00:00',1),(41,'275.00','201206','P00070','UPLOADED','2012-09-15 00:00:00',1),(42,'300.00','201206','P00071','UPLOADED','2012-09-16 00:00:00',1),(43,'300.00','201206','P00072','UPLOADED','2012-09-17 00:00:00',1),(44,'300.00','201206','P00076','UPLOADED','2012-09-18 00:00:00',1),(45,'300.00','201206','P00077','UPLOADED','2012-09-19 00:00:00',1),(46,'550.00','201206','P00078','UPLOADED','2012-09-20 00:00:00',1),(47,'250.00','201206','P00079','UPLOADED','2012-09-21 00:00:00',1),(48,'300.00','201206','P00080','UPLOADED','2012-09-22 00:00:00',1),(49,'270.00','201206','P00082','UPLOADED','2012-09-23 00:00:00',1),(50,'2075.00','201206','P00088','UPLOADED','2012-09-24 00:00:00',1),(51,'525.00','201206','P00090','UPLOADED','2012-09-25 00:00:00',1),(52,'275.00','201206','P00091','UPLOADED','2012-09-26 00:00:00',1),(53,'275.00','201206','P00095','UPLOADED','2012-09-27 00:00:00',1),(54,'250.00','201206','P00096','UPLOADED','2012-09-28 00:00:00',1),(55,'300.00','201206','P00097','UPLOADED','2012-09-29 00:00:00',1),(56,'250.00','201206','P00099','UPLOADED','2012-09-30 00:00:00',1),(57,'265.00','201206','P00100','UPLOADED','2012-10-01 00:00:00',1),(58,'500.00','201206','P00101','UPLOADED','2012-10-02 00:00:00',1),(59,'275.00','201206','P00103','UPLOADED','2012-10-03 00:00:00',1),(60,'225.00','201206','P00104','UPLOADED','2012-10-04 00:00:00',1),(61,'300.00','201206','P00105','UPLOADED','2012-10-05 00:00:00',1),(62,'275.00','201206','P00106','UPLOADED','2012-10-06 00:00:00',1),(63,'200.00','201206','P00108','UPLOADED','2012-10-07 00:00:00',1),(64,'325.00','201206','P00109','UPLOADED','2012-10-08 00:00:00',1),(65,'325.00','201206','P00110','UPLOADED','2012-10-09 00:00:00',1),(66,'225.00','201206','P00111','UPLOADED','2012-10-10 00:00:00',1),(67,'200.00','201206','P00112','UPLOADED','2012-10-11 00:00:00',1),(68,'275.00','201206','P00113','UPLOADED','2012-10-12 00:00:00',1),(69,'275.00','201206','P00118','UPLOADED','2012-10-13 00:00:00',1),(70,'250.00','201206','P00119','UPLOADED','2012-10-14 00:00:00',1),(71,'275.00','201206','P00123','UPLOADED','2012-10-15 00:00:00',1),(72,'270.00','201206','P00124','UPLOADED','2012-10-16 00:00:00',1),(73,'300.00','201206','P00125','UPLOADED','2012-10-17 00:00:00',1),(74,'275.00','201206','P00126','UPLOADED','2012-10-18 00:00:00',1),(75,'325.00','201206','P00127','UPLOADED','2012-10-19 00:00:00',1),(76,'250.00','201206','P00128','UPLOADED','2012-10-20 00:00:00',1),(77,'500.00','201206','P00129','UPLOADED','2012-10-21 00:00:00',1),(78,'275.00','201206','P00131','UPLOADED','2012-10-22 00:00:00',1),(79,'275.00','201206','P00132','UPLOADED','2012-10-23 00:00:00',1),(80,'270.00','201206','P00133','UPLOADED','2012-10-24 00:00:00',1),(81,'280.00','201206','P00134','UPLOADED','2012-10-25 00:00:00',1),(82,'275.00','201206','P00135','UPLOADED','2012-10-26 00:00:00',1),(83,'300.00','201206','P00136','UPLOADED','2012-10-27 00:00:00',1),(84,'300.00','201206','P00137','UPLOADED','2012-10-28 00:00:00',1),(85,'275.00','201206','P00138','UPLOADED','2012-10-29 00:00:00',1),(86,'275.00','201206','P00139','UPLOADED','2012-10-30 00:00:00',1),(87,'275.00','201206','P00141','UPLOADED','2012-10-31 00:00:00',1),(88,'275.00','201206','P00143','UPLOADED','2012-11-01 00:00:00',1),(89,'6650.00','201206','P00144','UPLOADED','2012-11-02 00:00:00',1),(90,'275.00','201206','P00145','UPLOADED','2012-11-03 00:00:00',1),(91,'275.00','201206','P00146','UPLOADED','2012-11-04 00:00:00',1),(92,'275.00','201206','P00150','UPLOADED','2012-11-05 00:00:00',1),(93,'275.00','201206','P00151','UPLOADED','2012-11-06 00:00:00',1),(94,'275.00','201206','P00152','UPLOADED','2012-11-07 00:00:00',1),(95,'250.00','201206','P00153','UPLOADED','2012-11-08 00:00:00',1),(96,'275.00','201206','P00154','UPLOADED','2012-11-09 00:00:00',1),(97,'350.00','201206','P00155','UPLOADED','2012-11-10 00:00:00',1),(98,'275.00','201206','P00156','UPLOADED','2012-11-11 00:00:00',1),(99,'450.00','201206','P00157','UPLOADED','2012-11-12 00:00:00',1),(100,'250.00','201206','P00158','UPLOADED','2012-11-13 00:00:00',1),(101,'275.00','201206','P00160','UPLOADED','2012-11-14 00:00:00',1),(102,'250.00','201206','P00162','UPLOADED','2012-11-15 00:00:00',1),(103,'300.00','201206','P00163','UPLOADED','2012-11-16 00:00:00',1),(104,'270.00','201206','P00167','UPLOADED','2012-11-17 00:00:00',1),(105,'300.00','201206','P00181','UPLOADED','2012-11-18 00:00:00',1),(106,'500.00','201206','P00188','UPLOADED','2012-11-19 00:00:00',1),(107,'300.00','201206','P00189','UPLOADED','2012-11-20 00:00:00',1),(108,'550.00','201206','P00190','UPLOADED','2012-11-21 00:00:00',1),(109,'275.00','201206','P00191','UPLOADED','2012-11-22 00:00:00',1),(110,'250.00','201206','P00193','UPLOADED','2012-11-23 00:00:00',1),(111,'275.00','201206','P00194','UPLOADED','2012-11-24 00:00:00',1),(112,'250.00','201206','P00195','UPLOADED','2012-11-25 00:00:00',1),(113,'280.00','201206','P00196','UPLOADED','2012-11-26 00:00:00',1),(114,'300.00','201206','P00198','UPLOADED','2012-11-27 00:00:00',1),(115,'275.00','201206','P00200','UPLOADED','2012-11-28 00:00:00',1),(116,'550.00','201206','P00201','UPLOADED','2012-11-29 00:00:00',1),(117,'275.00','201206','P00202','UPLOADED','2012-11-30 00:00:00',1),(118,'275.00','201206','P00204','UPLOADED','2012-12-01 00:00:00',1),(119,'275.00','201206','P00205','UPLOADED','2012-12-02 00:00:00',1),(120,'250.00','201206','P00211','UPLOADED','2012-12-03 00:00:00',1),(121,'275.00','201206','P00212','UPLOADED','2012-12-04 00:00:00',1),(122,'275.00','201206','P00213','UPLOADED','2012-12-05 00:00:00',1),(123,'250.00','201206','P00214','UPLOADED','2012-12-06 00:00:00',1),(124,'270.00','201206','P00217','UPLOADED','2012-12-07 00:00:00',1),(125,'-10.00','201206','P00218','UPLOADED','2012-12-08 00:00:00',1),(126,'300.00','201206','P00219','UPLOADED','2012-12-09 00:00:00',1),(127,'500.00','201206','P00220','UPLOADED','2012-12-10 00:00:00',1),(128,'320.00','201206','P00221','UPLOADED','2012-12-11 00:00:00',1),(129,'275.00','201206','P00222','UPLOADED','2012-12-12 00:00:00',1),(130,'300.00','201206','P00223','UPLOADED','2012-12-13 00:00:00',1),(131,'275.00','201206','P00224','UPLOADED','2012-12-14 00:00:00',1),(132,'275.00','201206','P00226','UPLOADED','2012-12-15 00:00:00',1),(133,'275.00','201206','P00227','UPLOADED','2012-12-16 00:00:00',1),(134,'250.00','201206','P00228','UPLOADED','2012-12-17 00:00:00',1),(135,'275.00','201206','P00229','UPLOADED','2012-12-18 00:00:00',1),(136,'800.00','201206','P00230','UPLOADED','2012-12-19 00:00:00',1),(137,'300.00','201206','P00231','UPLOADED','2012-12-20 00:00:00',1),(138,'825.00','201206','P00233','UPLOADED','2012-12-21 00:00:00',1),(139,'250.00','201206','P00234','UPLOADED','2012-12-22 00:00:00',1),(140,'550.00','201206','P00236','UPLOADED','2012-12-23 00:00:00',1),(141,'200.00','201206','P00238','UPLOADED','2012-12-24 00:00:00',1),(142,'275.00','201206','P00239','UPLOADED','2012-12-25 00:00:00',1),(143,'250.00','201206','P00240','UPLOADED','2012-12-26 00:00:00',1),(144,'300.00','201206','P00241','UPLOADED','2012-12-27 00:00:00',1),(145,'275.00','201206','P00242','UPLOADED','2012-12-28 00:00:00',1),(146,'300.00','201206','P00243','UPLOADED','2012-12-29 00:00:00',1),(147,'275.00','201206','P00244','UPLOADED','2012-12-30 00:00:00',1),(148,'275.00','201206','P00245','UPLOADED','2012-12-31 00:00:00',1),(149,'570.00','201206','P00246','UPLOADED','2013-01-01 00:00:00',1),(150,'275.00','201206','P00249','UPLOADED','2013-01-02 00:00:00',1),(151,'275.00','201206','P00254','UPLOADED','2013-01-03 00:00:00',1),(152,'275.00','201206','P00256','UPLOADED','2013-01-04 00:00:00',1),(153,'275.00','201206','P00257','UPLOADED','2013-01-05 00:00:00',1),(154,'550.00','201206','P00258','UPLOADED','2013-01-06 00:00:00',1),(155,'275.00','201206','P00259','UPLOADED','2013-01-07 00:00:00',1),(156,'225.00','201206','P00262','UPLOADED','2013-01-08 00:00:00',1),(157,'275.00','201206','P00265','UPLOADED','2013-01-09 00:00:00',1),(158,'275.00','201206','P00266','UPLOADED','2013-01-10 00:00:00',1),(159,'500.00','201206','P00267','UPLOADED','2013-01-11 00:00:00',1),(160,'275.00','201206','P00268','UPLOADED','2013-01-12 00:00:00',1),(161,'275.00','201206','P00269','UPLOADED','2013-01-13 00:00:00',1),(162,'500.00','201206','P00270','UPLOADED','2013-01-14 00:00:00',1),(163,'300.00','201206','P00271','UPLOADED','2013-01-15 00:00:00',1),(164,'275.00','201206','P00272','UPLOADED','2013-01-16 00:00:00',1),(165,'250.00','201206','P00273','UPLOADED','2013-01-17 00:00:00',1),(166,'500.00','201206','P00276','UPLOADED','2013-01-18 00:00:00',1),(167,'275.00','201206','P00277','UPLOADED','2013-01-19 00:00:00',1),(168,'525.00','201206','P00282','UPLOADED','2013-01-20 00:00:00',1),(169,'300.00','201206','P00284','UPLOADED','2013-01-21 00:00:00',1),(170,'500.00','201206','P00289','UPLOADED','2013-01-22 00:00:00',1),(171,'275.00','201206','P00290','UPLOADED','2013-01-23 00:00:00',1),(172,'275.00','201206','P00291','UPLOADED','2013-01-24 00:00:00',1),(173,'275.00','201206','P00292','UPLOADED','2013-01-25 00:00:00',1),(174,'500.00','201206','P00293','UPLOADED','2013-01-26 00:00:00',1),(175,'275.00','201206','P00295','UPLOADED','2013-01-27 00:00:00',1),(176,'300.00','201206','P00297','UPLOADED','2013-01-28 00:00:00',1),(177,'300.00','201206','P00299','UPLOADED','2013-01-29 00:00:00',1),(178,'550.00','201206','P00300','UPLOADED','2013-01-30 00:00:00',1),(179,'250.00','201206','P00301','UPLOADED','2013-01-31 00:00:00',1),(180,'275.00','201206','P00303','UPLOADED','2013-02-01 00:00:00',1),(181,'275.00','201206','P00304','UPLOADED','2013-02-02 00:00:00',1),(182,'300.00','201206','P00306','UPLOADED','2013-02-03 00:00:00',1),(183,'250.00','201206','P00309','UPLOADED','2013-02-04 00:00:00',1),(184,'275.00','201206','P00310','UPLOADED','2013-02-05 00:00:00',1),(185,'450.00','201206','P00311','UPLOADED','2013-02-06 00:00:00',1),(186,'275.00','201206','P00312','UPLOADED','2013-02-07 00:00:00',1),(187,'275.00','201206','P00313','UPLOADED','2013-02-08 00:00:00',1),(188,'275.00','201206','P00319','UPLOADED','2013-02-09 00:00:00',1),(189,'200.00','201206','P00323','UPLOADED','2013-02-10 00:00:00',1),(190,'300.00','201206','P00324','UPLOADED','2013-02-11 00:00:00',1),(191,'500.00','201206','P00325','UPLOADED','2013-02-12 00:00:00',1),(192,'250.00','201206','P00327','UPLOADED','2013-02-13 00:00:00',1),(193,'275.00','201206','P00328','UPLOADED','2013-02-14 00:00:00',1),(194,'325.00','201206','P00329','UPLOADED','2013-02-15 00:00:00',1),(195,'275.00','201206','P00332','UPLOADED','2013-02-16 00:00:00',1),(196,'75.00','201206','P00333','UPLOADED','2013-02-17 00:00:00',1),(197,'300.00','201206','P00335','UPLOADED','2013-02-18 00:00:00',1),(198,'275.00','201206','P00340','UPLOADED','2013-02-19 00:00:00',1),(199,'300.00','201206','P00342','UPLOADED','2013-02-20 00:00:00',1),(200,'300.00','201206','P00346','UPLOADED','2013-02-21 00:00:00',1),(201,'250.00','201206','P00348','UPLOADED','2013-02-22 00:00:00',1),(202,'275.00','201206','P00349','UPLOADED','2013-02-23 00:00:00',1),(203,'500.00','201206','P00350','UPLOADED','2013-02-24 00:00:00',1),(204,'550.00','201206','P00351','UPLOADED','2013-02-25 00:00:00',1),(205,'275.00','201206','P00352','UPLOADED','2013-02-26 00:00:00',1),(206,'275.00','201206','P00354','UPLOADED','2013-02-27 00:00:00',1),(207,'275.00','201206','P00355','UPLOADED','2013-02-28 00:00:00',1),(208,'275.00','201206','P00356','UPLOADED','2013-03-01 00:00:00',1);
/*!40000 ALTER TABLE `bt_payment_upload_item` ENABLE KEYS */;
UNLOCK TABLES;

--
-- Table structure for table `buyer_information`
--

DROP TABLE IF EXISTS `buyer_information`;
/*!40101 SET @saved_cs_client     = @@character_set_client */;
/*!40101 SET character_set_client = utf8 */;
CREATE TABLE `buyer_information` (
  `id` bigint(20) NOT NULL AUTO_INCREMENT,
  `version` bigint(20) NOT NULL,
  `address_confirmed` bit(1) NOT NULL,
  `city` varchar(255) DEFAULT NULL,
  `company_name` varchar(255) DEFAULT NULL,
  `country` varchar(255) DEFAULT NULL,
  `country_code` varchar(255) DEFAULT NULL,
  `email` varchar(255) DEFAULT NULL,
  `first_name` varchar(255) DEFAULT NULL,
  `last_name` varchar(255) DEFAULT NULL,
  `phone_number` varchar(255) DEFAULT NULL,
  `receiver_name` varchar(255) DEFAULT NULL,
  `state` varchar(255) DEFAULT NULL,
  `street` varchar(255) DEFAULT NULL,
  `unique_customer_id` varchar(255) DEFAULT NULL,
  `zip` varchar(255) DEFAULT NULL,
  PRIMARY KEY (`id`)
) ENGINE=InnoDB DEFAULT CHARSET=latin1;
/*!40101 SET character_set_client = @saved_cs_client */;

--
-- Dumping data for table `buyer_information`
--

LOCK TABLES `buyer_information` WRITE;
/*!40000 ALTER TABLE `buyer_information` DISABLE KEYS */;
/*!40000 ALTER TABLE `buyer_information` ENABLE KEYS */;
UNLOCK TABLES;

--
-- Table structure for table `cn_contract_header`
--

DROP TABLE IF EXISTS `cn_contract_header`;
/*!40101 SET @saved_cs_client     = @@character_set_client */;
/*!40101 SET character_set_client = utf8 */;
CREATE TABLE `cn_contract_header` (
  `ch_contract_id` int(11) NOT NULL,
  `ch_is_active` bit(1) DEFAULT NULL,
  `ch_ar_amount` decimal(19,2) DEFAULT NULL,
  `ch_contract_number` varchar(255) NOT NULL,
  `ch_from_date` date NOT NULL,
  `ch_order_recurrence` varchar(255) NOT NULL,
  `ch_party_external_id` varchar(255) NOT NULL,
  `ch_to_date` date DEFAULT NULL,
  PRIMARY KEY (`ch_contract_id`),
  UNIQUE KEY `ch_contract_id` (`ch_contract_id`),
  UNIQUE KEY `ch_contract_number` (`ch_contract_number`)
) ENGINE=InnoDB DEFAULT CHARSET=latin1;
/*!40101 SET character_set_client = @saved_cs_client */;

--
-- Dumping data for table `cn_contract_header`
--

LOCK TABLES `cn_contract_header` WRITE;
/*!40000 ALTER TABLE `cn_contract_header` DISABLE KEYS */;
INSERT INTO `cn_contract_header` VALUES (1,'','-2175.00','CN000001','2012-05-01','1','P00001','9999-12-31'),(2,'','6370.00','CN000002','2012-05-01','1','P00002','9999-12-31'),(3,'','825.00','CN000003','2012-05-01','1','P00003','9999-12-31'),(4,'','275.00','CN000004','2012-05-01','1','P00004','9999-12-31'),(5,'','-2175.00','CN000005','2012-05-01','1','P00005','9999-12-31'),(6,'','250.00','CN000006','2012-05-01','1','P00006','9999-12-31'),(7,'','275.00','CN000007','2012-05-01','1','P00007','9999-12-31'),(8,'','75.00','CN000008','2012-05-01','1','P00008','9999-12-31'),(9,'','8500.00','CN000009','2012-05-01','1','P00009','9999-12-31'),(10,'','225.00','CN000010','2012-05-01','1','P00010','9999-12-31'),(11,'','275.00','CN000011','2012-05-01','1','P00011','9999-12-31'),(12,'','275.00','CN000012','2012-05-01','1','P00012','9999-12-31'),(13,'','275.00','CN000013','2012-05-01','1','P00013','9999-12-31'),(14,'','275.00','CN000014','2012-05-01','1','P00014','9999-12-31'),(15,'','550.00','CN000015','2012-05-01','1','P00015','9999-12-31'),(16,'','575.00','CN000016','2012-05-01','1','P00016','9999-12-31'),(17,'','325.00','CN000017','2012-05-01','1','P00017','9999-12-31'),(18,'\0','1325.00','CN000018','2012-05-01','1','P00018','9999-12-31'),(19,'','1075.00','CN000019','2012-05-01','1','P00019','9999-12-31'),(20,'','1075.00','CN000020','2012-05-01','1','P00020','9999-12-31'),(21,'','1075.00','CN000021','2012-05-01','1','P00021','9999-12-31'),(22,'','1075.00','CN000022','2012-05-01','1','P00022','9999-12-31'),(23,'','230.00','CN000023','2012-05-01','1','P00023','9999-12-31'),(24,'','275.00','CN000024','2012-05-01','1','P00024','9999-12-31'),(25,'','825.00','CN000025','2012-05-01','1','P00025','9999-12-31'),(26,'','275.00','CN000026','2012-05-01','1','P00026','9999-12-31'),(27,'','275.00','CN000027','2012-05-01','1','P00027','9999-12-31'),(28,'','275.00','CN000028','2012-05-01','1','P00028','9999-12-31'),(29,'','275.00','CN000029','2012-05-01','1','P00029','9999-12-31'),(30,'','1325.00','CN000030','2012-05-01','1','P00030','9999-12-31'),(31,'','275.00','CN000031','2012-05-01','1','P00031','9999-12-31'),(32,'','250.00','CN000032','2012-05-01','1','P00032','9999-12-31'),(33,'','275.00','CN000033','2012-05-01','1','P00033','9999-12-31'),(34,'','275.00','CN000034','2012-05-01','1','P00034','9999-12-31'),(35,'','474.00','CN000035','2012-05-01','1','P00035','9999-12-31'),(36,'','275.00','CN000036','2012-05-01','1','P00036','9999-12-31'),(37,'','1050.00','CN000037','2012-05-01','1','P00037','9999-12-31'),(38,'\0','3075.00','CN000038','2012-05-01','1','P00038','9999-12-31'),(39,'','825.00','CN000039','2012-05-01','1','P00039','9999-12-31'),(40,'','275.00','CN000040','2012-05-01','1','P00040','9999-12-31'),(41,'','275.00','CN000041','2012-05-01','1','P00041','9999-12-31'),(42,'','265.00','CN000042','2012-05-01','1','P00042','9999-12-31'),(43,'\0','1325.00','CN000043','2012-05-01','1','P00043','9999-12-31'),(44,'','275.00','CN000044','2012-05-01','1','P00044','9999-12-31'),(45,'','550.00','CN000045','2012-05-01','1','P00045','9999-12-31'),(46,'','225.00','CN000046','2012-05-01','1','P00046','9999-12-31'),(47,'','450.00','CN000047','2012-05-01','1','P00047','9999-12-31'),(48,'','325.00','CN000048','2012-05-01','1','P00048','9999-12-31'),(49,'','275.00','CN000049','2012-05-01','1','P00049','9999-12-31'),(50,'','275.00','CN000050','2012-05-01','1','P00050','9999-12-31'),(51,'','325.00','CN000051','2012-05-01','1','P00051','9999-12-31'),(52,'','275.00','CN000052','2012-05-01','1','P00052','9999-12-31'),(53,'','275.00','CN000053','2012-05-01','1','P00053','9999-12-31'),(54,'','550.00','CN000054','2012-05-01','1','P00054','9999-12-31'),(55,'','275.00','CN000055','2012-05-01','1','P00055','9999-12-31'),(56,'','275.00','CN000056','2012-05-01','1','P00056','9999-12-31'),(57,'','275.00','CN000057','2012-05-01','1','P00057','9999-12-31'),(58,'','275.00','CN000058','2012-05-01','1','P00058','9999-12-31'),(59,'','525.00','CN000059','2012-05-01','1','P00059','9999-12-31'),(60,'','375.00','CN000060','2012-05-01','1','P00060','9999-12-31'),(61,'','275.00','CN000061','2012-05-01','1','P00061','9999-12-31'),(62,'','550.00','CN000062','2012-05-01','1','P00062','9999-12-31'),(63,'','275.00','CN000063','2012-05-01','1','P00063','9999-12-31'),(64,'','275.00','CN000064','2012-05-01','1','P00064','9999-12-31'),(65,'','275.00','CN000065','2012-05-01','1','P00065','9999-12-31'),(66,'','550.00','CN000066','2012-05-01','1','P00066','9999-12-31'),(67,'','275.00','CN000067','2012-05-01','1','P00067','9999-12-31'),(68,'','525.00','CN000068','2012-05-01','1','P00068','9999-12-31'),(69,'','275.00','CN000069','2012-05-01','1','P00069','9999-12-31'),(70,'','775.00','CN000070','2012-05-01','1','P00070','9999-12-31'),(71,'','275.00','CN000071','2012-05-01','1','P00071','9999-12-31'),(72,'','275.00','CN000072','2012-05-01','1','P00072','9999-12-31'),(73,'','275.00','CN000073','2012-05-01','1','P00073','9999-12-31'),(74,'','525.00','CN000074','2012-05-01','1','P00074','9999-12-31'),(75,'','650.00','CN000075','2012-05-01','1','P00075','9999-12-31'),(76,'','325.00','CN000076','2012-05-01','1','P00076','9999-12-31'),(77,'','275.00','CN000077','2012-05-01','1','P00077','9999-12-31'),(78,'','550.00','CN000078','2012-05-01','1','P00078','9999-12-31'),(79,'','275.00','CN000079','2012-05-01','1','P00079','9999-12-31'),(80,'','575.00','CN000080','2012-05-01','1','P00080','9999-12-31'),(81,'','350.00','CN000081','2012-05-01','1','P00081','9999-12-31'),(82,'','275.00','CN000082','2012-05-01','1','P00082','9999-12-31'),(83,'','275.00','CN000083','2012-05-01','1','P00083','9999-12-31'),(84,'','325.00','CN000084','2012-05-01','1','P00084','9999-12-31'),(85,'','550.00','CN000085','2012-05-01','1','P00085','9999-12-31'),(86,'','550.00','CN000086','2012-05-01','1','P00086','9999-12-31'),(87,'','275.00','CN000087','2012-05-01','1','P00087','9999-12-31'),(88,'','3075.00','CN000088','2012-05-01','1','P00088','9999-12-31'),(89,'','225.00','CN000089','2012-05-01','1','P00089','9999-12-31'),(90,'','250.00','CN000090','2012-05-01','1','P00090','9999-12-31'),(91,'','275.00','CN000091','2012-05-01','1','P00091','9999-12-31'),(92,'','25.00','CN000092','2012-05-01','1','P00092','9999-12-31'),(93,'','275.00','CN000093','2012-05-01','1','P00093','9999-12-31'),(94,'','1825.00','CN000094','2012-05-01','1','P00094','9999-12-31'),(95,'','325.00','CN000095','2012-05-01','1','P00095','9999-12-31'),(96,'','975.00','CN000096','2012-05-01','1','P00096','9999-12-31'),(97,'','275.00','CN000097','2012-05-01','1','P00097','9999-12-31'),(98,'','1575.00','CN000098','2012-05-01','1','P00098','9999-12-31'),(99,'','2075.00','CN000099','2012-05-01','1','P00099','9999-12-31'),(100,'','550.00','CN000100','2012-05-01','1','P00100','9999-12-31'),(101,'\0','2575.00','CN000101','2012-05-01','1','P00101','9999-12-31'),(102,'','475.00','CN000102','2012-05-01','1','P00102','9999-12-31'),(103,'','555.00','CN000103','2012-05-01','1','P00103','9999-12-31'),(104,'','575.00','CN000104','2012-05-01','1','P00104','9999-12-31'),(105,'','270.00','CN000105','2012-05-01','1','P00105','9999-12-31'),(106,'\0','825.00','CN000106','2012-05-01','1','P00106','9999-12-31'),(107,'','275.00','CN000107','2012-05-01','1','P00107','9999-12-31'),(108,'','825.00','CN000108','2012-05-01','1','P00108','9999-12-31'),(109,'','275.00','CN000109','2012-05-01','1','P00109','9999-12-31'),(110,'','325.00','CN000110','2012-05-01','1','P00110','9999-12-31'),(111,'','275.00','CN000111','2012-05-01','1','P00111','9999-12-31'),(112,'','3575.00','CN000112','2012-05-01','1','P00112','9999-12-31'),(113,'','3075.00','CN000113','2012-05-01','1','P00113','9999-12-31'),(114,'','-1650.00','CN000114','2012-05-01','1','P00114','9999-12-31'),(115,'','275.00','CN000115','2012-05-01','1','P00115','9999-12-31'),(116,'','325.00','CN000116','2012-05-01','1','P00116','9999-12-31'),(117,'','-2325.00','CN000117','2012-05-01','1','P00117','9999-12-31'),(118,'','975.00','CN000118','2012-05-01','1','P00118','9999-12-31'),(119,'','825.00','CN000119','2012-05-01','1','P00119','9999-12-31'),(120,'','275.00','CN000120','2012-05-01','1','P00120','9999-12-31'),(121,'','-1375.00','CN000121','2012-05-01','1','P00121','9999-12-31'),(122,'','-1425.00','CN000122','2012-05-01','1','P00122','9999-12-31'),(123,'','0.00','CN000123','2012-05-01','1','P00123','9999-12-31'),(124,'','275.00','CN000124','2012-05-01','1','P00124','9999-12-31'),(125,'','5575.00','CN000125','2012-05-01','1','P00125','9999-12-31'),(126,'','275.00','CN000126','2012-05-01','1','P00126','9999-12-31'),(127,'','275.00','CN000127','2012-05-01','1','P00127','9999-12-31'),(128,'','275.00','CN000128','2012-05-01','1','P00128','9999-12-31'),(129,'','275.00','CN000129','2012-05-01','1','P00129','9999-12-31'),(130,'','525.00','CN000130','2012-05-01','1','P00130','9999-12-31'),(131,'','550.00','CN000131','2012-05-01','1','P00131','9999-12-31'),(132,'','325.00','CN000132','2012-05-01','1','P00132','9999-12-31'),(133,'','75.00','CN000133','2012-05-01','1','P00133','9999-12-31'),(134,'','275.00','CN000134','2012-05-01','1','P00134','9999-12-31'),(135,'','3200.00','CN000135','2012-05-01','1','P00135','9999-12-31'),(136,'','225.00','CN000136','2012-05-01','1','P00136','9999-12-31'),(137,'','275.00','CN000137','2012-05-01','1','P00137','9999-12-31'),(138,'','2075.00','CN000138','2012-05-01','1','P00138','9999-12-31'),(139,'','325.00','CN000139','2012-05-01','1','P00139','9999-12-31'),(140,'','275.00','CN000140','2012-05-01','1','P00140','9999-12-31'),(141,'\0','2825.00','CN000141','2012-05-01','1','P00141','9999-12-31'),(142,'','275.00','CN000142','2012-05-01','1','P00142','9999-12-31'),(143,'','270.00','CN000143','2012-05-01','1','P00143','9999-12-31'),(144,'','325.00','CN000144','2012-05-01','1','P00144','9999-12-31'),(145,'','550.00','CN000145','2012-05-01','1','P00145','9999-12-31'),(146,'\0','3575.00','CN000146','2012-05-01','1','P00146','9999-12-31'),(147,'','275.00','CN000147','2012-05-01','1','P00147','9999-12-31'),(148,'','825.00','CN000148','2012-05-01','1','P00148','9999-12-31'),(149,'','525.00','CN000149','2012-05-01','1','P00149','9999-12-31'),(150,'','275.00','CN000150','2012-05-01','1','P00150','9999-12-31'),(151,'','775.00','CN000151','2012-05-01','1','P00151','9999-12-31'),(152,'\0','825.00','CN000152','2012-05-01','1','P00152','9999-12-31'),(153,'','275.00','CN000153','2012-05-01','1','P00153','9999-12-31'),(154,'','550.00','CN000154','2012-05-01','1','P00154','9999-12-31'),(155,'','250.00','CN000155','2012-05-01','1','P00155','9999-12-31'),(156,'','275.00','CN000156','2012-05-01','1','P00156','9999-12-31'),(157,'','275.00','CN000157','2012-05-01','1','P00157','9999-12-31'),(158,'','1075.00','CN000158','2012-05-01','1','P00158','9999-12-31'),(159,'','275.00','CN000159','2012-05-01','1','P00159','9999-12-31'),(160,'\0','550.00','CN000160','2012-05-01','1','P00160','9999-12-31'),(161,'','275.00','CN000161','2012-05-01','1','P00161','9999-12-31'),(162,'','275.00','CN000162','2012-05-01','1','P00162','9999-12-31'),(163,'','275.00','CN000163','2012-05-01','1','P00163','9999-12-31'),(164,'\0','4575.00','CN000164','2012-05-01','1','P00164','9999-12-31'),(165,'','275.00','CN000165','2012-05-01','1','P00165','9999-12-31'),(166,'','1575.00','CN000166','2012-05-01','1','P00166','9999-12-31'),(167,'','275.00','CN000167','2012-05-01','1','P00167','9999-12-31'),(168,'','275.00','CN000168','2012-05-01','1','P00168','9999-12-31'),(169,'','575.00','CN000169','2012-05-01','1','P00169','9999-12-31'),(170,'','250.00','CN000170','2012-05-01','1','P00170','9999-12-31'),(171,'\0','2825.00','CN000171','2012-05-01','1','P00171','9999-12-31'),(172,'','1075.00','CN000172','2012-05-01','1','P00172','9999-12-31'),(173,'','275.00','CN000173','2012-05-01','1','P00173','9999-12-31'),(174,'','275.00','CN000174','2012-05-01','1','P00174','9999-12-31'),(175,'','525.00','CN000175','2012-05-01','1','P00175','9999-12-31'),(176,'','275.00','CN000176','2012-05-01','1','P00176','9999-12-31'),(177,'','275.00','CN000177','2012-05-01','1','P00177','9999-12-31'),(178,'','275.00','CN000178','2012-05-01','1','P00178','9999-12-31'),(179,'','275.00','CN000179','2012-05-01','1','P00179','9999-12-31'),(180,'','325.00','CN000180','2012-05-01','1','P00180','9999-12-31'),(181,'','2475.00','CN000181','2012-05-01','1','P00181','9999-12-31'),(182,'','825.00','CN000182','2012-05-01','1','P00182','9999-12-31'),(183,'','275.00','CN000183','2012-05-01','1','P00183','9999-12-31'),(184,'','275.00','CN000184','2012-05-01','1','P00184','9999-12-31'),(185,'','275.00','CN000185','2012-05-01','1','P00185','9999-12-31'),(186,'','1075.00','CN000186','2012-05-01','1','P00186','9999-12-31'),(187,'\0','1576.00','CN000187','2012-05-01','1','P00187','9999-12-31'),(188,'','275.00','CN000188','2012-05-01','1','P00188','9999-12-31'),(189,'','275.00','CN000189','2012-05-01','1','P00189','9999-12-31'),(190,'','275.00','CN000190','2012-05-01','1','P00190','9999-12-31'),(191,'','275.00','CN000191','2012-05-01','1','P00191','9999-12-31'),(192,'','275.00','CN000192','2012-05-01','1','P00192','9999-12-31'),(193,'','1575.00','CN000193','2012-05-01','1','P00193','9999-12-31'),(194,'','275.00','CN000194','2012-05-01','1','P00194','9999-12-31'),(195,'','525.00','CN000195','2012-05-01','1','P00195','9999-12-31'),(196,'','300.00','CN000196','2012-05-01','1','P00196','9999-12-31'),(197,'','275.00','CN000197','2012-05-01','1','P00197','9999-12-31'),(198,'','275.00','CN000198','2012-05-01','1','P00198','9999-12-31'),(199,'','275.00','CN000199','2012-05-01','1','P00199','9999-12-31'),(200,'','275.00','CN000200','2012-05-01','1','P00200','9999-12-31'),(201,'','275.00','CN000201','2012-05-01','1','P00201','9999-12-31'),(202,'','325.00','CN000202','2012-05-01','1','P00202','9999-12-31'),(203,'','250.00','CN000203','2012-05-01','1','P00203','9999-12-31'),(204,'','550.00','CN000204','2012-05-01','1','P00204','9999-12-31'),(205,'\0','1325.00','CN000205','2012-05-01','1','P00205','9999-12-31'),(206,'','275.00','CN000206','2012-05-01','1','P00206','9999-12-31'),(207,'\0','2325.00','CN000207','2012-05-01','1','P00207','9999-12-31'),(208,'','275.00','CN000208','2012-05-01','1','P00208','9999-12-31'),(209,'','270.00','CN000209','2012-05-01','1','P00209','9999-12-31'),(210,'','275.00','CN000210','2012-05-01','1','P00210','9999-12-31'),(211,'','275.00','CN000211','2012-05-01','1','P00211','9999-12-31'),(212,'','1825.00','CN000212','2012-05-01','1','P00212','9999-12-31'),(213,'','275.00','CN000213','2012-05-01','1','P00213','9999-12-31'),(214,'','550.00','CN000214','2012-05-01','1','P00214','9999-12-31'),(215,'','250.00','CN000215','2012-05-01','1','P00215','9999-12-31'),(216,'','275.00','CN000216','2012-05-01','1','P00216','9999-12-31'),(217,'','325.00','CN000217','2012-05-01','1','P00217','9999-12-31'),(218,'','250.00','CN000218','2012-05-01','1','P00218','9999-12-31'),(219,'','275.00','CN000219','2012-05-01','1','P00219','9999-12-31'),(220,'','275.00','CN000220','2012-05-01','1','P00220','9999-12-31'),(221,'','275.00','CN000221','2012-05-01','1','P00221','9999-12-31'),(222,'','275.00','CN000222','2012-05-01','1','P00222','9999-12-31'),(223,'','575.00','CN000223','2012-05-01','1','P00223','9999-12-31'),(224,'','325.00','CN000224','2012-05-01','1','P00224','9999-12-31'),(225,'','250.00','CN000225','2012-05-01','1','P00225','9999-12-31'),(226,'','275.00','CN000226','2012-05-01','1','P00226','9999-12-31'),(227,'','275.00','CN000227','2012-05-01','1','P00227','9999-12-31'),(228,'','250.00','CN000228','2012-05-01','1','P00228','9999-12-31'),(229,'','250.00','CN000229','2012-05-01','1','P00229','9999-12-31'),(230,'','275.00','CN000230','2012-05-01','1','P00230','9999-12-31'),(231,'','1075.00','CN000231','2012-05-01','1','P00231','9999-12-31'),(232,'','275.00','CN000232','2012-05-01','1','P00232','9999-12-31'),(233,'','-10.00','CN000233','2012-05-01','1','P00233','9999-12-31'),(234,'','275.00','CN000234','2012-05-01','1','P00234','9999-12-31'),(235,'','1075.00','CN000235','2012-05-01','1','P00235','9999-12-31'),(236,'','1075.00','CN000236','2012-05-01','1','P00236','9999-12-31'),(237,'','325.00','CN000237','2012-05-01','1','P00237','9999-12-31'),(238,'','275.00','CN000238','2012-05-01','1','P00238','9999-12-31'),(239,'','275.00','CN000239','2012-05-01','1','P00239','9999-12-31'),(240,'','250.00','CN000240','2012-05-01','1','P00240','9999-12-31'),(241,'','275.00','CN000241','2012-05-01','1','P00241','9999-12-31'),(242,'','1075.00','CN000242','2012-05-01','1','P00242','9999-12-31'),(243,'\0','1325.00','CN000243','2012-05-01','1','P00243','9999-12-31'),(244,'','275.00','CN000244','2012-05-01','1','P00244','9999-12-31'),(245,'','275.00','CN000245','2012-05-01','1','P00245','9999-12-31'),(246,'','275.00','CN000246','2012-05-01','1','P00246','9999-12-31'),(247,'','275.00','CN000247','2012-05-01','1','P00247','9999-12-31'),(248,'\0','2325.00','CN000248','2012-05-01','1','P00248','9999-12-31'),(249,'','975.00','CN000249','2012-05-01','1','P00249','9999-12-31'),(250,'','275.00','CN000250','2012-05-01','1','P00250','9999-12-31'),(251,'','275.00','CN000251','2012-05-01','1','P00251','9999-12-31'),(252,'','325.00','CN000252','2012-05-01','1','P00252','9999-12-31'),(253,'','825.00','CN000253','2012-05-01','1','P00253','9999-12-31'),(254,'','250.00','CN000254','2012-05-01','1','P00254','9999-12-31'),(255,'\0','825.00','CN000255','2012-05-01','1','P00255','9999-12-31'),(256,'\0','975.00','CN000256','2012-05-01','1','P00256','9999-12-31'),(257,'\0','1825.00','CN000257','2012-05-01','1','P00257','9999-12-31'),(258,'','975.00','CN000258','2012-05-01','1','P00258','9999-12-31'),(259,'','275.00','CN000259','2012-05-01','1','P00259','9999-12-31'),(260,'\0','1825.00','CN000260','2012-05-01','1','P00260','9999-12-31'),(261,'\0','2075.00','CN000261','2012-05-01','1','P00261','9999-12-31'),(262,'','250.00','CN000262','2012-05-01','1','P00262','9999-12-31'),(263,'','275.00','CN000263','2012-05-01','1','P00263','9999-12-31'),(264,'','270.00','CN000264','2012-05-01','1','P00264','9999-12-31'),(265,'','275.00','CN000265','2012-05-01','1','P00265','9999-12-31'),(266,'','275.00','CN000266','2012-05-01','1','P00266','9999-12-31'),(267,'','450.00','CN000267','2012-05-01','1','P00267','9999-12-31'),(268,'','250.00','CN000268','2012-05-01','1','P00268','9999-12-31'),(269,'','275.00','CN000269','2012-05-01','1','P00269','9999-12-31'),(270,'','575.00','CN000270','2012-05-01','1','P00270','9999-12-31'),(271,'\0','825.00','CN000271','2012-05-01','1','P00271','9999-12-31'),(272,'','174.00','CN000272','2012-05-01','1','P00272','9999-12-31'),(273,'','325.00','CN000273','2012-05-01','1','P00273','9999-12-31'),(274,'','325.00','CN000274','2012-05-01','1','P00274','9999-12-31'),(275,'','200.00','CN000275','2012-05-01','1','P00275','9999-12-31'),(276,'','200.00','CN000276','2012-05-01','1','P00276','9999-12-31'),(277,'','275.00','CN000277','2012-05-01','1','P00277','9999-12-31'),(278,'','275.00','CN000278','2012-05-01','1','P00278','9999-12-31'),(279,'','250.00','CN000279','2012-05-01','1','P00279','9999-12-31'),(280,'','275.00','CN000280','2012-05-01','1','P00280','9999-12-31'),(281,'','1076.00','CN000281','2012-05-01','1','P00281','9999-12-31'),(282,'','250.00','CN000282','2012-05-01','1','P00282','9999-12-31'),(283,'','275.00','CN000283','2012-05-01','1','P00283','9999-12-31'),(284,'','275.00','CN000284','2012-05-01','1','P00284','9999-12-31'),(285,'','275.00','CN000285','2012-05-01','1','P00285','9999-12-31'),(286,'','275.00','CN000286','2012-05-01','1','P00286','9999-12-31'),(287,'','250.00','CN000287','2012-05-01','1','P00287','9999-12-31'),(288,'','275.00','CN000288','2012-05-01','1','P00288','9999-12-31'),(289,'','1800.00','CN000289','2012-05-01','1','P00289','9999-12-31'),(290,'','275.00','CN000290','2012-05-01','1','P00290','9999-12-31'),(291,'','275.00','CN000291','2012-05-01','1','P00291','9999-12-31'),(292,'','325.00','CN000292','2012-05-01','1','P00292','9999-12-31'),(293,'\0','825.00','CN000293','2012-05-01','1','P00293','9999-12-31'),(294,'','325.00','CN000294','2012-05-01','1','P00294','9999-12-31'),(295,'','174.00','CN000295','2012-05-01','1','P00295','9999-12-31'),(296,'','275.00','CN000296','2012-05-01','1','P00296','9999-12-31'),(297,'','275.00','CN000297','2012-05-01','1','P00297','9999-12-31'),(298,'','325.00','CN000298','2012-05-01','1','P00298','9999-12-31'),(299,'\0','2075.00','CN000299','2012-05-01','1','P00299','9999-12-31'),(300,'\0','3575.00','CN000300','2012-05-01','1','P00300','9999-12-31'),(301,'','275.00','CN000301','2012-05-01','1','P00301','9999-12-31'),(302,'','220.00','CN000302','2012-05-01','1','P00302','9999-12-31'),(303,'','200.00','CN000303','2012-05-01','1','P00303','9999-12-31'),(304,'','225.00','CN000304','2012-05-01','1','P00304','9999-12-31'),(305,'','274.00','CN000305','2012-05-01','1','P00305','9999-12-31'),(306,'','2375.00','CN000306','2012-05-01','1','P00306','9999-12-31'),(307,'','825.00','CN000307','2012-05-01','1','P00307','9999-12-31'),(308,'','325.00','CN000308','2012-05-01','1','P00308','9999-12-31'),(309,'','275.00','CN000309','2012-05-01','1','P00309','9999-12-31'),(310,'','275.00','CN000310','2012-05-01','1','P00310','9999-12-31'),(311,'','275.00','CN000311','2012-05-01','1','P00311','9999-12-31'),(312,'','275.00','CN000312','2012-05-01','1','P00312','9999-12-31'),(313,'','275.00','CN000313','2012-05-01','1','P00313','9999-12-31'),(314,'','825.00','CN000314','2012-05-01','1','P00314','9999-12-31'),(315,'','825.00','CN000315','2012-05-01','1','P00315','9999-12-31'),(316,'','275.00','CN000316','2012-05-01','1','P00316','9999-12-31'),(317,'','300.00','CN000317','2012-05-01','1','P00317','9999-12-31'),(318,'','400.00','CN000318','2012-05-01','1','P00318','9999-12-31'),(319,'\0','975.00','CN000319','2012-05-01','1','P00319','9999-12-31'),(320,'','275.00','CN000320','2012-05-01','1','P00320','9999-12-31'),(321,'','275.00','CN000321','2012-05-01','1','P00321','9999-12-31'),(322,'','225.00','CN000322','2012-05-01','1','P00322','9999-12-31'),(323,'','275.00','CN000323','2012-05-01','1','P00323','9999-12-31'),(324,'','275.00','CN000324','2012-05-01','1','P00324','9999-12-31'),(325,'','275.00','CN000325','2012-05-01','1','P00325','9999-12-31'),(326,'','250.00','CN000326','2012-05-01','1','P00326','9999-12-31'),(327,'','265.00','CN000327','2012-05-01','1','P00327','9999-12-31'),(328,'','275.00','CN000328','2012-05-01','1','P00328','9999-12-31'),(329,'','275.00','CN000329','2012-05-01','1','P00329','9999-12-31'),(330,'','275.00','CN000330','2012-05-01','1','P00330','9999-12-31'),(331,'','1325.00','CN000331','2012-05-01','1','P00331','9999-12-31'),(332,'','275.00','CN000332','2012-05-01','1','P00332','9999-12-31'),(333,'','275.00','CN000333','2012-05-01','1','P00333','9999-12-31'),(334,'','275.00','CN000334','2012-05-01','1','P00334','9999-12-31'),(335,'','275.00','CN000335','2012-05-01','1','P00335','9999-12-31'),(336,'','550.00','CN000336','2012-05-01','1','P00336','9999-12-31'),(337,'','325.00','CN000337','2012-05-01','1','P00337','9999-12-31'),(338,'','250.00','CN000338','2012-05-01','1','P00338','9999-12-31'),(339,'','250.00','CN000339','2012-05-01','1','P00339','9999-12-31'),(340,'','275.00','CN000340','2012-05-01','1','P00340','9999-12-31'),(341,'','275.00','CN000341','2012-05-01','1','P00341','9999-12-31'),(342,'\0','2575.00','CN000342','2012-05-01','1','P00342','9999-12-31'),(343,'','825.00','CN000343','2012-05-01','1','P00343','9999-12-31'),(344,'','275.00','CN000344','2012-05-01','1','P00344','9999-12-31'),(345,'','250.00','CN000345','2012-05-01','1','P00345','9999-12-31'),(346,'','275.00','CN000346','2012-05-01','1','P00346','9999-12-31'),(347,'','275.00','CN000347','2012-05-01','1','P00347','9999-12-31'),(348,'','350.00','CN000348','2012-05-01','1','P00348','9999-12-31'),(349,'','275.00','CN000349','2012-05-01','1','P00349','9999-12-31'),(350,'\0','1025.00','CN000350','2012-05-01','1','P00350','9999-12-31'),(351,'','275.00','CN000351','2012-05-01','1','P00351','9999-12-31'),(352,'','225.00','CN000352','2012-05-01','1','P00352','9999-12-31'),(353,'','475.00','CN000353','2012-05-01','1','P00353','9999-12-31'),(354,'','275.00','CN000354','2012-05-01','1','P00354','9999-12-31'),(355,'','275.00','CN000355','2012-05-01','1','P00355','9999-12-31'),(356,'','275.00','CN000356','2012-05-01','1','P00356','9999-12-31'),(357,'','275.00','CN000357','2012-06-01','1','P00357','9999-12-31'),(358,'','275.00','CN000358','2012-06-01','1','P00358','9999-12-31'),(359,'','275.00','CN000359','2012-06-01','1','P00359','9999-12-31'),(360,'','275.00','CN000360','2012-06-01','1','P00360','9999-12-31'),(361,'','275.00','CN000361','2012-06-01','1','P00361','9999-12-31'),(362,'','275.00','CN000362','2012-06-01','1','P00362','9999-12-31'),(363,'','275.00','CN000363','2012-06-01','1','P00363','9999-12-31'),(364,'','275.00','CN000364','2012-06-01','1','P00364','9999-12-31'),(365,'','275.00','CN000365','2012-06-01','1','P00365','9999-12-31'),(366,'','275.00','CN000366','2012-06-01','1','P00366','9999-12-31'),(367,'','275.00','CN000367','2012-06-01','1','P00367','9999-12-31'),(368,'','275.00','CN000368','2012-06-01','1','P00368','9999-12-31'),(369,'','275.00','CN000369','2012-06-01','1','P00369','9999-12-31'),(370,'','275.00','CN000370','2012-06-01','1','P00370','9999-12-31'),(371,'','275.00','CN000371','2012-06-01','1','P00371','9999-12-31'),(372,'','275.00','CN000372','2012-06-01','1','P00372','9999-12-31'),(373,'','275.00','CN000373','2012-06-01','1','P00373','9999-12-31'),(374,'','275.00','CN000374','2012-06-01','1','P00374','9999-12-31'),(375,'','275.00','CN000375','2012-06-01','1','P00375','9999-12-31'),(376,'','275.00','CN000376','2012-06-01','1','P00376','9999-12-31'),(377,'','275.00','CN000377','2012-06-01','1','P00377','9999-12-31'),(378,'','275.00','CN000378','2012-06-01','1','P00378','9999-12-31'),(379,'','275.00','CN000379','2012-06-01','1','P00379','9999-12-31'),(380,'','275.00','CN000380','2012-06-01','1','P00380','9999-12-31'),(381,'','275.00','CN000381','2012-06-01','1','P00381','9999-12-31'),(382,'','275.00','CN000382','2012-06-01','1','P00382','9999-12-31'),(383,'','275.00','CN000383','2012-06-01','1','P00383','9999-12-31'),(384,'','275.00','CN000384','2012-06-01','1','P00384','9999-12-31'),(385,'','275.00','CN000385','2012-06-01','1','P00385','9999-12-31'),(386,'','275.00','CN000386','2012-06-01','1','P00386','9999-12-31'),(387,'','275.00','CN000387','2012-06-01','1','P00387','9999-12-31'),(388,'','325.00','CN000388','2012-06-01','1','P00388','9999-12-31'),(389,'','275.00','CN000389','2012-06-01','1','P00389','9999-12-31'),(390,'','275.00','CN000390','2012-06-01','1','P00390','9999-12-31'),(391,'','275.00','CN000391','2012-06-01','1','P00391','9999-12-31'),(392,'','325.00','CN000392','2012-06-01','1','P00392','9999-12-31'),(393,'','275.00','CN000393','2012-06-01','1','P00393','9999-12-31'),(394,'','275.00','CN000394','2012-06-01','1','P00394','9999-12-31'),(395,'','275.00','CN000395','2012-06-01','1','P00395','9999-12-31'),(396,'','275.00','CN000396','2012-06-01','1','P00396','9999-12-31'),(397,'','275.00','CN000397','2012-06-01','1','P00397','9999-12-31');
/*!40000 ALTER TABLE `cn_contract_header` ENABLE KEYS */;
UNLOCK TABLES;

--
-- Table structure for table `cn_contract_line_item`
--

DROP TABLE IF EXISTS `cn_contract_line_item`;
/*!40101 SET @saved_cs_client     = @@character_set_client */;
/*!40101 SET character_set_client = utf8 */;
CREATE TABLE `cn_contract_line_item` (
  `ci_line_item_id` int(11) NOT NULL,
  `ci_is_active` bit(1) DEFAULT NULL,
  `ci_from_date` date NOT NULL,
  `ci_quantity` decimal(19,2) DEFAULT NULL,
  `ci_selected_amount` decimal(19,2) DEFAULT NULL,
  `ci_status_id` varchar(255) DEFAULT NULL,
  `ci_to_date` date DEFAULT NULL,
  `cn_contract_id` int(11) NOT NULL,
  `ci_product_id` int(11) NOT NULL,
  PRIMARY KEY (`ci_line_item_id`),
  UNIQUE KEY `ci_line_item_id` (`ci_line_item_id`),
  KEY `FKFD020DE5E4A8139B` (`cn_contract_id`),
  KEY `FKFD020DE59D8E7C6D` (`ci_product_id`),
  CONSTRAINT `FKFD020DE59D8E7C6D` FOREIGN KEY (`ci_product_id`) REFERENCES `prod_product` (`pd_product_id`),
  CONSTRAINT `FKFD020DE5E4A8139B` FOREIGN KEY (`cn_contract_id`) REFERENCES `cn_contract_header` (`ch_contract_id`)
) ENGINE=InnoDB DEFAULT CHARSET=latin1;
/*!40101 SET character_set_client = @saved_cs_client */;

--
-- Dumping data for table `cn_contract_line_item`
--

LOCK TABLES `cn_contract_line_item` WRITE;
/*!40000 ALTER TABLE `cn_contract_line_item` DISABLE KEYS */;
INSERT INTO `cn_contract_line_item` VALUES (1,'','2012-05-01','1.00',NULL,'ACTIVE','9999-12-31',1,1),(2,'','2012-05-01','1.00',NULL,'ACTIVE','9999-12-31',2,1),(3,'','2012-05-01','1.00',NULL,'ACTIVE','9999-12-31',3,1),(4,'','2012-05-01','1.00',NULL,'ACTIVE','9999-12-31',4,1),(5,'','2012-05-01','1.00',NULL,'ACTIVE','9999-12-31',5,1),(6,'','2012-05-01','1.00',NULL,'ACTIVE','9999-12-31',6,1),(7,'','2012-05-01','1.00',NULL,'ACTIVE','9999-12-31',7,1),(8,'','2012-05-01','1.00',NULL,'ACTIVE','9999-12-31',8,1),(9,'','2012-05-01','1.00',NULL,'ACTIVE','9999-12-31',9,1),(10,'','2012-05-01','1.00',NULL,'ACTIVE','9999-12-31',10,2),(11,'','2012-05-01','1.00',NULL,'ACTIVE','9999-12-31',11,1),(12,'','2012-05-01','1.00',NULL,'ACTIVE','9999-12-31',12,1),(13,'','2012-05-01','1.00',NULL,'ACTIVE','9999-12-31',13,1),(14,'','2012-05-01','1.00',NULL,'ACTIVE','9999-12-31',14,1),(15,'','2012-05-01','1.00',NULL,'ACTIVE','9999-12-31',15,1),(16,'','2012-05-01','1.00',NULL,'ACTIVE','9999-12-31',16,1),(17,'','2012-05-01','1.00',NULL,'ACTIVE','9999-12-31',17,1),(18,'','2012-05-01','1.00',NULL,'ACTIVE','9999-12-31',18,1),(19,'','2012-05-01','1.00',NULL,'ACTIVE','9999-12-31',19,3),(20,'','2012-05-01','1.00',NULL,'ACTIVE','9999-12-31',20,3),(21,'','2012-05-01','1.00',NULL,'ACTIVE','9999-12-31',21,3),(22,'','2012-05-01','1.00',NULL,'ACTIVE','9999-12-31',22,3),(23,'','2012-05-01','1.00',NULL,'ACTIVE','9999-12-31',23,2),(24,'','2012-05-01','1.00',NULL,'ACTIVE','9999-12-31',24,1),(25,'','2012-05-01','1.00',NULL,'ACTIVE','9999-12-31',25,1),(26,'','2012-05-01','1.00',NULL,'ACTIVE','9999-12-31',26,1),(27,'','2012-05-01','1.00',NULL,'ACTIVE','9999-12-31',27,1),(28,'','2012-05-01','1.00',NULL,'ACTIVE','9999-12-31',28,1),(29,'','2012-05-01','1.00',NULL,'ACTIVE','9999-12-31',29,1),(30,'','2012-05-01','1.00',NULL,'ACTIVE','9999-12-31',30,1),(31,'','2012-05-01','1.00',NULL,'ACTIVE','9999-12-31',31,1),(32,'','2012-05-01','1.00',NULL,'ACTIVE','9999-12-31',32,1),(33,'','2012-05-01','1.00',NULL,'ACTIVE','9999-12-31',33,1),(34,'','2012-05-01','1.00',NULL,'ACTIVE','9999-12-31',34,1),(35,'','2012-05-01','1.00',NULL,'ACTIVE','9999-12-31',35,2),(36,'','2012-05-01','1.00',NULL,'ACTIVE','9999-12-31',36,1),(37,'','2012-05-01','1.00',NULL,'ACTIVE','9999-12-31',37,1),(38,'','2012-05-01','1.00',NULL,'ACTIVE','9999-12-31',38,1),(39,'','2012-05-01','1.00',NULL,'ACTIVE','9999-12-31',39,1),(40,'','2012-05-01','1.00',NULL,'ACTIVE','9999-12-31',40,1),(41,'','2012-05-01','1.00',NULL,'ACTIVE','9999-12-31',41,4),(42,'','2012-05-01','1.00',NULL,'ACTIVE','9999-12-31',42,4),(43,'','2012-05-01','1.00',NULL,'ACTIVE','9999-12-31',43,4),(44,'','2012-05-01','1.00',NULL,'ACTIVE','9999-12-31',44,4),(45,'','2012-05-01','1.00',NULL,'ACTIVE','9999-12-31',45,1),(46,'','2012-05-01','1.00',NULL,'ACTIVE','9999-12-31',46,2),(47,'','2012-05-01','1.00',NULL,'ACTIVE','9999-12-31',47,2),(48,'','2012-05-01','1.00',NULL,'ACTIVE','9999-12-31',48,5),(49,'','2012-05-01','1.00',NULL,'ACTIVE','9999-12-31',49,1),(50,'','2012-05-01','1.00',NULL,'ACTIVE','9999-12-31',50,6),(51,'','2012-05-01','1.00',NULL,'ACTIVE','9999-12-31',51,3),(52,'','2012-05-01','1.00',NULL,'ACTIVE','9999-12-31',52,1),(53,'','2012-05-01','1.00',NULL,'ACTIVE','9999-12-31',53,1),(54,'','2012-05-01','1.00',NULL,'ACTIVE','9999-12-31',54,1),(55,'','2012-05-01','1.00',NULL,'ACTIVE','9999-12-31',55,1),(56,'','2012-05-01','1.00',NULL,'ACTIVE','9999-12-31',56,3),(57,'','2012-05-01','1.00',NULL,'ACTIVE','9999-12-31',57,3),(58,'','2012-05-01','1.00',NULL,'ACTIVE','9999-12-31',58,1),(59,'','2012-05-01','1.00',NULL,'ACTIVE','9999-12-31',59,3),(60,'','2012-05-01','1.00',NULL,'ACTIVE','9999-12-31',60,7),(61,'','2012-05-01','1.00',NULL,'ACTIVE','9999-12-31',61,3),(62,'','2012-05-01','1.00',NULL,'ACTIVE','9999-12-31',62,1),(63,'','2012-05-01','1.00',NULL,'ACTIVE','9999-12-31',63,1),(64,'','2012-05-01','1.00',NULL,'ACTIVE','9999-12-31',64,1),(65,'','2012-05-01','1.00',NULL,'ACTIVE','9999-12-31',65,1),(66,'','2012-05-01','1.00',NULL,'ACTIVE','9999-12-31',66,1),(67,'','2012-05-01','1.00',NULL,'ACTIVE','9999-12-31',67,1),(68,'','2012-05-01','1.00',NULL,'ACTIVE','9999-12-31',68,1),(69,'','2012-05-01','1.00',NULL,'ACTIVE','9999-12-31',69,1),(70,'','2012-05-01','1.00',NULL,'ACTIVE','9999-12-31',70,1),(71,'','2012-05-01','1.00',NULL,'ACTIVE','9999-12-31',71,1),(72,'','2012-05-01','1.00',NULL,'ACTIVE','9999-12-31',72,1),(73,'','2012-05-01','1.00',NULL,'ACTIVE','9999-12-31',73,3),(74,'','2012-05-01','1.00',NULL,'ACTIVE','9999-12-31',74,3),(75,'','2012-05-01','1.00',NULL,'ACTIVE','9999-12-31',75,8),(76,'','2012-05-01','1.00',NULL,'ACTIVE','9999-12-31',76,1),(77,'','2012-05-01','1.00',NULL,'ACTIVE','9999-12-31',77,1),(78,'','2012-05-01','1.00',NULL,'ACTIVE','9999-12-31',78,1),(79,'','2012-05-01','1.00',NULL,'ACTIVE','9999-12-31',79,1),(80,'','2012-05-01','1.00',NULL,'ACTIVE','9999-12-31',80,1),(81,'','2012-05-01','1.00',NULL,'ACTIVE','9999-12-31',81,1),(82,'','2012-05-01','1.00',NULL,'ACTIVE','9999-12-31',82,1),(83,'','2012-05-01','1.00',NULL,'ACTIVE','9999-12-31',83,1),(84,'','2012-05-01','1.00',NULL,'ACTIVE','9999-12-31',84,1),(85,'','2012-05-01','1.00',NULL,'ACTIVE','9999-12-31',85,1),(86,'','2012-05-01','1.00',NULL,'ACTIVE','9999-12-31',86,1),(87,'','2012-05-01','1.00',NULL,'ACTIVE','9999-12-31',87,1),(88,'','2012-05-01','1.00',NULL,'ACTIVE','9999-12-31',88,1),(89,'','2012-05-01','1.00',NULL,'ACTIVE','9999-12-31',89,1),(90,'','2012-05-01','1.00',NULL,'ACTIVE','9999-12-31',90,1),(91,'','2012-05-01','1.00',NULL,'ACTIVE','9999-12-31',91,1),(92,'','2012-05-01','1.00',NULL,'ACTIVE','9999-12-31',92,4),(93,'','2012-05-01','1.00',NULL,'ACTIVE','9999-12-31',93,4),(94,'','2012-05-01','1.00',NULL,'ACTIVE','9999-12-31',94,4),(95,'','2012-05-01','1.00',NULL,'ACTIVE','9999-12-31',95,5),(96,'','2012-05-01','1.00',NULL,'ACTIVE','9999-12-31',96,5),(97,'','2012-05-01','1.00',NULL,'ACTIVE','9999-12-31',97,1),(98,'','2012-05-01','1.00',NULL,'ACTIVE','9999-12-31',98,4),(99,'','2012-05-01','1.00',NULL,'ACTIVE','9999-12-31',99,1),(100,'','2012-05-01','1.00',NULL,'ACTIVE','9999-12-31',100,1),(101,'','2012-05-01','1.00',NULL,'ACTIVE','9999-12-31',101,3),(102,'','2012-05-01','1.00',NULL,'ACTIVE','9999-12-31',102,1),(103,'','2012-05-01','1.00',NULL,'ACTIVE','9999-12-31',103,3),(104,'','2012-05-01','1.00',NULL,'ACTIVE','9999-12-31',104,3),(105,'','2012-05-01','1.00',NULL,'ACTIVE','9999-12-31',105,1),(106,'','2012-05-01','1.00',NULL,'ACTIVE','9999-12-31',106,1),(107,'','2012-05-01','1.00',NULL,'ACTIVE','9999-12-31',107,1),(108,'','2012-05-01','1.00',NULL,'ACTIVE','9999-12-31',108,1),(109,'','2012-05-01','1.00',NULL,'ACTIVE','9999-12-31',109,1),(110,'','2012-05-01','1.00',NULL,'ACTIVE','9999-12-31',110,1),(111,'','2012-05-01','1.00',NULL,'ACTIVE','9999-12-31',111,1),(112,'','2012-05-01','1.00',NULL,'ACTIVE','9999-12-31',112,1),(113,'','2012-05-01','1.00',NULL,'ACTIVE','9999-12-31',113,1),(114,'','2012-05-01','1.00',NULL,'ACTIVE','9999-12-31',114,1),(115,'','2012-05-01','1.00',NULL,'ACTIVE','9999-12-31',115,1),(116,'','2012-05-01','1.00',NULL,'ACTIVE','9999-12-31',116,8),(117,'','2012-05-01','1.00',NULL,'ACTIVE','9999-12-31',117,8),(118,'','2012-05-01','1.00',NULL,'ACTIVE','9999-12-31',118,1),(119,'','2012-05-01','1.00',NULL,'ACTIVE','9999-12-31',119,1),(120,'','2012-05-01','1.00',NULL,'ACTIVE','9999-12-31',120,1),(121,'','2012-05-01','1.00',NULL,'ACTIVE','9999-12-31',121,1),(122,'','2012-05-01','1.00',NULL,'ACTIVE','9999-12-31',122,1),(123,'','2012-05-01','1.00',NULL,'ACTIVE','9999-12-31',123,1),(124,'','2012-05-01','1.00',NULL,'ACTIVE','9999-12-31',124,1),(125,'','2012-05-01','1.00',NULL,'ACTIVE','9999-12-31',125,1),(126,'','2012-05-01','1.00',NULL,'ACTIVE','9999-12-31',126,1),(127,'','2012-05-01','1.00',NULL,'ACTIVE','9999-12-31',127,1),(128,'','2012-05-01','1.00',NULL,'ACTIVE','9999-12-31',128,1),(129,'','2012-05-01','1.00',NULL,'ACTIVE','9999-12-31',129,1),(130,'','2012-05-01','1.00',NULL,'ACTIVE','9999-12-31',130,1),(131,'','2012-05-01','1.00',NULL,'ACTIVE','9999-12-31',131,1),(132,'','2012-05-01','1.00',NULL,'ACTIVE','9999-12-31',132,1),(133,'','2012-05-01','1.00',NULL,'ACTIVE','9999-12-31',133,1),(134,'','2012-05-01','1.00',NULL,'ACTIVE','9999-12-31',134,1),(135,'','2012-05-01','1.00',NULL,'ACTIVE','9999-12-31',135,1),(136,'','2012-05-01','1.00',NULL,'ACTIVE','9999-12-31',136,2),(137,'','2012-05-01','1.00',NULL,'ACTIVE','9999-12-31',137,1),(138,'','2012-05-01','1.00',NULL,'ACTIVE','9999-12-31',138,3),(139,'','2012-05-01','1.00',NULL,'ACTIVE','9999-12-31',139,1),(140,'','2012-05-01','1.00',NULL,'ACTIVE','9999-12-31',140,1),(141,'','2012-05-01','1.00',NULL,'ACTIVE','9999-12-31',141,1),(142,'','2012-05-01','1.00',NULL,'ACTIVE','9999-12-31',142,1),(143,'','2012-05-01','1.00',NULL,'ACTIVE','9999-12-31',143,1),(144,'','2012-05-01','1.00',NULL,'ACTIVE','9999-12-31',144,1),(145,'','2012-05-01','1.00',NULL,'ACTIVE','9999-12-31',145,1),(146,'','2012-05-01','1.00',NULL,'ACTIVE','9999-12-31',146,1),(147,'','2012-05-01','1.00',NULL,'ACTIVE','9999-12-31',147,1),(148,'','2012-05-01','1.00',NULL,'ACTIVE','9999-12-31',148,1),(149,'','2012-05-01','1.00',NULL,'ACTIVE','9999-12-31',149,1),(150,'','2012-05-01','1.00',NULL,'ACTIVE','9999-12-31',150,1),(151,'','2012-05-01','1.00',NULL,'ACTIVE','9999-12-31',151,1),(152,'','2012-05-01','1.00',NULL,'ACTIVE','9999-12-31',152,1),(153,'','2012-05-01','1.00',NULL,'ACTIVE','9999-12-31',153,3),(154,'','2012-05-01','1.00',NULL,'ACTIVE','9999-12-31',154,3),(155,'','2012-05-01','1.00',NULL,'ACTIVE','9999-12-31',155,3),(156,'','2012-05-01','1.00',NULL,'ACTIVE','9999-12-31',156,1),(157,'','2012-05-01','1.00',NULL,'ACTIVE','9999-12-31',157,1),(158,'','2012-05-01','1.00',NULL,'ACTIVE','9999-12-31',158,1),(159,'','2012-05-01','1.00',NULL,'ACTIVE','9999-12-31',159,1),(160,'','2012-05-01','1.00',NULL,'ACTIVE','9999-12-31',160,1),(161,'','2012-05-01','1.00',NULL,'ACTIVE','9999-12-31',161,1),(162,'','2012-05-01','1.00',NULL,'ACTIVE','9999-12-31',162,1),(163,'','2012-05-01','1.00',NULL,'ACTIVE','9999-12-31',163,1),(164,'','2012-05-01','1.00',NULL,'ACTIVE','9999-12-31',164,1),(165,'','2012-05-01','1.00',NULL,'ACTIVE','9999-12-31',165,1),(166,'','2012-05-01','1.00',NULL,'ACTIVE','9999-12-31',166,1),(167,'','2012-05-01','1.00',NULL,'ACTIVE','9999-12-31',167,1),(168,'','2012-05-01','1.00',NULL,'ACTIVE','9999-12-31',168,3),(169,'','2012-05-01','1.00',NULL,'ACTIVE','9999-12-31',169,3),(170,'','2012-05-01','1.00',NULL,'ACTIVE','9999-12-31',170,3),(171,'','2012-05-01','1.00',NULL,'ACTIVE','9999-12-31',171,3),(172,'','2012-05-01','1.00',NULL,'ACTIVE','9999-12-31',172,1),(173,'','2012-05-01','1.00',NULL,'ACTIVE','9999-12-31',173,3),(174,'','2012-05-01','1.00',NULL,'ACTIVE','9999-12-31',174,3),(175,'','2012-05-01','1.00',NULL,'ACTIVE','9999-12-31',175,3),(176,'','2012-05-01','1.00',NULL,'ACTIVE','9999-12-31',176,3),(177,'','2012-05-01','1.00',NULL,'ACTIVE','9999-12-31',177,3),(178,'','2012-05-01','1.00',NULL,'ACTIVE','9999-12-31',178,3),(179,'','2012-05-01','1.00',NULL,'ACTIVE','9999-12-31',179,3),(180,'','2012-05-01','1.00',NULL,'ACTIVE','9999-12-31',180,8),(181,'','2012-05-01','1.00',NULL,'ACTIVE','9999-12-31',181,8),(182,'','2012-05-01','1.00',NULL,'ACTIVE','9999-12-31',182,1),(183,'','2012-05-01','1.00',NULL,'ACTIVE','9999-12-31',183,3),(184,'','2012-05-01','1.00',NULL,'ACTIVE','9999-12-31',184,1),(185,'','2012-05-01','1.00',NULL,'ACTIVE','9999-12-31',185,1),(186,'','2012-05-01','1.00',NULL,'ACTIVE','9999-12-31',186,1),(187,'','2012-05-01','1.00',NULL,'ACTIVE','9999-12-31',187,1),(188,'','2012-05-01','1.00',NULL,'ACTIVE','9999-12-31',188,1),(189,'','2012-05-01','1.00',NULL,'ACTIVE','9999-12-31',189,1),(190,'','2012-05-01','1.00',NULL,'ACTIVE','9999-12-31',190,1),(191,'','2012-05-01','1.00',NULL,'ACTIVE','9999-12-31',191,1),(192,'','2012-05-01','1.00',NULL,'ACTIVE','9999-12-31',192,1),(193,'','2012-05-01','1.00',NULL,'ACTIVE','9999-12-31',193,8),(194,'','2012-05-01','1.00',NULL,'ACTIVE','9999-12-31',194,1),(195,'','2012-05-01','1.00',NULL,'ACTIVE','9999-12-31',195,1),(196,'','2012-05-01','1.00',NULL,'ACTIVE','9999-12-31',196,1),(197,'','2012-05-01','1.00',NULL,'ACTIVE','9999-12-31',197,1),(198,'','2012-05-01','1.00',NULL,'ACTIVE','9999-12-31',198,1),(199,'','2012-05-01','1.00',NULL,'ACTIVE','9999-12-31',199,1),(200,'','2012-05-01','1.00',NULL,'ACTIVE','9999-12-31',200,1),(201,'','2012-05-01','1.00',NULL,'ACTIVE','9999-12-31',201,1),(202,'','2012-05-01','1.00',NULL,'ACTIVE','9999-12-31',202,1),(203,'','2012-05-01','1.00',NULL,'ACTIVE','9999-12-31',203,1),(204,'','2012-05-01','1.00',NULL,'ACTIVE','9999-12-31',204,1),(205,'','2012-05-01','1.00',NULL,'ACTIVE','9999-12-31',205,1),(206,'','2012-05-01','1.00',NULL,'ACTIVE','9999-12-31',206,4),(207,'','2012-05-01','1.00',NULL,'ACTIVE','9999-12-31',207,4),(208,'','2012-05-01','1.00',NULL,'ACTIVE','9999-12-31',208,4),(209,'','2012-05-01','1.00',NULL,'ACTIVE','9999-12-31',209,4),(210,'','2012-05-01','1.00',NULL,'ACTIVE','9999-12-31',210,3),(211,'','2012-05-01','1.00',NULL,'ACTIVE','9999-12-31',211,3),(212,'','2012-05-01','1.00',NULL,'ACTIVE','9999-12-31',212,1),(213,'','2012-05-01','1.00',NULL,'ACTIVE','9999-12-31',213,1),(214,'','2012-05-01','1.00',NULL,'ACTIVE','9999-12-31',214,1),(215,'','2012-05-01','1.00',NULL,'ACTIVE','9999-12-31',215,1),(216,'','2012-05-01','1.00',NULL,'ACTIVE','9999-12-31',216,1),(217,'','2012-05-01','1.00',NULL,'ACTIVE','9999-12-31',217,1),(218,'','2012-05-01','1.00',NULL,'ACTIVE','9999-12-31',218,1),(219,'','2012-05-01','1.00',NULL,'ACTIVE','9999-12-31',219,1),(220,'','2012-05-01','1.00',NULL,'ACTIVE','9999-12-31',220,1),(221,'','2012-05-01','1.00',NULL,'ACTIVE','9999-12-31',221,1),(222,'','2012-05-01','1.00',NULL,'ACTIVE','9999-12-31',222,1),(223,'','2012-05-01','1.00',NULL,'ACTIVE','9999-12-31',223,1),(224,'','2012-05-01','1.00',NULL,'ACTIVE','9999-12-31',224,1),(225,'','2012-05-01','1.00',NULL,'ACTIVE','9999-12-31',225,1),(226,'','2012-05-01','1.00',NULL,'ACTIVE','9999-12-31',226,1),(227,'','2012-05-01','1.00',NULL,'ACTIVE','9999-12-31',227,1),(228,'','2012-05-01','1.00',NULL,'ACTIVE','9999-12-31',228,1),(229,'','2012-05-01','1.00',NULL,'ACTIVE','9999-12-31',229,1),(230,'','2012-05-01','1.00',NULL,'ACTIVE','9999-12-31',230,1),(231,'','2012-05-01','1.00',NULL,'ACTIVE','9999-12-31',231,1),(232,'','2012-05-01','1.00',NULL,'ACTIVE','9999-12-31',232,1),(233,'','2012-05-01','1.00',NULL,'ACTIVE','9999-12-31',233,1),(234,'','2012-05-01','1.00',NULL,'ACTIVE','9999-12-31',234,1),(235,'','2012-05-01','1.00',NULL,'ACTIVE','9999-12-31',235,1),(236,'','2012-05-01','1.00',NULL,'ACTIVE','9999-12-31',236,1),(237,'','2012-05-01','1.00',NULL,'ACTIVE','9999-12-31',237,1),(238,'','2012-05-01','1.00',NULL,'ACTIVE','9999-12-31',238,1),(239,'','2012-05-01','1.00',NULL,'ACTIVE','9999-12-31',239,1),(240,'','2012-05-01','1.00',NULL,'ACTIVE','9999-12-31',240,1),(241,'','2012-05-01','1.00',NULL,'ACTIVE','9999-12-31',241,1),(242,'','2012-05-01','1.00',NULL,'ACTIVE','9999-12-31',242,1),(243,'','2012-05-01','1.00',NULL,'ACTIVE','9999-12-31',243,1),(244,'','2012-05-01','1.00',NULL,'ACTIVE','9999-12-31',244,1),(245,'','2012-05-01','1.00',NULL,'ACTIVE','9999-12-31',245,1),(246,'','2012-05-01','1.00',NULL,'ACTIVE','9999-12-31',246,1),(247,'','2012-05-01','1.00',NULL,'ACTIVE','9999-12-31',247,3),(248,'','2012-05-01','1.00',NULL,'ACTIVE','9999-12-31',248,3),(249,'','2012-05-01','1.00',NULL,'ACTIVE','9999-12-31',249,8),(250,'','2012-05-01','1.00',NULL,'ACTIVE','9999-12-31',250,1),(251,'','2012-05-01','1.00',NULL,'ACTIVE','9999-12-31',251,1),(252,'','2012-05-01','1.00',NULL,'ACTIVE','9999-12-31',252,1),(253,'','2012-05-01','1.00',NULL,'ACTIVE','9999-12-31',253,1),(254,'','2012-05-01','1.00',NULL,'ACTIVE','9999-12-31',254,1),(255,'','2012-05-01','1.00',NULL,'ACTIVE','9999-12-31',255,1),(256,'','2012-05-01','1.00',NULL,'ACTIVE','9999-12-31',256,8),(257,'','2012-05-01','1.00',NULL,'ACTIVE','9999-12-31',257,1),(258,'','2012-05-01','1.00',NULL,'ACTIVE','9999-12-31',258,8),(259,'','2012-05-01','1.00',NULL,'ACTIVE','9999-12-31',259,1),(260,'','2012-05-01','1.00',NULL,'ACTIVE','9999-12-31',260,1),(261,'','2012-05-01','1.00',NULL,'ACTIVE','9999-12-31',261,1),(262,'','2012-05-01','1.00',NULL,'ACTIVE','9999-12-31',262,1),(263,'','2012-05-01','1.00',NULL,'ACTIVE','9999-12-31',263,1),(264,'','2012-05-01','1.00',NULL,'ACTIVE','9999-12-31',264,1),(265,'','2012-05-01','1.00',NULL,'ACTIVE','9999-12-31',265,1),(266,'','2012-05-01','1.00',NULL,'ACTIVE','9999-12-31',266,1),(267,'','2012-05-01','1.00',NULL,'ACTIVE','9999-12-31',267,2),(268,'','2012-05-01','1.00',NULL,'ACTIVE','9999-12-31',268,1),(269,'','2012-05-01','1.00',NULL,'ACTIVE','9999-12-31',269,1),(270,'','2012-05-01','1.00',NULL,'ACTIVE','9999-12-31',270,1),(271,'','2012-05-01','1.00',NULL,'ACTIVE','9999-12-31',271,1),(272,'','2012-05-01','1.00',NULL,'ACTIVE','9999-12-31',272,2),(273,'','2012-05-01','1.00',NULL,'ACTIVE','9999-12-31',273,8),(274,'','2012-05-01','1.00',NULL,'ACTIVE','9999-12-31',274,8),(275,'','2012-05-01','1.00',NULL,'ACTIVE','9999-12-31',275,2),(276,'','2012-05-01','1.00',NULL,'ACTIVE','9999-12-31',276,2),(277,'','2012-05-01','1.00',NULL,'ACTIVE','9999-12-31',277,1),(278,'','2012-05-01','1.00',NULL,'ACTIVE','9999-12-31',278,1),(279,'','2012-05-01','1.00',NULL,'ACTIVE','9999-12-31',279,1),(280,'','2012-05-01','1.00',NULL,'ACTIVE','9999-12-31',280,1),(281,'','2012-05-01','1.00',NULL,'ACTIVE','9999-12-31',281,1),(282,'','2012-05-01','1.00',NULL,'ACTIVE','9999-12-31',282,1),(283,'','2012-05-01','1.00',NULL,'ACTIVE','9999-12-31',283,1),(284,'','2012-05-01','1.00',NULL,'ACTIVE','9999-12-31',284,1),(285,'','2012-05-01','1.00',NULL,'ACTIVE','9999-12-31',285,1),(286,'','2012-05-01','1.00',NULL,'ACTIVE','9999-12-31',286,1),(287,'','2012-05-01','1.00',NULL,'ACTIVE','9999-12-31',287,1),(288,'','2012-05-01','1.00',NULL,'ACTIVE','9999-12-31',288,1),(289,'','2012-05-01','1.00',NULL,'ACTIVE','9999-12-31',289,1),(290,'','2012-05-01','1.00',NULL,'ACTIVE','9999-12-31',290,1),(291,'','2012-05-01','1.00',NULL,'ACTIVE','9999-12-31',291,1),(292,'','2012-05-01','1.00',NULL,'ACTIVE','9999-12-31',292,1),(293,'','2012-05-01','1.00',NULL,'ACTIVE','9999-12-31',293,1),(294,'','2012-05-01','1.00',NULL,'ACTIVE','9999-12-31',294,4),(295,'','2012-05-01','1.00',NULL,'ACTIVE','9999-12-31',295,2),(296,'','2012-05-01','1.00',NULL,'ACTIVE','9999-12-31',296,4),(297,'','2012-05-01','1.00',NULL,'ACTIVE','9999-12-31',297,1),(298,'','2012-05-01','1.00',NULL,'ACTIVE','9999-12-31',298,1),(299,'','2012-05-01','1.00',NULL,'ACTIVE','9999-12-31',299,1),(300,'','2012-05-01','1.00',NULL,'ACTIVE','9999-12-31',300,1),(301,'','2012-05-01','1.00',NULL,'ACTIVE','9999-12-31',301,1),(302,'','2012-05-01','1.00',NULL,'ACTIVE','9999-12-31',302,2),(303,'','2012-05-01','1.00',NULL,'ACTIVE','9999-12-31',303,2),(304,'','2012-05-01','1.00',NULL,'ACTIVE','9999-12-31',304,2),(305,'','2012-05-01','1.00',NULL,'ACTIVE','9999-12-31',305,2),(306,'','2012-05-01','1.00',NULL,'ACTIVE','9999-12-31',306,1),(307,'','2012-05-01','1.00',NULL,'ACTIVE','9999-12-31',307,1),(308,'','2012-05-01','1.00',NULL,'ACTIVE','9999-12-31',308,1),(309,'','2012-05-01','1.00',NULL,'ACTIVE','9999-12-31',309,1),(310,'','2012-05-01','1.00',NULL,'ACTIVE','9999-12-31',310,1),(311,'','2012-05-01','1.00',NULL,'ACTIVE','9999-12-31',311,1),(312,'','2012-05-01','1.00',NULL,'ACTIVE','9999-12-31',312,1),(313,'','2012-05-01','1.00',NULL,'ACTIVE','9999-12-31',313,1),(314,'','2012-05-01','1.00',NULL,'ACTIVE','9999-12-31',314,3),(315,'','2012-05-01','1.00',NULL,'ACTIVE','9999-12-31',315,3),(316,'','2012-05-01','1.00',NULL,'ACTIVE','9999-12-31',316,3),(317,'','2012-05-01','1.00',NULL,'ACTIVE','9999-12-31',317,3),(318,'','2012-05-01','1.00',NULL,'ACTIVE','9999-12-31',318,8),(319,'','2012-05-01','1.00',NULL,'ACTIVE','9999-12-31',319,8),(320,'','2012-05-01','1.00',NULL,'ACTIVE','9999-12-31',320,1),(321,'','2012-05-01','1.00',NULL,'ACTIVE','9999-12-31',321,1),(322,'','2012-05-01','1.00',NULL,'ACTIVE','9999-12-31',322,1),(323,'','2012-05-01','1.00',NULL,'ACTIVE','9999-12-31',323,1),(324,'','2012-05-01','1.00',NULL,'ACTIVE','9999-12-31',324,1),(325,'','2012-05-01','1.00',NULL,'ACTIVE','9999-12-31',325,1),(326,'','2012-05-01','1.00',NULL,'ACTIVE','9999-12-31',326,1),(327,'','2012-05-01','1.00',NULL,'ACTIVE','9999-12-31',327,1),(328,'','2012-05-01','1.00',NULL,'ACTIVE','9999-12-31',328,1),(329,'','2012-05-01','1.00',NULL,'ACTIVE','9999-12-31',329,1),(330,'','2012-05-01','1.00',NULL,'ACTIVE','9999-12-31',330,1),(331,'','2012-05-01','1.00',NULL,'ACTIVE','9999-12-31',331,1),(332,'','2012-05-01','1.00',NULL,'ACTIVE','9999-12-31',332,1),(333,'','2012-05-01','1.00',NULL,'ACTIVE','9999-12-31',333,1),(334,'','2012-05-01','1.00',NULL,'ACTIVE','9999-12-31',334,1),(335,'','2012-05-01','1.00',NULL,'ACTIVE','9999-12-31',335,1),(336,'','2012-05-01','1.00',NULL,'ACTIVE','9999-12-31',336,1),(337,'','2012-05-01','1.00',NULL,'ACTIVE','9999-12-31',337,1),(338,'','2012-05-01','1.00',NULL,'ACTIVE','9999-12-31',338,1),(339,'','2012-05-01','1.00',NULL,'ACTIVE','9999-12-31',339,1),(340,'','2012-05-01','1.00',NULL,'ACTIVE','9999-12-31',340,1),(341,'','2012-05-01','1.00',NULL,'ACTIVE','9999-12-31',341,1),(342,'','2012-05-01','1.00',NULL,'ACTIVE','9999-12-31',342,1),(343,'','2012-05-01','1.00',NULL,'ACTIVE','9999-12-31',343,1),(344,'','2012-05-01','1.00',NULL,'ACTIVE','9999-12-31',344,1),(345,'','2012-05-01','1.00',NULL,'ACTIVE','9999-12-31',345,4),(346,'','2012-05-01','1.00',NULL,'ACTIVE','9999-12-31',346,1),(347,'','2012-05-01','1.00',NULL,'ACTIVE','9999-12-31',347,1),(348,'','2012-05-01','1.00',NULL,'ACTIVE','9999-12-31',348,1),(349,'','2012-05-01','1.00',NULL,'ACTIVE','9999-12-31',349,1),(350,'','2012-05-01','1.00',NULL,'ACTIVE','9999-12-31',350,2),(351,'','2012-05-01','1.00',NULL,'ACTIVE','9999-12-31',351,2),(352,'','2012-05-01','1.00',NULL,'ACTIVE','9999-12-31',352,2),(353,'','2012-05-01','1.00',NULL,'ACTIVE','9999-12-31',353,2),(354,'','2012-05-01','1.00',NULL,'ACTIVE','9999-12-31',354,3),(355,'','2012-05-01','1.00',NULL,'ACTIVE','9999-12-31',355,1),(356,'','2012-05-01','1.00',NULL,'ACTIVE','9999-12-31',356,3),(357,'','2012-06-01','1.00',NULL,'ACTIVE','9999-12-31',357,1),(358,'','2012-06-01','1.00',NULL,'ACTIVE','9999-12-31',358,1),(359,'','2012-06-01','1.00',NULL,'ACTIVE','9999-12-31',359,1),(360,'','2012-06-01','1.00',NULL,'ACTIVE','9999-12-31',360,1),(361,'','2012-06-01','1.00',NULL,'ACTIVE','9999-12-31',361,1),(362,'','2012-06-01','1.00',NULL,'ACTIVE','9999-12-31',362,1),(363,'','2012-06-01','1.00',NULL,'ACTIVE','9999-12-31',363,1),(364,'','2012-06-01','1.00',NULL,'ACTIVE','9999-12-31',364,1),(365,'','2012-06-01','1.00',NULL,'ACTIVE','9999-12-31',365,1),(366,'','2012-06-01','1.00',NULL,'ACTIVE','9999-12-31',366,1),(367,'','2012-06-01','1.00',NULL,'ACTIVE','9999-12-31',367,1),(368,'','2012-06-01','1.00',NULL,'ACTIVE','9999-12-31',368,1),(369,'','2012-06-01','1.00',NULL,'ACTIVE','9999-12-31',369,1),(370,'','2012-06-01','1.00',NULL,'ACTIVE','9999-12-31',370,1),(371,'','2012-06-01','1.00',NULL,'ACTIVE','9999-12-31',371,1),(372,'','2012-06-01','1.00',NULL,'ACTIVE','9999-12-31',372,1),(373,'','2012-06-01','1.00',NULL,'ACTIVE','9999-12-31',373,1),(374,'','2012-06-01','1.00',NULL,'ACTIVE','9999-12-31',374,1),(375,'','2012-06-01','1.00',NULL,'ACTIVE','9999-12-31',375,1),(376,'','2012-06-01','1.00',NULL,'ACTIVE','9999-12-31',376,1),(377,'','2012-06-01','1.00',NULL,'ACTIVE','9999-12-31',377,1),(378,'','2012-06-01','1.00',NULL,'ACTIVE','9999-12-31',378,1),(379,'','2012-06-01','1.00',NULL,'ACTIVE','9999-12-31',379,1),(380,'','2012-06-01','1.00',NULL,'ACTIVE','9999-12-31',380,1),(381,'','2012-06-01','1.00',NULL,'ACTIVE','9999-12-31',381,1),(382,'','2012-06-01','1.00',NULL,'ACTIVE','9999-12-31',382,1),(383,'','2012-06-01','1.00',NULL,'ACTIVE','9999-12-31',383,1),(384,'','2012-06-01','1.00',NULL,'ACTIVE','9999-12-31',384,1),(385,'','2012-06-01','1.00',NULL,'ACTIVE','9999-12-31',385,1),(386,'','2012-06-01','1.00',NULL,'ACTIVE','9999-12-31',386,1),(387,'','2012-06-01','1.00',NULL,'ACTIVE','9999-12-31',387,1),(388,'','2012-06-01','1.00',NULL,'ACTIVE','9999-12-31',388,5),(389,'','2012-06-01','1.00',NULL,'ACTIVE','9999-12-31',389,1),(390,'','2012-06-01','1.00',NULL,'ACTIVE','9999-12-31',390,1),(391,'','2012-06-01','1.00',NULL,'ACTIVE','9999-12-31',391,1),(392,'','2012-06-01','1.00',NULL,'ACTIVE','9999-12-31',392,5),(393,'','2012-06-01','1.00',NULL,'ACTIVE','9999-12-31',393,1),(394,'','2012-06-01','1.00',NULL,'ACTIVE','9999-12-31',394,1),(395,'','2012-06-01','1.00',NULL,'ACTIVE','9999-12-31',395,1),(396,'','2012-06-01','1.00',NULL,'ACTIVE','9999-12-31',396,1),(397,'','2012-06-01','1.00',NULL,'ACTIVE','9999-12-31',397,1);
/*!40000 ALTER TABLE `cn_contract_line_item` ENABLE KEYS */;
UNLOCK TABLES;

--
-- Table structure for table `fm_order_header`
--

DROP TABLE IF EXISTS `fm_order_header`;
/*!40101 SET @saved_cs_client     = @@character_set_client */;
/*!40101 SET character_set_client = utf8 */;
CREATE TABLE `fm_order_header` (
  `oh_order_id` int(11) NOT NULL,
  `oh_billing_account_id` varchar(255) DEFAULT NULL,
  `oh_contract_number` varchar(255) NOT NULL,
  `oh_currency_uom` varchar(255) DEFAULT NULL,
  `oh_entry_date` date DEFAULT NULL,
  `oh_external_id` varchar(255) DEFAULT NULL,
  `oh_from_date` date DEFAULT NULL,
  `oh_grand_total` decimal(19,2) DEFAULT NULL,
  `oh_order_date` datetime DEFAULT NULL,
  `oh_order_name` varchar(255) DEFAULT NULL,
  `oh_order_type_id` varchar(255) DEFAULT NULL,
  `oh_party_number` varchar(255) NOT NULL,
  `oh_priority` char(1) DEFAULT NULL,
  `oh_product_store_id` varchar(255) DEFAULT NULL,
  `oh_status_id` varchar(255) DEFAULT NULL,
  `oh_to_date` date DEFAULT NULL,
  `oh_transaction_id` varchar(255) DEFAULT NULL,
  `oh_billing_cycle_id` int(11) DEFAULT NULL,
  PRIMARY KEY (`oh_order_id`),
  UNIQUE KEY `oh_order_id` (`oh_order_id`),
  KEY `FKA5F3BD1637F113C3` (`oh_billing_cycle_id`),
  CONSTRAINT `FKA5F3BD1637F113C3` FOREIGN KEY (`oh_billing_cycle_id`) REFERENCES `bl_billing_cycle` (`bc_billing_cycle_id`)
) ENGINE=InnoDB DEFAULT CHARSET=latin1;
/*!40101 SET character_set_client = @saved_cs_client */;

--
-- Dumping data for table `fm_order_header`
--

LOCK TABLES `fm_order_header` WRITE;
/*!40000 ALTER TABLE `fm_order_header` DISABLE KEYS */;
INSERT INTO `fm_order_header` VALUES (1,'P00001','CN000001',NULL,'2012-07-05','ORD00201','2012-06-01','275.00','2012-07-05 21:56:09',NULL,'SO','P00001','\0',NULL,'INVOICED','2012-06-30',NULL,1),(2,'P00002','CN000002',NULL,'2012-07-05','ORD00202','2012-06-01','275.00','2012-07-05 21:56:12',NULL,'SO','P00002','\0',NULL,'INVOICED','2012-06-30',NULL,1),(3,'P00003','CN000003',NULL,'2012-07-05','ORD00203','2012-06-01','275.00','2012-07-05 21:56:12',NULL,'SO','P00003','\0',NULL,'INVOICED','2012-06-30',NULL,1),(4,'P00004','CN000004',NULL,'2012-07-05','ORD00204','2012-06-01','275.00','2012-07-05 21:56:13',NULL,'SO','P00004','\0',NULL,'INVOICED','2012-06-30',NULL,1),(5,'P00005','CN000005',NULL,'2012-07-05','ORD00205','2012-06-01','275.00','2012-07-05 21:56:13',NULL,'SO','P00005','\0',NULL,'INVOICED','2012-06-30',NULL,1),(6,'P00006','CN000006',NULL,'2012-07-05','ORD00206','2012-06-01','275.00','2012-07-05 21:56:13',NULL,'SO','P00006','\0',NULL,'INVOICED','2012-06-30',NULL,1),(7,'P00007','CN000007',NULL,'2012-07-05','ORD00207','2012-06-01','275.00','2012-07-05 21:56:13',NULL,'SO','P00007','\0',NULL,'INVOICED','2012-06-30',NULL,1),(8,'P00008','CN000008',NULL,'2012-07-05','ORD00208','2012-06-01','275.00','2012-07-05 21:56:14',NULL,'SO','P00008','\0',NULL,'INVOICED','2012-06-30',NULL,1),(9,'P00009','CN000009',NULL,'2012-07-05','ORD00209','2012-06-01','275.00','2012-07-05 21:56:14',NULL,'SO','P00009','\0',NULL,'INVOICED','2012-06-30',NULL,1),(10,'P00010','CN000010',NULL,'2012-07-05','ORD00210','2012-06-01','225.00','2012-07-05 21:56:15',NULL,'SO','P00010','\0',NULL,'INVOICED','2012-06-30',NULL,1),(11,'P00011','CN000011',NULL,'2012-07-05','ORD00211','2012-06-01','275.00','2012-07-05 21:56:15',NULL,'SO','P00011','\0',NULL,'INVOICED','2012-06-30',NULL,1),(12,'P00012','CN000012',NULL,'2012-07-05','ORD00212','2012-06-01','275.00','2012-07-05 21:56:15',NULL,'SO','P00012','\0',NULL,'INVOICED','2012-06-30',NULL,1),(13,'P00013','CN000013',NULL,'2012-07-05','ORD00213','2012-06-01','275.00','2012-07-05 21:56:15',NULL,'SO','P00013','\0',NULL,'INVOICED','2012-06-30',NULL,1),(14,'P00014','CN000014',NULL,'2012-07-05','ORD00214','2012-06-01','275.00','2012-07-05 21:56:15',NULL,'SO','P00014','\0',NULL,'INVOICED','2012-06-30',NULL,1),(15,'P00015','CN000015',NULL,'2012-07-05','ORD00215','2012-06-01','275.00','2012-07-05 21:56:16',NULL,'SO','P00015','\0',NULL,'INVOICED','2012-06-30',NULL,1),(16,'P00016','CN000016',NULL,'2012-07-05','ORD00216','2012-06-01','275.00','2012-07-05 21:56:16',NULL,'SO','P00016','\0',NULL,'INVOICED','2012-06-30',NULL,1),(17,'P00017','CN000017',NULL,'2012-07-05','ORD00217','2012-06-01','275.00','2012-07-05 21:56:16',NULL,'SO','P00017','\0',NULL,'INVOICED','2012-06-30',NULL,1),(18,'P00018','CN000018',NULL,'2012-07-05','ORD00218','2012-06-01','275.00','2012-07-05 21:56:16',NULL,'SO','P00018','\0',NULL,'INVOICED','2012-06-30',NULL,1),(19,'P00019','CN000019',NULL,'2012-07-05','ORD00219','2012-06-01','275.00','2012-07-05 21:56:17',NULL,'SO','P00019','\0',NULL,'INVOICED','2012-06-30',NULL,1),(20,'P00020','CN000020',NULL,'2012-07-05','ORD00220','2012-06-01','275.00','2012-07-05 21:56:17',NULL,'SO','P00020','\0',NULL,'INVOICED','2012-06-30',NULL,1),(21,'P00021','CN000021',NULL,'2012-07-05','ORD00221','2012-06-01','275.00','2012-07-05 21:56:17',NULL,'SO','P00021','\0',NULL,'INVOICED','2012-06-30',NULL,1),(22,'P00022','CN000022',NULL,'2012-07-05','ORD00222','2012-06-01','275.00','2012-07-05 21:56:17',NULL,'SO','P00022','\0',NULL,'INVOICED','2012-06-30',NULL,1),(23,'P00023','CN000023',NULL,'2012-07-05','ORD00223','2012-06-01','225.00','2012-07-05 21:56:18',NULL,'SO','P00023','\0',NULL,'INVOICED','2012-06-30',NULL,1),(24,'P00024','CN000024',NULL,'2012-07-05','ORD00224','2012-06-01','275.00','2012-07-05 21:56:18',NULL,'SO','P00024','\0',NULL,'INVOICED','2012-06-30',NULL,1),(25,'P00025','CN000025',NULL,'2012-07-05','ORD00225','2012-06-01','275.00','2012-07-05 21:56:18',NULL,'SO','P00025','\0',NULL,'INVOICED','2012-06-30',NULL,1),(26,'P00026','CN000026',NULL,'2012-07-05','ORD00226','2012-06-01','275.00','2012-07-05 21:56:19',NULL,'SO','P00026','\0',NULL,'INVOICED','2012-06-30',NULL,1),(27,'P00027','CN000027',NULL,'2012-07-05','ORD00227','2012-06-01','275.00','2012-07-05 21:56:19',NULL,'SO','P00027','\0',NULL,'INVOICED','2012-06-30',NULL,1),(28,'P00028','CN000028',NULL,'2012-07-05','ORD00228','2012-06-01','275.00','2012-07-05 21:56:19',NULL,'SO','P00028','\0',NULL,'INVOICED','2012-06-30',NULL,1),(29,'P00029','CN000029',NULL,'2012-07-05','ORD00229','2012-06-01','275.00','2012-07-05 21:56:20',NULL,'SO','P00029','\0',NULL,'INVOICED','2012-06-30',NULL,1),(30,'P00030','CN000030',NULL,'2012-07-05','ORD00230','2012-06-01','275.00','2012-07-05 21:56:20',NULL,'SO','P00030','\0',NULL,'INVOICED','2012-06-30',NULL,1),(31,'P00031','CN000031',NULL,'2012-07-05','ORD00231','2012-06-01','275.00','2012-07-05 21:56:20',NULL,'SO','P00031','\0',NULL,'INVOICED','2012-06-30',NULL,1),(32,'P00032','CN000032',NULL,'2012-07-05','ORD00232','2012-06-01','275.00','2012-07-05 21:56:20',NULL,'SO','P00032','\0',NULL,'INVOICED','2012-06-30',NULL,1),(33,'P00033','CN000033',NULL,'2012-07-05','ORD00233','2012-06-01','275.00','2012-07-05 21:56:21',NULL,'SO','P00033','\0',NULL,'INVOICED','2012-06-30',NULL,1),(34,'P00034','CN000034',NULL,'2012-07-05','ORD00234','2012-06-01','275.00','2012-07-05 21:56:21',NULL,'SO','P00034','\0',NULL,'INVOICED','2012-06-30',NULL,1),(35,'P00035','CN000035',NULL,'2012-07-05','ORD00235','2012-06-01','225.00','2012-07-05 21:56:21',NULL,'SO','P00035','\0',NULL,'INVOICED','2012-06-30',NULL,1),(36,'P00036','CN000036',NULL,'2012-07-05','ORD00236','2012-06-01','275.00','2012-07-05 21:56:21',NULL,'SO','P00036','\0',NULL,'INVOICED','2012-06-30',NULL,1),(37,'P00037','CN000037',NULL,'2012-07-05','ORD00237','2012-06-01','275.00','2012-07-05 21:56:22',NULL,'SO','P00037','\0',NULL,'INVOICED','2012-06-30',NULL,1),(38,'P00038','CN000038',NULL,'2012-07-05','ORD00238','2012-06-01','275.00','2012-07-05 21:56:22',NULL,'SO','P00038','\0',NULL,'INVOICED','2012-06-30',NULL,1),(39,'P00039','CN000039',NULL,'2012-07-05','ORD00239','2012-06-01','275.00','2012-07-05 21:56:22',NULL,'SO','P00039','\0',NULL,'INVOICED','2012-06-30',NULL,1),(40,'P00040','CN000040',NULL,'2012-07-05','ORD00240','2012-06-01','275.00','2012-07-05 21:56:22',NULL,'SO','P00040','\0',NULL,'INVOICED','2012-06-30',NULL,1),(41,'P00041','CN000041',NULL,'2012-07-05','ORD00241','2012-06-01','275.00','2012-07-05 21:56:23',NULL,'SO','P00041','\0',NULL,'INVOICED','2012-06-30',NULL,1),(42,'P00042','CN000042',NULL,'2012-07-05','ORD00242','2012-06-01','275.00','2012-07-05 21:56:23',NULL,'SO','P00042','\0',NULL,'INVOICED','2012-06-30',NULL,1),(43,'P00043','CN000043',NULL,'2012-07-05','ORD00243','2012-06-01','275.00','2012-07-05 21:56:23',NULL,'SO','P00043','\0',NULL,'INVOICED','2012-06-30',NULL,1),(44,'P00044','CN000044',NULL,'2012-07-05','ORD00244','2012-06-01','275.00','2012-07-05 21:56:23',NULL,'SO','P00044','\0',NULL,'INVOICED','2012-06-30',NULL,1),(45,'P00045','CN000045',NULL,'2012-07-05','ORD00245','2012-06-01','275.00','2012-07-05 21:56:24',NULL,'SO','P00045','\0',NULL,'INVOICED','2012-06-30',NULL,1),(46,'P00046','CN000046',NULL,'2012-07-05','ORD00246','2012-06-01','225.00','2012-07-05 21:56:24',NULL,'SO','P00046','\0',NULL,'INVOICED','2012-06-30',NULL,1),(47,'P00047','CN000047',NULL,'2012-07-05','ORD00247','2012-06-01','225.00','2012-07-05 21:56:24',NULL,'SO','P00047','\0',NULL,'INVOICED','2012-06-30',NULL,1),(48,'P00048','CN000048',NULL,'2012-07-05','ORD00248','2012-06-01','325.00','2012-07-05 21:56:24',NULL,'SO','P00048','\0',NULL,'INVOICED','2012-06-30',NULL,1),(49,'P00049','CN000049',NULL,'2012-07-05','ORD00249','2012-06-01','275.00','2012-07-05 21:56:25',NULL,'SO','P00049','\0',NULL,'INVOICED','2012-06-30',NULL,1),(50,'P00050','CN000050',NULL,'2012-07-05','ORD00250','2012-06-01','275.00','2012-07-05 21:56:25',NULL,'SO','P00050','\0',NULL,'INVOICED','2012-06-30',NULL,1),(51,'P00051','CN000051',NULL,'2012-07-05','ORD00251','2012-06-01','275.00','2012-07-05 21:56:25',NULL,'SO','P00051','\0',NULL,'INVOICED','2012-06-30',NULL,1),(52,'P00052','CN000052',NULL,'2012-07-05','ORD00252','2012-06-01','275.00','2012-07-05 21:56:25',NULL,'SO','P00052','\0',NULL,'INVOICED','2012-06-30',NULL,1),(53,'P00053','CN000053',NULL,'2012-07-05','ORD00253','2012-06-01','275.00','2012-07-05 21:56:25',NULL,'SO','P00053','\0',NULL,'INVOICED','2012-06-30',NULL,1),(54,'P00054','CN000054',NULL,'2012-07-05','ORD00254','2012-06-01','275.00','2012-07-05 21:56:26',NULL,'SO','P00054','\0',NULL,'INVOICED','2012-06-30',NULL,1),(55,'P00055','CN000055',NULL,'2012-07-05','ORD00255','2012-06-01','275.00','2012-07-05 21:56:26',NULL,'SO','P00055','\0',NULL,'INVOICED','2012-06-30',NULL,1),(56,'P00056','CN000056',NULL,'2012-07-05','ORD00256','2012-06-01','275.00','2012-07-05 21:56:26',NULL,'SO','P00056','\0',NULL,'INVOICED','2012-06-30',NULL,1),(57,'P00057','CN000057',NULL,'2012-07-05','ORD00257','2012-06-01','275.00','2012-07-05 21:56:26',NULL,'SO','P00057','\0',NULL,'INVOICED','2012-06-30',NULL,1),(58,'P00058','CN000058',NULL,'2012-07-05','ORD00258','2012-06-01','275.00','2012-07-05 21:56:27',NULL,'SO','P00058','\0',NULL,'INVOICED','2012-06-30',NULL,1),(59,'P00059','CN000059',NULL,'2012-07-05','ORD00259','2012-06-01','275.00','2012-07-05 21:56:27',NULL,'SO','P00059','\0',NULL,'INVOICED','2012-06-30',NULL,1),(60,'P00060','CN000060',NULL,'2012-07-05','ORD00260','2012-06-01','325.00','2012-07-05 21:56:27',NULL,'SO','P00060','\0',NULL,'INVOICED','2012-06-30',NULL,1),(61,'P00061','CN000061',NULL,'2012-07-05','ORD00261','2012-06-01','275.00','2012-07-05 21:56:27',NULL,'SO','P00061','\0',NULL,'INVOICED','2012-06-30',NULL,1),(62,'P00062','CN000062',NULL,'2012-07-05','ORD00262','2012-06-01','275.00','2012-07-05 21:56:27',NULL,'SO','P00062','\0',NULL,'INVOICED','2012-06-30',NULL,1),(63,'P00063','CN000063',NULL,'2012-07-05','ORD00263','2012-06-01','275.00','2012-07-05 21:56:28',NULL,'SO','P00063','\0',NULL,'INVOICED','2012-06-30',NULL,1),(64,'P00064','CN000064',NULL,'2012-07-05','ORD00264','2012-06-01','275.00','2012-07-05 21:56:28',NULL,'SO','P00064','\0',NULL,'INVOICED','2012-06-30',NULL,1),(65,'P00065','CN000065',NULL,'2012-07-05','ORD00265','2012-06-01','275.00','2012-07-05 21:56:28',NULL,'SO','P00065','\0',NULL,'INVOICED','2012-06-30',NULL,1),(66,'P00066','CN000066',NULL,'2012-07-05','ORD00266','2012-06-01','275.00','2012-07-05 21:56:28',NULL,'SO','P00066','\0',NULL,'INVOICED','2012-06-30',NULL,1),(67,'P00067','CN000067',NULL,'2012-07-05','ORD00267','2012-06-01','275.00','2012-07-05 21:56:29',NULL,'SO','P00067','\0',NULL,'INVOICED','2012-06-30',NULL,1),(68,'P00068','CN000068',NULL,'2012-07-05','ORD00268','2012-06-01','275.00','2012-07-05 21:56:29',NULL,'SO','P00068','\0',NULL,'INVOICED','2012-06-30',NULL,1),(69,'P00069','CN000069',NULL,'2012-07-05','ORD00269','2012-06-01','275.00','2012-07-05 21:56:29',NULL,'SO','P00069','\0',NULL,'INVOICED','2012-06-30',NULL,1),(70,'P00070','CN000070',NULL,'2012-07-05','ORD00270','2012-06-01','275.00','2012-07-05 21:56:29',NULL,'SO','P00070','\0',NULL,'INVOICED','2012-06-30',NULL,1),(71,'P00071','CN000071',NULL,'2012-07-05','ORD00271','2012-06-01','275.00','2012-07-05 21:56:30',NULL,'SO','P00071','\0',NULL,'INVOICED','2012-06-30',NULL,1),(72,'P00072','CN000072',NULL,'2012-07-05','ORD00272','2012-06-01','275.00','2012-07-05 21:56:30',NULL,'SO','P00072','\0',NULL,'INVOICED','2012-06-30',NULL,1),(73,'P00073','CN000073',NULL,'2012-07-05','ORD00273','2012-06-01','275.00','2012-07-05 21:56:30',NULL,'SO','P00073','\0',NULL,'INVOICED','2012-06-30',NULL,1),(74,'P00074','CN000074',NULL,'2012-07-05','ORD00274','2012-06-01','275.00','2012-07-05 21:56:30',NULL,'SO','P00074','\0',NULL,'INVOICED','2012-06-30',NULL,1),(75,'P00075','CN000075',NULL,'2012-07-05','ORD00275','2012-06-01','325.00','2012-07-05 21:56:31',NULL,'SO','P00075','\0',NULL,'INVOICED','2012-06-30',NULL,1),(76,'P00076','CN000076',NULL,'2012-07-05','ORD00276','2012-06-01','275.00','2012-07-05 21:56:31',NULL,'SO','P00076','\0',NULL,'INVOICED','2012-06-30',NULL,1),(77,'P00077','CN000077',NULL,'2012-07-05','ORD00277','2012-06-01','275.00','2012-07-05 21:56:31',NULL,'SO','P00077','\0',NULL,'INVOICED','2012-06-30',NULL,1),(78,'P00078','CN000078',NULL,'2012-07-05','ORD00278','2012-06-01','275.00','2012-07-05 21:56:31',NULL,'SO','P00078','\0',NULL,'INVOICED','2012-06-30',NULL,1),(79,'P00079','CN000079',NULL,'2012-07-05','ORD00279','2012-06-01','275.00','2012-07-05 21:56:32',NULL,'SO','P00079','\0',NULL,'INVOICED','2012-06-30',NULL,1),(80,'P00080','CN000080',NULL,'2012-07-05','ORD00280','2012-06-01','275.00','2012-07-05 21:56:32',NULL,'SO','P00080','\0',NULL,'INVOICED','2012-06-30',NULL,1),(81,'P00081','CN000081',NULL,'2012-07-05','ORD00281','2012-06-01','275.00','2012-07-05 21:56:32',NULL,'SO','P00081','\0',NULL,'INVOICED','2012-06-30',NULL,1),(82,'P00082','CN000082',NULL,'2012-07-05','ORD00282','2012-06-01','275.00','2012-07-05 21:56:32',NULL,'SO','P00082','\0',NULL,'INVOICED','2012-06-30',NULL,1),(83,'P00083','CN000083',NULL,'2012-07-05','ORD00283','2012-06-01','275.00','2012-07-05 21:56:32',NULL,'SO','P00083','\0',NULL,'INVOICED','2012-06-30',NULL,1),(84,'P00084','CN000084',NULL,'2012-07-05','ORD00284','2012-06-01','275.00','2012-07-05 21:56:33',NULL,'SO','P00084','\0',NULL,'INVOICED','2012-06-30',NULL,1),(85,'P00085','CN000085',NULL,'2012-07-05','ORD00285','2012-06-01','275.00','2012-07-05 21:56:33',NULL,'SO','P00085','\0',NULL,'INVOICED','2012-06-30',NULL,1),(86,'P00086','CN000086',NULL,'2012-07-05','ORD00286','2012-06-01','275.00','2012-07-05 21:56:33',NULL,'SO','P00086','\0',NULL,'INVOICED','2012-06-30',NULL,1),(87,'P00087','CN000087',NULL,'2012-07-05','ORD00287','2012-06-01','275.00','2012-07-05 21:56:33',NULL,'SO','P00087','\0',NULL,'INVOICED','2012-06-30',NULL,1),(88,'P00088','CN000088',NULL,'2012-07-05','ORD00288','2012-06-01','275.00','2012-07-05 21:56:34',NULL,'SO','P00088','\0',NULL,'INVOICED','2012-06-30',NULL,1),(89,'P00089','CN000089',NULL,'2012-07-05','ORD00289','2012-06-01','275.00','2012-07-05 21:56:34',NULL,'SO','P00089','\0',NULL,'INVOICED','2012-06-30',NULL,1),(90,'P00090','CN000090',NULL,'2012-07-05','ORD00290','2012-06-01','275.00','2012-07-05 21:56:34',NULL,'SO','P00090','\0',NULL,'INVOICED','2012-06-30',NULL,1),(91,'P00091','CN000091',NULL,'2012-07-05','ORD00291','2012-06-01','275.00','2012-07-05 21:56:34',NULL,'SO','P00091','\0',NULL,'INVOICED','2012-06-30',NULL,1),(92,'P00092','CN000092',NULL,'2012-07-05','ORD00292','2012-06-01','275.00','2012-07-05 21:56:35',NULL,'SO','P00092','\0',NULL,'INVOICED','2012-06-30',NULL,1),(93,'P00093','CN000093',NULL,'2012-07-05','ORD00293','2012-06-01','275.00','2012-07-05 21:56:35',NULL,'SO','P00093','\0',NULL,'INVOICED','2012-06-30',NULL,1),(94,'P00094','CN000094',NULL,'2012-07-05','ORD00294','2012-06-01','275.00','2012-07-05 21:56:35',NULL,'SO','P00094','\0',NULL,'INVOICED','2012-06-30',NULL,1),(95,'P00095','CN000095',NULL,'2012-07-05','ORD00295','2012-06-01','325.00','2012-07-05 21:56:35',NULL,'SO','P00095','\0',NULL,'INVOICED','2012-06-30',NULL,1),(96,'P00096','CN000096',NULL,'2012-07-05','ORD00296','2012-06-01','325.00','2012-07-05 21:56:36',NULL,'SO','P00096','\0',NULL,'INVOICED','2012-06-30',NULL,1),(97,'P00097','CN000097',NULL,'2012-07-05','ORD00297','2012-06-01','275.00','2012-07-05 21:56:36',NULL,'SO','P00097','\0',NULL,'INVOICED','2012-06-30',NULL,1),(98,'P00098','CN000098',NULL,'2012-07-05','ORD00298','2012-06-01','275.00','2012-07-05 21:56:36',NULL,'SO','P00098','\0',NULL,'INVOICED','2012-06-30',NULL,1),(99,'P00099','CN000099',NULL,'2012-07-05','ORD00299','2012-06-01','275.00','2012-07-05 21:56:36',NULL,'SO','P00099','\0',NULL,'INVOICED','2012-06-30',NULL,1),(100,'P00100','CN000100',NULL,'2012-07-05','ORD00300','2012-06-01','275.00','2012-07-05 21:56:37',NULL,'SO','P00100','\0',NULL,'INVOICED','2012-06-30',NULL,1),(101,'P00101','CN000101',NULL,'2012-07-05','ORD00301','2012-06-01','275.00','2012-07-05 21:56:37',NULL,'SO','P00101','\0',NULL,'INVOICED','2012-06-30',NULL,1),(102,'P00102','CN000102',NULL,'2012-07-05','ORD00302','2012-06-01','275.00','2012-07-05 21:56:37',NULL,'SO','P00102','\0',NULL,'INVOICED','2012-06-30',NULL,1),(103,'P00103','CN000103',NULL,'2012-07-05','ORD00303','2012-06-01','275.00','2012-07-05 21:56:38',NULL,'SO','P00103','\0',NULL,'INVOICED','2012-06-30',NULL,1),(104,'P00104','CN000104',NULL,'2012-07-05','ORD00304','2012-06-01','275.00','2012-07-05 21:56:38',NULL,'SO','P00104','\0',NULL,'INVOICED','2012-06-30',NULL,1),(105,'P00105','CN000105',NULL,'2012-07-05','ORD00305','2012-06-01','275.00','2012-07-05 21:56:38',NULL,'SO','P00105','\0',NULL,'INVOICED','2012-06-30',NULL,1),(106,'P00106','CN000106',NULL,'2012-07-05','ORD00306','2012-06-01','275.00','2012-07-05 21:56:38',NULL,'SO','P00106','\0',NULL,'INVOICED','2012-06-30',NULL,1),(107,'P00107','CN000107',NULL,'2012-07-05','ORD00307','2012-06-01','275.00','2012-07-05 21:56:39',NULL,'SO','P00107','\0',NULL,'INVOICED','2012-06-30',NULL,1),(108,'P00108','CN000108',NULL,'2012-07-05','ORD00308','2012-06-01','275.00','2012-07-05 21:56:39',NULL,'SO','P00108','\0',NULL,'INVOICED','2012-06-30',NULL,1),(109,'P00109','CN000109',NULL,'2012-07-05','ORD00309','2012-06-01','275.00','2012-07-05 21:56:39',NULL,'SO','P00109','\0',NULL,'INVOICED','2012-06-30',NULL,1),(110,'P00110','CN000110',NULL,'2012-07-05','ORD00310','2012-06-01','275.00','2012-07-05 21:56:39',NULL,'SO','P00110','\0',NULL,'INVOICED','2012-06-30',NULL,1),(111,'P00111','CN000111',NULL,'2012-07-05','ORD00311','2012-06-01','275.00','2012-07-05 21:56:40',NULL,'SO','P00111','\0',NULL,'INVOICED','2012-06-30',NULL,1),(112,'P00112','CN000112',NULL,'2012-07-05','ORD00312','2012-06-01','275.00','2012-07-05 21:56:40',NULL,'SO','P00112','\0',NULL,'INVOICED','2012-06-30',NULL,1),(113,'P00113','CN000113',NULL,'2012-07-05','ORD00313','2012-06-01','275.00','2012-07-05 21:56:40',NULL,'SO','P00113','\0',NULL,'INVOICED','2012-06-30',NULL,1),(114,'P00114','CN000114',NULL,'2012-07-05','ORD00314','2012-06-01','275.00','2012-07-05 21:56:40',NULL,'SO','P00114','\0',NULL,'INVOICED','2012-06-30',NULL,1),(115,'P00115','CN000115',NULL,'2012-07-05','ORD00315','2012-06-01','275.00','2012-07-05 21:56:41',NULL,'SO','P00115','\0',NULL,'INVOICED','2012-06-30',NULL,1),(116,'P00116','CN000116',NULL,'2012-07-05','ORD00316','2012-06-01','325.00','2012-07-05 21:56:41',NULL,'SO','P00116','\0',NULL,'INVOICED','2012-06-30',NULL,1),(117,'P00117','CN000117',NULL,'2012-07-05','ORD00317','2012-06-01','325.00','2012-07-05 21:56:41',NULL,'SO','P00117','\0',NULL,'INVOICED','2012-06-30',NULL,1),(118,'P00118','CN000118',NULL,'2012-07-05','ORD00318','2012-06-01','275.00','2012-07-05 21:56:42',NULL,'SO','P00118','\0',NULL,'INVOICED','2012-06-30',NULL,1),(119,'P00119','CN000119',NULL,'2012-07-05','ORD00319','2012-06-01','275.00','2012-07-05 21:56:42',NULL,'SO','P00119','\0',NULL,'INVOICED','2012-06-30',NULL,1),(120,'P00120','CN000120',NULL,'2012-07-05','ORD00320','2012-06-01','275.00','2012-07-05 21:56:42',NULL,'SO','P00120','\0',NULL,'INVOICED','2012-06-30',NULL,1),(121,'P00121','CN000121',NULL,'2012-07-05','ORD00321','2012-06-01','275.00','2012-07-05 21:56:42',NULL,'SO','P00121','\0',NULL,'INVOICED','2012-06-30',NULL,1),(122,'P00122','CN000122',NULL,'2012-07-05','ORD00322','2012-06-01','275.00','2012-07-05 21:56:43',NULL,'SO','P00122','\0',NULL,'INVOICED','2012-06-30',NULL,1),(123,'P00123','CN000123',NULL,'2012-07-05','ORD00323','2012-06-01','275.00','2012-07-05 21:56:43',NULL,'SO','P00123','\0',NULL,'INVOICED','2012-06-30',NULL,1),(124,'P00124','CN000124',NULL,'2012-07-05','ORD00324','2012-06-01','275.00','2012-07-05 21:56:43',NULL,'SO','P00124','\0',NULL,'INVOICED','2012-06-30',NULL,1),(125,'P00125','CN000125',NULL,'2012-07-05','ORD00325','2012-06-01','275.00','2012-07-05 21:56:44',NULL,'SO','P00125','\0',NULL,'INVOICED','2012-06-30',NULL,1),(126,'P00126','CN000126',NULL,'2012-07-05','ORD00326','2012-06-01','275.00','2012-07-05 21:56:44',NULL,'SO','P00126','\0',NULL,'INVOICED','2012-06-30',NULL,1),(127,'P00127','CN000127',NULL,'2012-07-05','ORD00327','2012-06-01','275.00','2012-07-05 21:56:44',NULL,'SO','P00127','\0',NULL,'INVOICED','2012-06-30',NULL,1),(128,'P00128','CN000128',NULL,'2012-07-05','ORD00328','2012-06-01','275.00','2012-07-05 21:56:44',NULL,'SO','P00128','\0',NULL,'INVOICED','2012-06-30',NULL,1),(129,'P00129','CN000129',NULL,'2012-07-05','ORD00329','2012-06-01','275.00','2012-07-05 21:56:45',NULL,'SO','P00129','\0',NULL,'INVOICED','2012-06-30',NULL,1),(130,'P00130','CN000130',NULL,'2012-07-05','ORD00330','2012-06-01','275.00','2012-07-05 21:56:45',NULL,'SO','P00130','\0',NULL,'INVOICED','2012-06-30',NULL,1),(131,'P00131','CN000131',NULL,'2012-07-05','ORD00331','2012-06-01','275.00','2012-07-05 21:56:45',NULL,'SO','P00131','\0',NULL,'INVOICED','2012-06-30',NULL,1),(132,'P00132','CN000132',NULL,'2012-07-05','ORD00332','2012-06-01','275.00','2012-07-05 21:56:46',NULL,'SO','P00132','\0',NULL,'INVOICED','2012-06-30',NULL,1),(133,'P00133','CN000133',NULL,'2012-07-05','ORD00333','2012-06-01','275.00','2012-07-05 21:56:46',NULL,'SO','P00133','\0',NULL,'INVOICED','2012-06-30',NULL,1),(134,'P00134','CN000134',NULL,'2012-07-05','ORD00334','2012-06-01','275.00','2012-07-05 21:56:46',NULL,'SO','P00134','\0',NULL,'INVOICED','2012-06-30',NULL,1),(135,'P00135','CN000135',NULL,'2012-07-05','ORD00335','2012-06-01','275.00','2012-07-05 21:56:46',NULL,'SO','P00135','\0',NULL,'INVOICED','2012-06-30',NULL,1),(136,'P00136','CN000136',NULL,'2012-07-05','ORD00336','2012-06-01','225.00','2012-07-05 21:56:47',NULL,'SO','P00136','\0',NULL,'INVOICED','2012-06-30',NULL,1),(137,'P00137','CN000137',NULL,'2012-07-05','ORD00337','2012-06-01','275.00','2012-07-05 21:56:47',NULL,'SO','P00137','\0',NULL,'INVOICED','2012-06-30',NULL,1),(138,'P00138','CN000138',NULL,'2012-07-05','ORD00338','2012-06-01','275.00','2012-07-05 21:56:47',NULL,'SO','P00138','\0',NULL,'INVOICED','2012-06-30',NULL,1),(139,'P00139','CN000139',NULL,'2012-07-05','ORD00339','2012-06-01','275.00','2012-07-05 21:56:47',NULL,'SO','P00139','\0',NULL,'INVOICED','2012-06-30',NULL,1),(140,'P00140','CN000140',NULL,'2012-07-05','ORD00340','2012-06-01','275.00','2012-07-05 21:56:48',NULL,'SO','P00140','\0',NULL,'INVOICED','2012-06-30',NULL,1),(141,'P00141','CN000141',NULL,'2012-07-05','ORD00341','2012-06-01','275.00','2012-07-05 21:56:48',NULL,'SO','P00141','\0',NULL,'INVOICED','2012-06-30',NULL,1),(142,'P00142','CN000142',NULL,'2012-07-05','ORD00342','2012-06-01','275.00','2012-07-05 21:56:48',NULL,'SO','P00142','\0',NULL,'INVOICED','2012-06-30',NULL,1),(143,'P00143','CN000143',NULL,'2012-07-05','ORD00343','2012-06-01','275.00','2012-07-05 21:56:49',NULL,'SO','P00143','\0',NULL,'INVOICED','2012-06-30',NULL,1),(144,'P00144','CN000144',NULL,'2012-07-05','ORD00344','2012-06-01','275.00','2012-07-05 21:56:49',NULL,'SO','P00144','\0',NULL,'INVOICED','2012-06-30',NULL,1),(145,'P00145','CN000145',NULL,'2012-07-05','ORD00345','2012-06-01','275.00','2012-07-05 21:56:49',NULL,'SO','P00145','\0',NULL,'INVOICED','2012-06-30',NULL,1),(146,'P00146','CN000146',NULL,'2012-07-05','ORD00346','2012-06-01','275.00','2012-07-05 21:56:49',NULL,'SO','P00146','\0',NULL,'INVOICED','2012-06-30',NULL,1),(147,'P00147','CN000147',NULL,'2012-07-05','ORD00347','2012-06-01','275.00','2012-07-05 21:56:50',NULL,'SO','P00147','\0',NULL,'INVOICED','2012-06-30',NULL,1),(148,'P00148','CN000148',NULL,'2012-07-05','ORD00348','2012-06-01','275.00','2012-07-05 21:56:50',NULL,'SO','P00148','\0',NULL,'INVOICED','2012-06-30',NULL,1),(149,'P00149','CN000149',NULL,'2012-07-05','ORD00349','2012-06-01','275.00','2012-07-05 21:56:50',NULL,'SO','P00149','\0',NULL,'INVOICED','2012-06-30',NULL,1),(150,'P00150','CN000150',NULL,'2012-07-05','ORD00350','2012-06-01','275.00','2012-07-05 21:56:51',NULL,'SO','P00150','\0',NULL,'INVOICED','2012-06-30',NULL,1),(151,'P00151','CN000151',NULL,'2012-07-05','ORD00351','2012-06-01','275.00','2012-07-05 21:56:51',NULL,'SO','P00151','\0',NULL,'INVOICED','2012-06-30',NULL,1),(152,'P00152','CN000152',NULL,'2012-07-05','ORD00352','2012-06-01','275.00','2012-07-05 21:56:51',NULL,'SO','P00152','\0',NULL,'INVOICED','2012-06-30',NULL,1),(153,'P00153','CN000153',NULL,'2012-07-05','ORD00353','2012-06-01','275.00','2012-07-05 21:56:52',NULL,'SO','P00153','\0',NULL,'INVOICED','2012-06-30',NULL,1),(154,'P00154','CN000154',NULL,'2012-07-05','ORD00354','2012-06-01','275.00','2012-07-05 21:56:52',NULL,'SO','P00154','\0',NULL,'INVOICED','2012-06-30',NULL,1),(155,'P00155','CN000155',NULL,'2012-07-05','ORD00355','2012-06-01','275.00','2012-07-05 21:56:52',NULL,'SO','P00155','\0',NULL,'INVOICED','2012-06-30',NULL,1),(156,'P00156','CN000156',NULL,'2012-07-05','ORD00356','2012-06-01','275.00','2012-07-05 21:56:52',NULL,'SO','P00156','\0',NULL,'INVOICED','2012-06-30',NULL,1),(157,'P00157','CN000157',NULL,'2012-07-05','ORD00357','2012-06-01','275.00','2012-07-05 21:56:53',NULL,'SO','P00157','\0',NULL,'INVOICED','2012-06-30',NULL,1),(158,'P00158','CN000158',NULL,'2012-07-05','ORD00358','2012-06-01','275.00','2012-07-05 21:56:53',NULL,'SO','P00158','\0',NULL,'INVOICED','2012-06-30',NULL,1),(159,'P00159','CN000159',NULL,'2012-07-05','ORD00359','2012-06-01','275.00','2012-07-05 21:56:53',NULL,'SO','P00159','\0',NULL,'INVOICED','2012-06-30',NULL,1),(160,'P00160','CN000160',NULL,'2012-07-05','ORD00360','2012-06-01','275.00','2012-07-05 21:56:54',NULL,'SO','P00160','\0',NULL,'INVOICED','2012-06-30',NULL,1),(161,'P00161','CN000161',NULL,'2012-07-05','ORD00361','2012-06-01','275.00','2012-07-05 21:56:54',NULL,'SO','P00161','\0',NULL,'INVOICED','2012-06-30',NULL,1),(162,'P00162','CN000162',NULL,'2012-07-05','ORD00362','2012-06-01','275.00','2012-07-05 21:56:54',NULL,'SO','P00162','\0',NULL,'INVOICED','2012-06-30',NULL,1),(163,'P00163','CN000163',NULL,'2012-07-05','ORD00363','2012-06-01','275.00','2012-07-05 21:56:55',NULL,'SO','P00163','\0',NULL,'INVOICED','2012-06-30',NULL,1),(164,'P00164','CN000164',NULL,'2012-07-05','ORD00364','2012-06-01','275.00','2012-07-05 21:56:55',NULL,'SO','P00164','\0',NULL,'INVOICED','2012-06-30',NULL,1),(165,'P00165','CN000165',NULL,'2012-07-05','ORD00365','2012-06-01','275.00','2012-07-05 21:56:55',NULL,'SO','P00165','\0',NULL,'INVOICED','2012-06-30',NULL,1),(166,'P00166','CN000166',NULL,'2012-07-05','ORD00366','2012-06-01','275.00','2012-07-05 21:56:55',NULL,'SO','P00166','\0',NULL,'INVOICED','2012-06-30',NULL,1),(167,'P00167','CN000167',NULL,'2012-07-05','ORD00367','2012-06-01','275.00','2012-07-05 21:56:56',NULL,'SO','P00167','\0',NULL,'INVOICED','2012-06-30',NULL,1),(168,'P00168','CN000168',NULL,'2012-07-05','ORD00368','2012-06-01','275.00','2012-07-05 21:56:56',NULL,'SO','P00168','\0',NULL,'INVOICED','2012-06-30',NULL,1),(169,'P00169','CN000169',NULL,'2012-07-05','ORD00369','2012-06-01','275.00','2012-07-05 21:56:56',NULL,'SO','P00169','\0',NULL,'INVOICED','2012-06-30',NULL,1),(170,'P00170','CN000170',NULL,'2012-07-05','ORD00370','2012-06-01','275.00','2012-07-05 21:56:57',NULL,'SO','P00170','\0',NULL,'INVOICED','2012-06-30',NULL,1),(171,'P00171','CN000171',NULL,'2012-07-05','ORD00371','2012-06-01','275.00','2012-07-05 21:56:57',NULL,'SO','P00171','\0',NULL,'INVOICED','2012-06-30',NULL,1),(172,'P00172','CN000172',NULL,'2012-07-05','ORD00372','2012-06-01','275.00','2012-07-05 21:56:57',NULL,'SO','P00172','\0',NULL,'INVOICED','2012-06-30',NULL,1),(173,'P00173','CN000173',NULL,'2012-07-05','ORD00373','2012-06-01','275.00','2012-07-05 21:56:58',NULL,'SO','P00173','\0',NULL,'INVOICED','2012-06-30',NULL,1),(174,'P00174','CN000174',NULL,'2012-07-05','ORD00374','2012-06-01','275.00','2012-07-05 21:56:58',NULL,'SO','P00174','\0',NULL,'INVOICED','2012-06-30',NULL,1),(175,'P00175','CN000175',NULL,'2012-07-05','ORD00375','2012-06-01','275.00','2012-07-05 21:56:58',NULL,'SO','P00175','\0',NULL,'INVOICED','2012-06-30',NULL,1),(176,'P00176','CN000176',NULL,'2012-07-05','ORD00376','2012-06-01','275.00','2012-07-05 21:56:59',NULL,'SO','P00176','\0',NULL,'INVOICED','2012-06-30',NULL,1),(177,'P00177','CN000177',NULL,'2012-07-05','ORD00377','2012-06-01','275.00','2012-07-05 21:56:59',NULL,'SO','P00177','\0',NULL,'INVOICED','2012-06-30',NULL,1),(178,'P00178','CN000178',NULL,'2012-07-05','ORD00378','2012-06-01','275.00','2012-07-05 21:56:59',NULL,'SO','P00178','\0',NULL,'INVOICED','2012-06-30',NULL,1),(179,'P00179','CN000179',NULL,'2012-07-05','ORD00379','2012-06-01','275.00','2012-07-05 21:57:00',NULL,'SO','P00179','\0',NULL,'INVOICED','2012-06-30',NULL,1),(180,'P00180','CN000180',NULL,'2012-07-05','ORD00380','2012-06-01','325.00','2012-07-05 21:57:00',NULL,'SO','P00180','\0',NULL,'INVOICED','2012-06-30',NULL,1),(181,'P00181','CN000181',NULL,'2012-07-05','ORD00381','2012-06-01','325.00','2012-07-05 21:57:00',NULL,'SO','P00181','\0',NULL,'INVOICED','2012-06-30',NULL,1),(182,'P00182','CN000182',NULL,'2012-07-05','ORD00382','2012-06-01','275.00','2012-07-05 21:57:00',NULL,'SO','P00182','\0',NULL,'INVOICED','2012-06-30',NULL,1),(183,'P00183','CN000183',NULL,'2012-07-05','ORD00383','2012-06-01','275.00','2012-07-05 21:57:01',NULL,'SO','P00183','\0',NULL,'INVOICED','2012-06-30',NULL,1),(184,'P00184','CN000184',NULL,'2012-07-05','ORD00384','2012-06-01','275.00','2012-07-05 21:57:01',NULL,'SO','P00184','\0',NULL,'INVOICED','2012-06-30',NULL,1),(185,'P00185','CN000185',NULL,'2012-07-05','ORD00385','2012-06-01','275.00','2012-07-05 21:57:02',NULL,'SO','P00185','\0',NULL,'INVOICED','2012-06-30',NULL,1),(186,'P00186','CN000186',NULL,'2012-07-05','ORD00386','2012-06-01','275.00','2012-07-05 21:57:02',NULL,'SO','P00186','\0',NULL,'INVOICED','2012-06-30',NULL,1),(187,'P00187','CN000187',NULL,'2012-07-05','ORD00387','2012-06-01','275.00','2012-07-05 21:57:02',NULL,'SO','P00187','\0',NULL,'INVOICED','2012-06-30',NULL,1),(188,'P00188','CN000188',NULL,'2012-07-05','ORD00388','2012-06-01','275.00','2012-07-05 21:57:03',NULL,'SO','P00188','\0',NULL,'INVOICED','2012-06-30',NULL,1),(189,'P00189','CN000189',NULL,'2012-07-05','ORD00389','2012-06-01','275.00','2012-07-05 21:57:03',NULL,'SO','P00189','\0',NULL,'INVOICED','2012-06-30',NULL,1),(190,'P00190','CN000190',NULL,'2012-07-05','ORD00390','2012-06-01','275.00','2012-07-05 21:57:03',NULL,'SO','P00190','\0',NULL,'INVOICED','2012-06-30',NULL,1),(191,'P00191','CN000191',NULL,'2012-07-05','ORD00391','2012-06-01','275.00','2012-07-05 21:57:03',NULL,'SO','P00191','\0',NULL,'INVOICED','2012-06-30',NULL,1),(192,'P00192','CN000192',NULL,'2012-07-05','ORD00392','2012-06-01','275.00','2012-07-05 21:57:04',NULL,'SO','P00192','\0',NULL,'INVOICED','2012-06-30',NULL,1),(193,'P00193','CN000193',NULL,'2012-07-05','ORD00393','2012-06-01','325.00','2012-07-05 21:57:04',NULL,'SO','P00193','\0',NULL,'INVOICED','2012-06-30',NULL,1),(194,'P00194','CN000194',NULL,'2012-07-05','ORD00394','2012-06-01','275.00','2012-07-05 21:57:04',NULL,'SO','P00194','\0',NULL,'INVOICED','2012-06-30',NULL,1),(195,'P00195','CN000195',NULL,'2012-07-05','ORD00395','2012-06-01','275.00','2012-07-05 21:57:05',NULL,'SO','P00195','\0',NULL,'INVOICED','2012-06-30',NULL,1),(196,'P00196','CN000196',NULL,'2012-07-05','ORD00396','2012-06-01','275.00','2012-07-05 21:57:05',NULL,'SO','P00196','\0',NULL,'INVOICED','2012-06-30',NULL,1),(197,'P00197','CN000197',NULL,'2012-07-05','ORD00397','2012-06-01','275.00','2012-07-05 21:57:05',NULL,'SO','P00197','\0',NULL,'INVOICED','2012-06-30',NULL,1),(198,'P00198','CN000198',NULL,'2012-07-05','ORD00398','2012-06-01','275.00','2012-07-05 21:57:06',NULL,'SO','P00198','\0',NULL,'INVOICED','2012-06-30',NULL,1),(199,'P00199','CN000199',NULL,'2012-07-05','ORD00399','2012-06-01','275.00','2012-07-05 21:57:06',NULL,'SO','P00199','\0',NULL,'INVOICED','2012-06-30',NULL,1),(200,'P00200','CN000200',NULL,'2012-07-05','ORD00400','2012-06-01','275.00','2012-07-05 21:57:06',NULL,'SO','P00200','\0',NULL,'INVOICED','2012-06-30',NULL,1),(201,'P00201','CN000201',NULL,'2012-07-05','ORD00401','2012-06-01','275.00','2012-07-05 21:57:07',NULL,'SO','P00201','\0',NULL,'INVOICED','2012-06-30',NULL,1),(202,'P00202','CN000202',NULL,'2012-07-05','ORD00402','2012-06-01','275.00','2012-07-05 21:57:07',NULL,'SO','P00202','\0',NULL,'INVOICED','2012-06-30',NULL,1),(203,'P00203','CN000203',NULL,'2012-07-05','ORD00403','2012-06-01','275.00','2012-07-05 21:57:07',NULL,'SO','P00203','\0',NULL,'INVOICED','2012-06-30',NULL,1),(204,'P00204','CN000204',NULL,'2012-07-05','ORD00404','2012-06-01','275.00','2012-07-05 21:57:08',NULL,'SO','P00204','\0',NULL,'INVOICED','2012-06-30',NULL,1),(205,'P00205','CN000205',NULL,'2012-07-05','ORD00405','2012-06-01','275.00','2012-07-05 21:57:08',NULL,'SO','P00205','\0',NULL,'INVOICED','2012-06-30',NULL,1),(206,'P00206','CN000206',NULL,'2012-07-05','ORD00406','2012-06-01','275.00','2012-07-05 21:57:08',NULL,'SO','P00206','\0',NULL,'INVOICED','2012-06-30',NULL,1),(207,'P00207','CN000207',NULL,'2012-07-05','ORD00407','2012-06-01','275.00','2012-07-05 21:57:09',NULL,'SO','P00207','\0',NULL,'INVOICED','2012-06-30',NULL,1),(208,'P00208','CN000208',NULL,'2012-07-05','ORD00408','2012-06-01','275.00','2012-07-05 21:57:09',NULL,'SO','P00208','\0',NULL,'INVOICED','2012-06-30',NULL,1),(209,'P00209','CN000209',NULL,'2012-07-05','ORD00409','2012-06-01','275.00','2012-07-05 21:57:09',NULL,'SO','P00209','\0',NULL,'INVOICED','2012-06-30',NULL,1),(210,'P00210','CN000210',NULL,'2012-07-05','ORD00410','2012-06-01','275.00','2012-07-05 21:57:10',NULL,'SO','P00210','\0',NULL,'INVOICED','2012-06-30',NULL,1),(211,'P00211','CN000211',NULL,'2012-07-05','ORD00411','2012-06-01','275.00','2012-07-05 21:57:10',NULL,'SO','P00211','\0',NULL,'INVOICED','2012-06-30',NULL,1),(212,'P00212','CN000212',NULL,'2012-07-05','ORD00412','2012-06-01','275.00','2012-07-05 21:57:11',NULL,'SO','P00212','\0',NULL,'INVOICED','2012-06-30',NULL,1),(213,'P00213','CN000213',NULL,'2012-07-05','ORD00413','2012-06-01','275.00','2012-07-05 21:57:11',NULL,'SO','P00213','\0',NULL,'INVOICED','2012-06-30',NULL,1),(214,'P00214','CN000214',NULL,'2012-07-05','ORD00414','2012-06-01','275.00','2012-07-05 21:57:11',NULL,'SO','P00214','\0',NULL,'INVOICED','2012-06-30',NULL,1),(215,'P00215','CN000215',NULL,'2012-07-05','ORD00415','2012-06-01','275.00','2012-07-05 21:57:12',NULL,'SO','P00215','\0',NULL,'INVOICED','2012-06-30',NULL,1),(216,'P00216','CN000216',NULL,'2012-07-05','ORD00416','2012-06-01','275.00','2012-07-05 21:57:12',NULL,'SO','P00216','\0',NULL,'INVOICED','2012-06-30',NULL,1),(217,'P00217','CN000217',NULL,'2012-07-05','ORD00417','2012-06-01','275.00','2012-07-05 21:57:12',NULL,'SO','P00217','\0',NULL,'INVOICED','2012-06-30',NULL,1),(218,'P00218','CN000218',NULL,'2012-07-05','ORD00418','2012-06-01','275.00','2012-07-05 21:57:13',NULL,'SO','P00218','\0',NULL,'INVOICED','2012-06-30',NULL,1),(219,'P00219','CN000219',NULL,'2012-07-05','ORD00419','2012-06-01','275.00','2012-07-05 21:57:13',NULL,'SO','P00219','\0',NULL,'INVOICED','2012-06-30',NULL,1),(220,'P00220','CN000220',NULL,'2012-07-05','ORD00420','2012-06-01','275.00','2012-07-05 21:57:13',NULL,'SO','P00220','\0',NULL,'INVOICED','2012-06-30',NULL,1),(221,'P00221','CN000221',NULL,'2012-07-05','ORD00421','2012-06-01','275.00','2012-07-05 21:57:14',NULL,'SO','P00221','\0',NULL,'INVOICED','2012-06-30',NULL,1),(222,'P00222','CN000222',NULL,'2012-07-05','ORD00422','2012-06-01','275.00','2012-07-05 21:57:14',NULL,'SO','P00222','\0',NULL,'INVOICED','2012-06-30',NULL,1),(223,'P00223','CN000223',NULL,'2012-07-05','ORD00423','2012-06-01','275.00','2012-07-05 21:57:15',NULL,'SO','P00223','\0',NULL,'INVOICED','2012-06-30',NULL,1),(224,'P00224','CN000224',NULL,'2012-07-05','ORD00424','2012-06-01','275.00','2012-07-05 21:57:15',NULL,'SO','P00224','\0',NULL,'INVOICED','2012-06-30',NULL,1),(225,'P00225','CN000225',NULL,'2012-07-05','ORD00425','2012-06-01','275.00','2012-07-05 21:57:15',NULL,'SO','P00225','\0',NULL,'INVOICED','2012-06-30',NULL,1),(226,'P00226','CN000226',NULL,'2012-07-05','ORD00426','2012-06-01','275.00','2012-07-05 21:57:16',NULL,'SO','P00226','\0',NULL,'INVOICED','2012-06-30',NULL,1),(227,'P00227','CN000227',NULL,'2012-07-05','ORD00427','2012-06-01','275.00','2012-07-05 21:57:16',NULL,'SO','P00227','\0',NULL,'INVOICED','2012-06-30',NULL,1),(228,'P00228','CN000228',NULL,'2012-07-05','ORD00428','2012-06-01','275.00','2012-07-05 21:57:16',NULL,'SO','P00228','\0',NULL,'INVOICED','2012-06-30',NULL,1),(229,'P00229','CN000229',NULL,'2012-07-05','ORD00429','2012-06-01','275.00','2012-07-05 21:57:17',NULL,'SO','P00229','\0',NULL,'INVOICED','2012-06-30',NULL,1),(230,'P00230','CN000230',NULL,'2012-07-05','ORD00430','2012-06-01','275.00','2012-07-05 21:57:17',NULL,'SO','P00230','\0',NULL,'INVOICED','2012-06-30',NULL,1),(231,'P00231','CN000231',NULL,'2012-07-05','ORD00431','2012-06-01','275.00','2012-07-05 21:57:17',NULL,'SO','P00231','\0',NULL,'INVOICED','2012-06-30',NULL,1),(232,'P00232','CN000232',NULL,'2012-07-05','ORD00432','2012-06-01','275.00','2012-07-05 21:57:18',NULL,'SO','P00232','\0',NULL,'INVOICED','2012-06-30',NULL,1),(233,'P00233','CN000233',NULL,'2012-07-05','ORD00433','2012-06-01','275.00','2012-07-05 21:57:18',NULL,'SO','P00233','\0',NULL,'INVOICED','2012-06-30',NULL,1),(234,'P00234','CN000234',NULL,'2012-07-05','ORD00434','2012-06-01','275.00','2012-07-05 21:57:18',NULL,'SO','P00234','\0',NULL,'INVOICED','2012-06-30',NULL,1),(235,'P00235','CN000235',NULL,'2012-07-05','ORD00435','2012-06-01','275.00','2012-07-05 21:57:19',NULL,'SO','P00235','\0',NULL,'INVOICED','2012-06-30',NULL,1),(236,'P00236','CN000236',NULL,'2012-07-05','ORD00436','2012-06-01','275.00','2012-07-05 21:57:19',NULL,'SO','P00236','\0',NULL,'INVOICED','2012-06-30',NULL,1),(237,'P00237','CN000237',NULL,'2012-07-05','ORD00437','2012-06-01','275.00','2012-07-05 21:57:20',NULL,'SO','P00237','\0',NULL,'INVOICED','2012-06-30',NULL,1),(238,'P00238','CN000238',NULL,'2012-07-05','ORD00438','2012-06-01','275.00','2012-07-05 21:57:20',NULL,'SO','P00238','\0',NULL,'INVOICED','2012-06-30',NULL,1),(239,'P00239','CN000239',NULL,'2012-07-05','ORD00439','2012-06-01','275.00','2012-07-05 21:57:21',NULL,'SO','P00239','\0',NULL,'INVOICED','2012-06-30',NULL,1),(240,'P00240','CN000240',NULL,'2012-07-05','ORD00440','2012-06-01','275.00','2012-07-05 21:57:21',NULL,'SO','P00240','\0',NULL,'INVOICED','2012-06-30',NULL,1),(241,'P00241','CN000241',NULL,'2012-07-05','ORD00441','2012-06-01','275.00','2012-07-05 21:57:21',NULL,'SO','P00241','\0',NULL,'INVOICED','2012-06-30',NULL,1),(242,'P00242','CN000242',NULL,'2012-07-05','ORD00442','2012-06-01','275.00','2012-07-05 21:57:22',NULL,'SO','P00242','\0',NULL,'INVOICED','2012-06-30',NULL,1),(243,'P00243','CN000243',NULL,'2012-07-05','ORD00443','2012-06-01','275.00','2012-07-05 21:57:22',NULL,'SO','P00243','\0',NULL,'INVOICED','2012-06-30',NULL,1),(244,'P00244','CN000244',NULL,'2012-07-05','ORD00444','2012-06-01','275.00','2012-07-05 21:57:23',NULL,'SO','P00244','\0',NULL,'INVOICED','2012-06-30',NULL,1),(245,'P00245','CN000245',NULL,'2012-07-05','ORD00445','2012-06-01','275.00','2012-07-05 21:57:23',NULL,'SO','P00245','\0',NULL,'INVOICED','2012-06-30',NULL,1),(246,'P00246','CN000246',NULL,'2012-07-05','ORD00446','2012-06-01','275.00','2012-07-05 21:57:23',NULL,'SO','P00246','\0',NULL,'INVOICED','2012-06-30',NULL,1),(247,'P00247','CN000247',NULL,'2012-07-05','ORD00447','2012-06-01','275.00','2012-07-05 21:57:24',NULL,'SO','P00247','\0',NULL,'INVOICED','2012-06-30',NULL,1),(248,'P00248','CN000248',NULL,'2012-07-05','ORD00448','2012-06-01','275.00','2012-07-05 21:57:24',NULL,'SO','P00248','\0',NULL,'INVOICED','2012-06-30',NULL,1),(249,'P00249','CN000249',NULL,'2012-07-05','ORD00449','2012-06-01','325.00','2012-07-05 21:57:25',NULL,'SO','P00249','\0',NULL,'INVOICED','2012-06-30',NULL,1),(250,'P00250','CN000250',NULL,'2012-07-05','ORD00450','2012-06-01','275.00','2012-07-05 21:57:25',NULL,'SO','P00250','\0',NULL,'INVOICED','2012-06-30',NULL,1),(251,'P00251','CN000251',NULL,'2012-07-05','ORD00451','2012-06-01','275.00','2012-07-05 21:57:25',NULL,'SO','P00251','\0',NULL,'INVOICED','2012-06-30',NULL,1),(252,'P00252','CN000252',NULL,'2012-07-05','ORD00452','2012-06-01','275.00','2012-07-05 21:57:26',NULL,'SO','P00252','\0',NULL,'INVOICED','2012-06-30',NULL,1),(253,'P00253','CN000253',NULL,'2012-07-05','ORD00453','2012-06-01','275.00','2012-07-05 21:57:26',NULL,'SO','P00253','\0',NULL,'INVOICED','2012-06-30',NULL,1),(254,'P00254','CN000254',NULL,'2012-07-05','ORD00454','2012-06-01','275.00','2012-07-05 21:57:27',NULL,'SO','P00254','\0',NULL,'INVOICED','2012-06-30',NULL,1),(255,'P00255','CN000255',NULL,'2012-07-05','ORD00455','2012-06-01','275.00','2012-07-05 21:57:27',NULL,'SO','P00255','\0',NULL,'INVOICED','2012-06-30',NULL,1),(256,'P00256','CN000256',NULL,'2012-07-05','ORD00456','2012-06-01','325.00','2012-07-05 21:57:28',NULL,'SO','P00256','\0',NULL,'INVOICED','2012-06-30',NULL,1),(257,'P00257','CN000257',NULL,'2012-07-05','ORD00457','2012-06-01','275.00','2012-07-05 21:57:28',NULL,'SO','P00257','\0',NULL,'INVOICED','2012-06-30',NULL,1),(258,'P00258','CN000258',NULL,'2012-07-05','ORD00458','2012-06-01','325.00','2012-07-05 21:57:28',NULL,'SO','P00258','\0',NULL,'INVOICED','2012-06-30',NULL,1),(259,'P00259','CN000259',NULL,'2012-07-05','ORD00459','2012-06-01','275.00','2012-07-05 21:57:29',NULL,'SO','P00259','\0',NULL,'INVOICED','2012-06-30',NULL,1),(260,'P00260','CN000260',NULL,'2012-07-05','ORD00460','2012-06-01','275.00','2012-07-05 21:57:29',NULL,'SO','P00260','\0',NULL,'INVOICED','2012-06-30',NULL,1),(261,'P00261','CN000261',NULL,'2012-07-05','ORD00461','2012-06-01','275.00','2012-07-05 21:57:30',NULL,'SO','P00261','\0',NULL,'INVOICED','2012-06-30',NULL,1),(262,'P00262','CN000262',NULL,'2012-07-05','ORD00462','2012-06-01','275.00','2012-07-05 21:57:30',NULL,'SO','P00262','\0',NULL,'INVOICED','2012-06-30',NULL,1),(263,'P00263','CN000263',NULL,'2012-07-05','ORD00463','2012-06-01','275.00','2012-07-05 21:57:31',NULL,'SO','P00263','\0',NULL,'INVOICED','2012-06-30',NULL,1),(264,'P00264','CN000264',NULL,'2012-07-05','ORD00464','2012-06-01','275.00','2012-07-05 21:57:31',NULL,'SO','P00264','\0',NULL,'INVOICED','2012-06-30',NULL,1),(265,'P00265','CN000265',NULL,'2012-07-05','ORD00465','2012-06-01','275.00','2012-07-05 21:57:31',NULL,'SO','P00265','\0',NULL,'INVOICED','2012-06-30',NULL,1),(266,'P00266','CN000266',NULL,'2012-07-05','ORD00466','2012-06-01','275.00','2012-07-05 21:57:32',NULL,'SO','P00266','\0',NULL,'INVOICED','2012-06-30',NULL,1),(267,'P00267','CN000267',NULL,'2012-07-05','ORD00467','2012-06-01','225.00','2012-07-05 21:57:32',NULL,'SO','P00267','\0',NULL,'INVOICED','2012-06-30',NULL,1),(268,'P00268','CN000268',NULL,'2012-07-05','ORD00468','2012-06-01','275.00','2012-07-05 21:57:32',NULL,'SO','P00268','\0',NULL,'INVOICED','2012-06-30',NULL,1),(269,'P00269','CN000269',NULL,'2012-07-05','ORD00469','2012-06-01','275.00','2012-07-05 21:57:33',NULL,'SO','P00269','\0',NULL,'INVOICED','2012-06-30',NULL,1),(270,'P00270','CN000270',NULL,'2012-07-05','ORD00470','2012-06-01','275.00','2012-07-05 21:57:33',NULL,'SO','P00270','\0',NULL,'INVOICED','2012-06-30',NULL,1),(271,'P00271','CN000271',NULL,'2012-07-05','ORD00471','2012-06-01','275.00','2012-07-05 21:57:34',NULL,'SO','P00271','\0',NULL,'INVOICED','2012-06-30',NULL,1),(272,'P00272','CN000272',NULL,'2012-07-05','ORD00472','2012-06-01','225.00','2012-07-05 21:57:34',NULL,'SO','P00272','\0',NULL,'INVOICED','2012-06-30',NULL,1),(273,'P00273','CN000273',NULL,'2012-07-05','ORD00473','2012-06-01','325.00','2012-07-05 21:57:34',NULL,'SO','P00273','\0',NULL,'INVOICED','2012-06-30',NULL,1),(274,'P00274','CN000274',NULL,'2012-07-05','ORD00474','2012-06-01','325.00','2012-07-05 21:57:35',NULL,'SO','P00274','\0',NULL,'INVOICED','2012-06-30',NULL,1),(275,'P00275','CN000275',NULL,'2012-07-05','ORD00475','2012-06-01','225.00','2012-07-05 21:57:35',NULL,'SO','P00275','\0',NULL,'INVOICED','2012-06-30',NULL,1),(276,'P00276','CN000276',NULL,'2012-07-05','ORD00476','2012-06-01','225.00','2012-07-05 21:57:36',NULL,'SO','P00276','\0',NULL,'INVOICED','2012-06-30',NULL,1),(277,'P00277','CN000277',NULL,'2012-07-05','ORD00477','2012-06-01','275.00','2012-07-05 21:57:36',NULL,'SO','P00277','\0',NULL,'INVOICED','2012-06-30',NULL,1),(278,'P00278','CN000278',NULL,'2012-07-05','ORD00478','2012-06-01','275.00','2012-07-05 21:57:36',NULL,'SO','P00278','\0',NULL,'INVOICED','2012-06-30',NULL,1),(279,'P00279','CN000279',NULL,'2012-07-05','ORD00479','2012-06-01','275.00','2012-07-05 21:57:37',NULL,'SO','P00279','\0',NULL,'INVOICED','2012-06-30',NULL,1),(280,'P00280','CN000280',NULL,'2012-07-05','ORD00480','2012-06-01','275.00','2012-07-05 21:57:37',NULL,'SO','P00280','\0',NULL,'INVOICED','2012-06-30',NULL,1),(281,'P00281','CN000281',NULL,'2012-07-05','ORD00481','2012-06-01','275.00','2012-07-05 21:57:38',NULL,'SO','P00281','\0',NULL,'INVOICED','2012-06-30',NULL,1),(282,'P00282','CN000282',NULL,'2012-07-05','ORD00482','2012-06-01','275.00','2012-07-05 21:57:38',NULL,'SO','P00282','\0',NULL,'INVOICED','2012-06-30',NULL,1),(283,'P00283','CN000283',NULL,'2012-07-05','ORD00483','2012-06-01','275.00','2012-07-05 21:57:38',NULL,'SO','P00283','\0',NULL,'INVOICED','2012-06-30',NULL,1),(284,'P00284','CN000284',NULL,'2012-07-05','ORD00484','2012-06-01','275.00','2012-07-05 21:57:39',NULL,'SO','P00284','\0',NULL,'INVOICED','2012-06-30',NULL,1),(285,'P00285','CN000285',NULL,'2012-07-05','ORD00485','2012-06-01','275.00','2012-07-05 21:57:39',NULL,'SO','P00285','\0',NULL,'INVOICED','2012-06-30',NULL,1),(286,'P00286','CN000286',NULL,'2012-07-05','ORD00486','2012-06-01','275.00','2012-07-05 21:57:40',NULL,'SO','P00286','\0',NULL,'INVOICED','2012-06-30',NULL,1),(287,'P00287','CN000287',NULL,'2012-07-05','ORD00487','2012-06-01','275.00','2012-07-05 21:57:40',NULL,'SO','P00287','\0',NULL,'INVOICED','2012-06-30',NULL,1),(288,'P00288','CN000288',NULL,'2012-07-05','ORD00488','2012-06-01','275.00','2012-07-05 21:57:41',NULL,'SO','P00288','\0',NULL,'INVOICED','2012-06-30',NULL,1),(289,'P00289','CN000289',NULL,'2012-07-05','ORD00489','2012-06-01','275.00','2012-07-05 21:57:41',NULL,'SO','P00289','\0',NULL,'INVOICED','2012-06-30',NULL,1),(290,'P00290','CN000290',NULL,'2012-07-05','ORD00490','2012-06-01','275.00','2012-07-05 21:57:41',NULL,'SO','P00290','\0',NULL,'INVOICED','2012-06-30',NULL,1),(291,'P00291','CN000291',NULL,'2012-07-05','ORD00491','2012-06-01','275.00','2012-07-05 21:57:42',NULL,'SO','P00291','\0',NULL,'INVOICED','2012-06-30',NULL,1),(292,'P00292','CN000292',NULL,'2012-07-05','ORD00492','2012-06-01','275.00','2012-07-05 21:57:42',NULL,'SO','P00292','\0',NULL,'INVOICED','2012-06-30',NULL,1),(293,'P00293','CN000293',NULL,'2012-07-05','ORD00493','2012-06-01','275.00','2012-07-05 21:57:43',NULL,'SO','P00293','\0',NULL,'INVOICED','2012-06-30',NULL,1),(294,'P00294','CN000294',NULL,'2012-07-05','ORD00494','2012-06-01','275.00','2012-07-05 21:57:43',NULL,'SO','P00294','\0',NULL,'INVOICED','2012-06-30',NULL,1),(295,'P00295','CN000295',NULL,'2012-07-05','ORD00495','2012-06-01','225.00','2012-07-05 21:57:44',NULL,'SO','P00295','\0',NULL,'INVOICED','2012-06-30',NULL,1),(296,'P00296','CN000296',NULL,'2012-07-05','ORD00496','2012-06-01','275.00','2012-07-05 21:57:44',NULL,'SO','P00296','\0',NULL,'INVOICED','2012-06-30',NULL,1),(297,'P00297','CN000297',NULL,'2012-07-05','ORD00497','2012-06-01','275.00','2012-07-05 21:57:44',NULL,'SO','P00297','\0',NULL,'INVOICED','2012-06-30',NULL,1),(298,'P00298','CN000298',NULL,'2012-07-05','ORD00498','2012-06-01','275.00','2012-07-05 21:57:45',NULL,'SO','P00298','\0',NULL,'INVOICED','2012-06-30',NULL,1),(299,'P00299','CN000299',NULL,'2012-07-05','ORD00499','2012-06-01','275.00','2012-07-05 21:57:45',NULL,'SO','P00299','\0',NULL,'INVOICED','2012-06-30',NULL,1),(300,'P00300','CN000300',NULL,'2012-07-05','ORD00500','2012-06-01','275.00','2012-07-05 21:57:46',NULL,'SO','P00300','\0',NULL,'INVOICED','2012-06-30',NULL,1),(301,'P00301','CN000301',NULL,'2012-07-05','ORD00501','2012-06-01','275.00','2012-07-05 21:57:46',NULL,'SO','P00301','\0',NULL,'INVOICED','2012-06-30',NULL,1),(302,'P00302','CN000302',NULL,'2012-07-05','ORD00502','2012-06-01','225.00','2012-07-05 21:57:47',NULL,'SO','P00302','\0',NULL,'INVOICED','2012-06-30',NULL,1),(303,'P00303','CN000303',NULL,'2012-07-05','ORD00503','2012-06-01','225.00','2012-07-05 21:57:47',NULL,'SO','P00303','\0',NULL,'INVOICED','2012-06-30',NULL,1),(304,'P00304','CN000304',NULL,'2012-07-05','ORD00504','2012-06-01','225.00','2012-07-05 21:57:47',NULL,'SO','P00304','\0',NULL,'INVOICED','2012-06-30',NULL,1),(305,'P00305','CN000305',NULL,'2012-07-05','ORD00505','2012-06-01','225.00','2012-07-05 21:57:48',NULL,'SO','P00305','\0',NULL,'INVOICED','2012-06-30',NULL,1),(306,'P00306','CN000306',NULL,'2012-07-05','ORD00506','2012-06-01','275.00','2012-07-05 21:57:48',NULL,'SO','P00306','\0',NULL,'INVOICED','2012-06-30',NULL,1),(307,'P00307','CN000307',NULL,'2012-07-05','ORD00507','2012-06-01','275.00','2012-07-05 21:57:49',NULL,'SO','P00307','\0',NULL,'INVOICED','2012-06-30',NULL,1),(308,'P00308','CN000308',NULL,'2012-07-05','ORD00508','2012-06-01','275.00','2012-07-05 21:57:49',NULL,'SO','P00308','\0',NULL,'INVOICED','2012-06-30',NULL,1),(309,'P00309','CN000309',NULL,'2012-07-05','ORD00509','2012-06-01','275.00','2012-07-05 21:57:50',NULL,'SO','P00309','\0',NULL,'INVOICED','2012-06-30',NULL,1),(310,'P00310','CN000310',NULL,'2012-07-05','ORD00510','2012-06-01','275.00','2012-07-05 21:57:50',NULL,'SO','P00310','\0',NULL,'INVOICED','2012-06-30',NULL,1),(311,'P00311','CN000311',NULL,'2012-07-05','ORD00511','2012-06-01','275.00','2012-07-05 21:57:51',NULL,'SO','P00311','\0',NULL,'INVOICED','2012-06-30',NULL,1),(312,'P00312','CN000312',NULL,'2012-07-05','ORD00512','2012-06-01','275.00','2012-07-05 21:57:51',NULL,'SO','P00312','\0',NULL,'INVOICED','2012-06-30',NULL,1),(313,'P00313','CN000313',NULL,'2012-07-05','ORD00513','2012-06-01','275.00','2012-07-05 21:57:52',NULL,'SO','P00313','\0',NULL,'INVOICED','2012-06-30',NULL,1),(314,'P00314','CN000314',NULL,'2012-07-05','ORD00514','2012-06-01','275.00','2012-07-05 21:57:52',NULL,'SO','P00314','\0',NULL,'INVOICED','2012-06-30',NULL,1),(315,'P00315','CN000315',NULL,'2012-07-05','ORD00515','2012-06-01','275.00','2012-07-05 21:57:53',NULL,'SO','P00315','\0',NULL,'INVOICED','2012-06-30',NULL,1),(316,'P00316','CN000316',NULL,'2012-07-05','ORD00516','2012-06-01','275.00','2012-07-05 21:57:53',NULL,'SO','P00316','\0',NULL,'INVOICED','2012-06-30',NULL,1),(317,'P00317','CN000317',NULL,'2012-07-05','ORD00517','2012-06-01','275.00','2012-07-05 21:57:54',NULL,'SO','P00317','\0',NULL,'INVOICED','2012-06-30',NULL,1),(318,'P00318','CN000318',NULL,'2012-07-05','ORD00518','2012-06-01','325.00','2012-07-05 21:57:54',NULL,'SO','P00318','\0',NULL,'INVOICED','2012-06-30',NULL,1),(319,'P00319','CN000319',NULL,'2012-07-05','ORD00519','2012-06-01','325.00','2012-07-05 21:57:55',NULL,'SO','P00319','\0',NULL,'INVOICED','2012-06-30',NULL,1),(320,'P00320','CN000320',NULL,'2012-07-05','ORD00520','2012-06-01','275.00','2012-07-05 21:57:55',NULL,'SO','P00320','\0',NULL,'INVOICED','2012-06-30',NULL,1),(321,'P00321','CN000321',NULL,'2012-07-05','ORD00521','2012-06-01','275.00','2012-07-05 21:57:56',NULL,'SO','P00321','\0',NULL,'INVOICED','2012-06-30',NULL,1),(322,'P00322','CN000322',NULL,'2012-07-05','ORD00522','2012-06-01','275.00','2012-07-05 21:57:56',NULL,'SO','P00322','\0',NULL,'INVOICED','2012-06-30',NULL,1),(323,'P00323','CN000323',NULL,'2012-07-05','ORD00523','2012-06-01','275.00','2012-07-05 21:57:57',NULL,'SO','P00323','\0',NULL,'INVOICED','2012-06-30',NULL,1),(324,'P00324','CN000324',NULL,'2012-07-05','ORD00524','2012-06-01','275.00','2012-07-05 21:57:57',NULL,'SO','P00324','\0',NULL,'INVOICED','2012-06-30',NULL,1),(325,'P00325','CN000325',NULL,'2012-07-05','ORD00525','2012-06-01','275.00','2012-07-05 21:57:57',NULL,'SO','P00325','\0',NULL,'INVOICED','2012-06-30',NULL,1),(326,'P00326','CN000326',NULL,'2012-07-05','ORD00526','2012-06-01','275.00','2012-07-05 21:57:58',NULL,'SO','P00326','\0',NULL,'INVOICED','2012-06-30',NULL,1),(327,'P00327','CN000327',NULL,'2012-07-05','ORD00527','2012-06-01','275.00','2012-07-05 21:57:58',NULL,'SO','P00327','\0',NULL,'INVOICED','2012-06-30',NULL,1),(328,'P00328','CN000328',NULL,'2012-07-05','ORD00528','2012-06-01','275.00','2012-07-05 21:57:59',NULL,'SO','P00328','\0',NULL,'INVOICED','2012-06-30',NULL,1),(329,'P00329','CN000329',NULL,'2012-07-05','ORD00529','2012-06-01','275.00','2012-07-05 21:57:59',NULL,'SO','P00329','\0',NULL,'INVOICED','2012-06-30',NULL,1),(330,'P00330','CN000330',NULL,'2012-07-05','ORD00530','2012-06-01','275.00','2012-07-05 21:58:00',NULL,'SO','P00330','\0',NULL,'INVOICED','2012-06-30',NULL,1),(331,'P00331','CN000331',NULL,'2012-07-05','ORD00531','2012-06-01','275.00','2012-07-05 21:58:00',NULL,'SO','P00331','\0',NULL,'INVOICED','2012-06-30',NULL,1),(332,'P00332','CN000332',NULL,'2012-07-05','ORD00532','2012-06-01','275.00','2012-07-05 21:58:01',NULL,'SO','P00332','\0',NULL,'INVOICED','2012-06-30',NULL,1),(333,'P00333','CN000333',NULL,'2012-07-05','ORD00533','2012-06-01','275.00','2012-07-05 21:58:01',NULL,'SO','P00333','\0',NULL,'INVOICED','2012-06-30',NULL,1),(334,'P00334','CN000334',NULL,'2012-07-05','ORD00534','2012-06-01','275.00','2012-07-05 21:58:02',NULL,'SO','P00334','\0',NULL,'INVOICED','2012-06-30',NULL,1),(335,'P00335','CN000335',NULL,'2012-07-05','ORD00535','2012-06-01','275.00','2012-07-05 21:58:02',NULL,'SO','P00335','\0',NULL,'INVOICED','2012-06-30',NULL,1),(336,'P00336','CN000336',NULL,'2012-07-05','ORD00536','2012-06-01','275.00','2012-07-05 21:58:03',NULL,'SO','P00336','\0',NULL,'INVOICED','2012-06-30',NULL,1),(337,'P00337','CN000337',NULL,'2012-07-05','ORD00537','2012-06-01','275.00','2012-07-05 21:58:03',NULL,'SO','P00337','\0',NULL,'INVOICED','2012-06-30',NULL,1),(338,'P00338','CN000338',NULL,'2012-07-05','ORD00538','2012-06-01','275.00','2012-07-05 21:58:04',NULL,'SO','P00338','\0',NULL,'INVOICED','2012-06-30',NULL,1),(339,'P00339','CN000339',NULL,'2012-07-05','ORD00539','2012-06-01','275.00','2012-07-05 21:58:04',NULL,'SO','P00339','\0',NULL,'INVOICED','2012-06-30',NULL,1),(340,'P00340','CN000340',NULL,'2012-07-05','ORD00540','2012-06-01','275.00','2012-07-05 21:58:05',NULL,'SO','P00340','\0',NULL,'INVOICED','2012-06-30',NULL,1),(341,'P00341','CN000341',NULL,'2012-07-05','ORD00541','2012-06-01','275.00','2012-07-05 21:58:05',NULL,'SO','P00341','\0',NULL,'INVOICED','2012-06-30',NULL,1),(342,'P00342','CN000342',NULL,'2012-07-05','ORD00542','2012-06-01','275.00','2012-07-05 21:58:06',NULL,'SO','P00342','\0',NULL,'INVOICED','2012-06-30',NULL,1),(343,'P00343','CN000343',NULL,'2012-07-05','ORD00543','2012-06-01','275.00','2012-07-05 21:58:06',NULL,'SO','P00343','\0',NULL,'INVOICED','2012-06-30',NULL,1),(344,'P00344','CN000344',NULL,'2012-07-05','ORD00544','2012-06-01','275.00','2012-07-05 21:58:07',NULL,'SO','P00344','\0',NULL,'INVOICED','2012-06-30',NULL,1),(345,'P00345','CN000345',NULL,'2012-07-05','ORD00545','2012-06-01','275.00','2012-07-05 21:58:07',NULL,'SO','P00345','\0',NULL,'INVOICED','2012-06-30',NULL,1),(346,'P00346','CN000346',NULL,'2012-07-05','ORD00546','2012-06-01','275.00','2012-07-05 21:58:08',NULL,'SO','P00346','\0',NULL,'INVOICED','2012-06-30',NULL,1),(347,'P00347','CN000347',NULL,'2012-07-05','ORD00547','2012-06-01','275.00','2012-07-05 21:58:08',NULL,'SO','P00347','\0',NULL,'INVOICED','2012-06-30',NULL,1),(348,'P00348','CN000348',NULL,'2012-07-05','ORD00548','2012-06-01','275.00','2012-07-05 21:58:08',NULL,'SO','P00348','\0',NULL,'INVOICED','2012-06-30',NULL,1),(349,'P00349','CN000349',NULL,'2012-07-05','ORD00549','2012-06-01','275.00','2012-07-05 21:58:09',NULL,'SO','P00349','\0',NULL,'INVOICED','2012-06-30',NULL,1),(350,'P00350','CN000350',NULL,'2012-07-05','ORD00550','2012-06-01','225.00','2012-07-05 21:58:09',NULL,'SO','P00350','\0',NULL,'INVOICED','2012-06-30',NULL,1),(351,'P00351','CN000351',NULL,'2012-07-05','ORD00551','2012-06-01','225.00','2012-07-05 21:58:10',NULL,'SO','P00351','\0',NULL,'INVOICED','2012-06-30',NULL,1),(352,'P00352','CN000352',NULL,'2012-07-05','ORD00552','2012-06-01','225.00','2012-07-05 21:58:10',NULL,'SO','P00352','\0',NULL,'INVOICED','2012-06-30',NULL,1),(353,'P00353','CN000353',NULL,'2012-07-05','ORD00553','2012-06-01','225.00','2012-07-05 21:58:11',NULL,'SO','P00353','\0',NULL,'INVOICED','2012-06-30',NULL,1),(354,'P00354','CN000354',NULL,'2012-07-05','ORD00554','2012-06-01','275.00','2012-07-05 21:58:11',NULL,'SO','P00354','\0',NULL,'INVOICED','2012-06-30',NULL,1),(355,'P00355','CN000355',NULL,'2012-07-05','ORD00555','2012-06-01','275.00','2012-07-05 21:58:12',NULL,'SO','P00355','\0',NULL,'INVOICED','2012-06-30',NULL,1),(356,'P00356','CN000356',NULL,'2012-07-05','ORD00556','2012-06-01','275.00','2012-07-05 21:58:12',NULL,'SO','P00356','\0',NULL,'INVOICED','2012-06-30',NULL,1),(357,'P00357','CN000357',NULL,'2012-07-05','ORD00557','2012-06-01','275.00','2012-07-05 21:58:13',NULL,'SO','P00357','\0',NULL,'INVOICED','2012-06-30',NULL,1),(358,'P00358','CN000358',NULL,'2012-07-05','ORD00558','2012-06-01','275.00','2012-07-05 21:58:14',NULL,'SO','P00358','\0',NULL,'INVOICED','2012-06-30',NULL,1),(359,'P00359','CN000359',NULL,'2012-07-05','ORD00559','2012-06-01','275.00','2012-07-05 21:58:14',NULL,'SO','P00359','\0',NULL,'INVOICED','2012-06-30',NULL,1),(360,'P00360','CN000360',NULL,'2012-07-05','ORD00560','2012-06-01','275.00','2012-07-05 21:58:15',NULL,'SO','P00360','\0',NULL,'INVOICED','2012-06-30',NULL,1),(361,'P00361','CN000361',NULL,'2012-07-05','ORD00561','2012-06-01','275.00','2012-07-05 21:58:15',NULL,'SO','P00361','\0',NULL,'INVOICED','2012-06-30',NULL,1),(362,'P00362','CN000362',NULL,'2012-07-05','ORD00562','2012-06-01','275.00','2012-07-05 21:58:16',NULL,'SO','P00362','\0',NULL,'INVOICED','2012-06-30',NULL,1),(363,'P00363','CN000363',NULL,'2012-07-05','ORD00563','2012-06-01','275.00','2012-07-05 21:58:16',NULL,'SO','P00363','\0',NULL,'INVOICED','2012-06-30',NULL,1),(364,'P00364','CN000364',NULL,'2012-07-05','ORD00564','2012-06-01','275.00','2012-07-05 21:58:16',NULL,'SO','P00364','\0',NULL,'INVOICED','2012-06-30',NULL,1),(365,'P00365','CN000365',NULL,'2012-07-05','ORD00565','2012-06-01','275.00','2012-07-05 21:58:17',NULL,'SO','P00365','\0',NULL,'INVOICED','2012-06-30',NULL,1),(366,'P00366','CN000366',NULL,'2012-07-05','ORD00566','2012-06-01','275.00','2012-07-05 21:58:17',NULL,'SO','P00366','\0',NULL,'INVOICED','2012-06-30',NULL,1),(367,'P00367','CN000367',NULL,'2012-07-05','ORD00567','2012-06-01','275.00','2012-07-05 21:58:18',NULL,'SO','P00367','\0',NULL,'INVOICED','2012-06-30',NULL,1),(368,'P00368','CN000368',NULL,'2012-07-05','ORD00568','2012-06-01','275.00','2012-07-05 21:58:18',NULL,'SO','P00368','\0',NULL,'INVOICED','2012-06-30',NULL,1),(369,'P00369','CN000369',NULL,'2012-07-05','ORD00569','2012-06-01','275.00','2012-07-05 21:58:19',NULL,'SO','P00369','\0',NULL,'INVOICED','2012-06-30',NULL,1),(370,'P00370','CN000370',NULL,'2012-07-05','ORD00570','2012-06-01','275.00','2012-07-05 21:58:19',NULL,'SO','P00370','\0',NULL,'INVOICED','2012-06-30',NULL,1),(371,'P00371','CN000371',NULL,'2012-07-05','ORD00571','2012-06-01','275.00','2012-07-05 21:58:20',NULL,'SO','P00371','\0',NULL,'INVOICED','2012-06-30',NULL,1),(372,'P00372','CN000372',NULL,'2012-07-05','ORD00572','2012-06-01','275.00','2012-07-05 21:58:20',NULL,'SO','P00372','\0',NULL,'INVOICED','2012-06-30',NULL,1),(373,'P00373','CN000373',NULL,'2012-07-05','ORD00573','2012-06-01','275.00','2012-07-05 21:58:21',NULL,'SO','P00373','\0',NULL,'INVOICED','2012-06-30',NULL,1),(374,'P00374','CN000374',NULL,'2012-07-05','ORD00574','2012-06-01','275.00','2012-07-05 21:58:21',NULL,'SO','P00374','\0',NULL,'INVOICED','2012-06-30',NULL,1),(375,'P00375','CN000375',NULL,'2012-07-05','ORD00575','2012-06-01','275.00','2012-07-05 21:58:22',NULL,'SO','P00375','\0',NULL,'INVOICED','2012-06-30',NULL,1),(376,'P00376','CN000376',NULL,'2012-07-05','ORD00576','2012-06-01','275.00','2012-07-05 21:58:22',NULL,'SO','P00376','\0',NULL,'INVOICED','2012-06-30',NULL,1),(377,'P00377','CN000377',NULL,'2012-07-05','ORD00577','2012-06-01','275.00','2012-07-05 21:58:22',NULL,'SO','P00377','\0',NULL,'INVOICED','2012-06-30',NULL,1),(378,'P00378','CN000378',NULL,'2012-07-05','ORD00578','2012-06-01','275.00','2012-07-05 21:58:23',NULL,'SO','P00378','\0',NULL,'INVOICED','2012-06-30',NULL,1),(379,'P00379','CN000379',NULL,'2012-07-05','ORD00579','2012-06-01','275.00','2012-07-05 21:58:23',NULL,'SO','P00379','\0',NULL,'INVOICED','2012-06-30',NULL,1),(380,'P00380','CN000380',NULL,'2012-07-05','ORD00580','2012-06-01','275.00','2012-07-05 21:58:24',NULL,'SO','P00380','\0',NULL,'INVOICED','2012-06-30',NULL,1),(381,'P00381','CN000381',NULL,'2012-07-05','ORD00581','2012-06-01','275.00','2012-07-05 21:58:24',NULL,'SO','P00381','\0',NULL,'INVOICED','2012-06-30',NULL,1),(382,'P00382','CN000382',NULL,'2012-07-05','ORD00582','2012-06-01','275.00','2012-07-05 21:58:25',NULL,'SO','P00382','\0',NULL,'INVOICED','2012-06-30',NULL,1),(383,'P00383','CN000383',NULL,'2012-07-05','ORD00583','2012-06-01','275.00','2012-07-05 21:58:25',NULL,'SO','P00383','\0',NULL,'INVOICED','2012-06-30',NULL,1),(384,'P00384','CN000384',NULL,'2012-07-05','ORD00584','2012-06-01','275.00','2012-07-05 21:58:26',NULL,'SO','P00384','\0',NULL,'INVOICED','2012-06-30',NULL,1),(385,'P00385','CN000385',NULL,'2012-07-05','ORD00585','2012-06-01','275.00','2012-07-05 21:58:26',NULL,'SO','P00385','\0',NULL,'INVOICED','2012-06-30',NULL,1),(386,'P00386','CN000386',NULL,'2012-07-05','ORD00586','2012-06-01','275.00','2012-07-05 21:58:27',NULL,'SO','P00386','\0',NULL,'INVOICED','2012-06-30',NULL,1),(387,'P00387','CN000387',NULL,'2012-07-05','ORD00587','2012-06-01','275.00','2012-07-05 21:58:27',NULL,'SO','P00387','\0',NULL,'INVOICED','2012-06-30',NULL,1),(388,'P00388','CN000388',NULL,'2012-07-05','ORD00588','2012-06-01','325.00','2012-07-05 21:58:28',NULL,'SO','P00388','\0',NULL,'INVOICED','2012-06-30',NULL,1),(389,'P00389','CN000389',NULL,'2012-07-05','ORD00589','2012-06-01','275.00','2012-07-05 21:58:28',NULL,'SO','P00389','\0',NULL,'INVOICED','2012-06-30',NULL,1),(390,'P00390','CN000390',NULL,'2012-07-05','ORD00590','2012-06-01','275.00','2012-07-05 21:58:29',NULL,'SO','P00390','\0',NULL,'INVOICED','2012-06-30',NULL,1),(391,'P00391','CN000391',NULL,'2012-07-05','ORD00591','2012-06-01','275.00','2012-07-05 21:58:29',NULL,'SO','P00391','\0',NULL,'INVOICED','2012-06-30',NULL,1),(392,'P00392','CN000392',NULL,'2012-07-05','ORD00592','2012-06-01','325.00','2012-07-05 21:58:30',NULL,'SO','P00392','\0',NULL,'INVOICED','2012-06-30',NULL,1),(393,'P00393','CN000393',NULL,'2012-07-05','ORD00593','2012-06-01','275.00','2012-07-05 21:58:30',NULL,'SO','P00393','\0',NULL,'INVOICED','2012-06-30',NULL,1),(394,'P00394','CN000394',NULL,'2012-07-05','ORD00594','2012-06-01','275.00','2012-07-05 21:58:31',NULL,'SO','P00394','\0',NULL,'INVOICED','2012-06-30',NULL,1),(395,'P00395','CN000395',NULL,'2012-07-05','ORD00595','2012-06-01','275.00','2012-07-05 21:58:31',NULL,'SO','P00395','\0',NULL,'INVOICED','2012-06-30',NULL,1),(396,'P00396','CN000396',NULL,'2012-07-05','ORD00596','2012-06-01','275.00','2012-07-05 21:58:32',NULL,'SO','P00396','\0',NULL,'INVOICED','2012-06-30',NULL,1),(397,'P00397','CN000397',NULL,'2012-07-05','ORD00597','2012-06-01','275.00','2012-07-05 21:58:32',NULL,'SO','P00397','\0',NULL,'INVOICED','2012-06-30',NULL,1);
/*!40000 ALTER TABLE `fm_order_header` ENABLE KEYS */;
UNLOCK TABLES;

--
-- Table structure for table `fm_order_item`
--

DROP TABLE IF EXISTS `fm_order_item`;
/*!40101 SET @saved_cs_client     = @@character_set_client */;
/*!40101 SET character_set_client = utf8 */;
CREATE TABLE `fm_order_item` (
  `oi_order_item_id` int(11) NOT NULL,
  `oi_cancel_quantity` decimal(19,2) DEFAULT NULL,
  `oi_comments` varchar(255) DEFAULT NULL,
  `oi_external_id` varchar(255) DEFAULT NULL,
  `oi_item_description` varchar(255) DEFAULT NULL,
  `oi_line_total_price` decimal(19,2) DEFAULT NULL,
  `oi_order_item_seq_id` varchar(255) NOT NULL,
  `oi_order_item_type_id` varchar(255) DEFAULT NULL,
  `oi_is_modified_price` bit(1) DEFAULT NULL,
  `oi_quantity` decimal(19,2) DEFAULT NULL,
  `oi_selected_amount` decimal(19,2) DEFAULT NULL,
  `oi_status_id` varchar(255) DEFAULT NULL,
  `oi_tax_price` decimal(19,2) DEFAULT NULL,
  `oi_unit_list_price` decimal(19,2) DEFAULT NULL,
  `oi_unit_price` decimal(19,2) DEFAULT NULL,
  `oi_order_id` int(11) NOT NULL,
  `oi_product_id` int(11) NOT NULL,
  PRIMARY KEY (`oi_order_item_id`),
  UNIQUE KEY `oi_order_item_id` (`oi_order_item_id`),
  UNIQUE KEY `oi_order_id` (`oi_order_id`),
  KEY `FKBCC763DC95D408B3` (`oi_order_id`),
  KEY `FKBCC763DCCBB2CA79` (`oi_product_id`),
  CONSTRAINT `FKBCC763DC95D408B3` FOREIGN KEY (`oi_order_id`) REFERENCES `fm_order_header` (`oh_order_id`),
  CONSTRAINT `FKBCC763DCCBB2CA79` FOREIGN KEY (`oi_product_id`) REFERENCES `prod_product` (`pd_product_id`)
) ENGINE=InnoDB DEFAULT CHARSET=latin1;
/*!40101 SET character_set_client = @saved_cs_client */;

--
-- Dumping data for table `fm_order_item`
--

LOCK TABLES `fm_order_item` WRITE;
/*!40000 ALTER TABLE `fm_order_item` DISABLE KEYS */;
INSERT INTO `fm_order_item` VALUES (1,NULL,NULL,NULL,NULL,'275.00','0',NULL,'\0','1.00',NULL,NULL,'45.00',NULL,'230.00',1,1),(2,NULL,NULL,NULL,NULL,'275.00','0',NULL,'\0','1.00',NULL,NULL,'45.00',NULL,'230.00',2,1),(3,NULL,NULL,NULL,NULL,'275.00','0',NULL,'\0','1.00',NULL,NULL,'45.00',NULL,'230.00',3,1),(4,NULL,NULL,NULL,NULL,'275.00','0',NULL,'\0','1.00',NULL,NULL,'45.00',NULL,'230.00',4,1),(5,NULL,NULL,NULL,NULL,'275.00','0',NULL,'\0','1.00',NULL,NULL,'45.00',NULL,'230.00',5,1),(6,NULL,NULL,NULL,NULL,'275.00','0',NULL,'\0','1.00',NULL,NULL,'45.00',NULL,'230.00',6,1),(7,NULL,NULL,NULL,NULL,'275.00','0',NULL,'\0','1.00',NULL,NULL,'45.00',NULL,'230.00',7,1),(8,NULL,NULL,NULL,NULL,'275.00','0',NULL,'\0','1.00',NULL,NULL,'45.00',NULL,'230.00',8,1),(9,NULL,NULL,NULL,NULL,'275.00','0',NULL,'\0','1.00',NULL,NULL,'45.00',NULL,'230.00',9,1),(10,NULL,NULL,NULL,NULL,'225.00','0',NULL,'\0','1.00',NULL,NULL,'45.00',NULL,'180.00',10,2),(11,NULL,NULL,NULL,NULL,'275.00','0',NULL,'\0','1.00',NULL,NULL,'45.00',NULL,'230.00',11,1),(12,NULL,NULL,NULL,NULL,'275.00','0',NULL,'\0','1.00',NULL,NULL,'45.00',NULL,'230.00',12,1),(13,NULL,NULL,NULL,NULL,'275.00','0',NULL,'\0','1.00',NULL,NULL,'45.00',NULL,'230.00',13,1),(14,NULL,NULL,NULL,NULL,'275.00','0',NULL,'\0','1.00',NULL,NULL,'45.00',NULL,'230.00',14,1),(15,NULL,NULL,NULL,NULL,'275.00','0',NULL,'\0','1.00',NULL,NULL,'45.00',NULL,'230.00',15,1),(16,NULL,NULL,NULL,NULL,'275.00','0',NULL,'\0','1.00',NULL,NULL,'45.00',NULL,'230.00',16,1),(17,NULL,NULL,NULL,NULL,'275.00','0',NULL,'\0','1.00',NULL,NULL,'45.00',NULL,'230.00',17,1),(18,NULL,NULL,NULL,NULL,'275.00','0',NULL,'\0','1.00',NULL,NULL,'45.00',NULL,'230.00',18,1),(19,NULL,NULL,NULL,NULL,'275.00','0',NULL,'\0','1.00',NULL,NULL,'45.00',NULL,'230.00',19,3),(20,NULL,NULL,NULL,NULL,'275.00','0',NULL,'\0','1.00',NULL,NULL,'45.00',NULL,'230.00',20,3),(21,NULL,NULL,NULL,NULL,'275.00','0',NULL,'\0','1.00',NULL,NULL,'45.00',NULL,'230.00',21,3),(22,NULL,NULL,NULL,NULL,'275.00','0',NULL,'\0','1.00',NULL,NULL,'45.00',NULL,'230.00',22,3),(23,NULL,NULL,NULL,NULL,'225.00','0',NULL,'\0','1.00',NULL,NULL,'45.00',NULL,'180.00',23,2),(24,NULL,NULL,NULL,NULL,'275.00','0',NULL,'\0','1.00',NULL,NULL,'45.00',NULL,'230.00',24,1),(25,NULL,NULL,NULL,NULL,'275.00','0',NULL,'\0','1.00',NULL,NULL,'45.00',NULL,'230.00',25,1),(26,NULL,NULL,NULL,NULL,'275.00','0',NULL,'\0','1.00',NULL,NULL,'45.00',NULL,'230.00',26,1),(27,NULL,NULL,NULL,NULL,'275.00','0',NULL,'\0','1.00',NULL,NULL,'45.00',NULL,'230.00',27,1),(28,NULL,NULL,NULL,NULL,'275.00','0',NULL,'\0','1.00',NULL,NULL,'45.00',NULL,'230.00',28,1),(29,NULL,NULL,NULL,NULL,'275.00','0',NULL,'\0','1.00',NULL,NULL,'45.00',NULL,'230.00',29,1),(30,NULL,NULL,NULL,NULL,'275.00','0',NULL,'\0','1.00',NULL,NULL,'45.00',NULL,'230.00',30,1),(31,NULL,NULL,NULL,NULL,'275.00','0',NULL,'\0','1.00',NULL,NULL,'45.00',NULL,'230.00',31,1),(32,NULL,NULL,NULL,NULL,'275.00','0',NULL,'\0','1.00',NULL,NULL,'45.00',NULL,'230.00',32,1),(33,NULL,NULL,NULL,NULL,'275.00','0',NULL,'\0','1.00',NULL,NULL,'45.00',NULL,'230.00',33,1),(34,NULL,NULL,NULL,NULL,'275.00','0',NULL,'\0','1.00',NULL,NULL,'45.00',NULL,'230.00',34,1),(35,NULL,NULL,NULL,NULL,'225.00','0',NULL,'\0','1.00',NULL,NULL,'45.00',NULL,'180.00',35,2),(36,NULL,NULL,NULL,NULL,'275.00','0',NULL,'\0','1.00',NULL,NULL,'45.00',NULL,'230.00',36,1),(37,NULL,NULL,NULL,NULL,'275.00','0',NULL,'\0','1.00',NULL,NULL,'45.00',NULL,'230.00',37,1),(38,NULL,NULL,NULL,NULL,'275.00','0',NULL,'\0','1.00',NULL,NULL,'45.00',NULL,'230.00',38,1),(39,NULL,NULL,NULL,NULL,'275.00','0',NULL,'\0','1.00',NULL,NULL,'45.00',NULL,'230.00',39,1),(40,NULL,NULL,NULL,NULL,'275.00','0',NULL,'\0','1.00',NULL,NULL,'45.00',NULL,'230.00',40,1),(41,NULL,NULL,NULL,NULL,'275.00','0',NULL,'\0','1.00',NULL,NULL,'45.00',NULL,'230.00',41,4),(42,NULL,NULL,NULL,NULL,'275.00','0',NULL,'\0','1.00',NULL,NULL,'45.00',NULL,'230.00',42,4),(43,NULL,NULL,NULL,NULL,'275.00','0',NULL,'\0','1.00',NULL,NULL,'45.00',NULL,'230.00',43,4),(44,NULL,NULL,NULL,NULL,'275.00','0',NULL,'\0','1.00',NULL,NULL,'45.00',NULL,'230.00',44,4),(45,NULL,NULL,NULL,NULL,'275.00','0',NULL,'\0','1.00',NULL,NULL,'45.00',NULL,'230.00',45,1),(46,NULL,NULL,NULL,NULL,'225.00','0',NULL,'\0','1.00',NULL,NULL,'45.00',NULL,'180.00',46,2),(47,NULL,NULL,NULL,NULL,'225.00','0',NULL,'\0','1.00',NULL,NULL,'45.00',NULL,'180.00',47,2),(48,NULL,NULL,NULL,NULL,'325.00','0',NULL,'\0','1.00',NULL,NULL,'45.00',NULL,'280.00',48,5),(49,NULL,NULL,NULL,NULL,'275.00','0',NULL,'\0','1.00',NULL,NULL,'45.00',NULL,'230.00',49,1),(50,NULL,NULL,NULL,NULL,'275.00','0',NULL,'\0','1.00',NULL,NULL,'45.00',NULL,'230.00',50,6),(51,NULL,NULL,NULL,NULL,'275.00','0',NULL,'\0','1.00',NULL,NULL,'45.00',NULL,'230.00',51,3),(52,NULL,NULL,NULL,NULL,'275.00','0',NULL,'\0','1.00',NULL,NULL,'45.00',NULL,'230.00',52,1),(53,NULL,NULL,NULL,NULL,'275.00','0',NULL,'\0','1.00',NULL,NULL,'45.00',NULL,'230.00',53,1),(54,NULL,NULL,NULL,NULL,'275.00','0',NULL,'\0','1.00',NULL,NULL,'45.00',NULL,'230.00',54,1),(55,NULL,NULL,NULL,NULL,'275.00','0',NULL,'\0','1.00',NULL,NULL,'45.00',NULL,'230.00',55,1),(56,NULL,NULL,NULL,NULL,'275.00','0',NULL,'\0','1.00',NULL,NULL,'45.00',NULL,'230.00',56,3),(57,NULL,NULL,NULL,NULL,'275.00','0',NULL,'\0','1.00',NULL,NULL,'45.00',NULL,'230.00',57,3),(58,NULL,NULL,NULL,NULL,'275.00','0',NULL,'\0','1.00',NULL,NULL,'45.00',NULL,'230.00',58,1),(59,NULL,NULL,NULL,NULL,'275.00','0',NULL,'\0','1.00',NULL,NULL,'45.00',NULL,'230.00',59,3),(60,NULL,NULL,NULL,NULL,'325.00','0',NULL,'\0','1.00',NULL,NULL,'45.00',NULL,'280.00',60,7),(61,NULL,NULL,NULL,NULL,'275.00','0',NULL,'\0','1.00',NULL,NULL,'45.00',NULL,'230.00',61,3),(62,NULL,NULL,NULL,NULL,'275.00','0',NULL,'\0','1.00',NULL,NULL,'45.00',NULL,'230.00',62,1),(63,NULL,NULL,NULL,NULL,'275.00','0',NULL,'\0','1.00',NULL,NULL,'45.00',NULL,'230.00',63,1),(64,NULL,NULL,NULL,NULL,'275.00','0',NULL,'\0','1.00',NULL,NULL,'45.00',NULL,'230.00',64,1),(65,NULL,NULL,NULL,NULL,'275.00','0',NULL,'\0','1.00',NULL,NULL,'45.00',NULL,'230.00',65,1),(66,NULL,NULL,NULL,NULL,'275.00','0',NULL,'\0','1.00',NULL,NULL,'45.00',NULL,'230.00',66,1),(67,NULL,NULL,NULL,NULL,'275.00','0',NULL,'\0','1.00',NULL,NULL,'45.00',NULL,'230.00',67,1),(68,NULL,NULL,NULL,NULL,'275.00','0',NULL,'\0','1.00',NULL,NULL,'45.00',NULL,'230.00',68,1),(69,NULL,NULL,NULL,NULL,'275.00','0',NULL,'\0','1.00',NULL,NULL,'45.00',NULL,'230.00',69,1),(70,NULL,NULL,NULL,NULL,'275.00','0',NULL,'\0','1.00',NULL,NULL,'45.00',NULL,'230.00',70,1),(71,NULL,NULL,NULL,NULL,'275.00','0',NULL,'\0','1.00',NULL,NULL,'45.00',NULL,'230.00',71,1),(72,NULL,NULL,NULL,NULL,'275.00','0',NULL,'\0','1.00',NULL,NULL,'45.00',NULL,'230.00',72,1),(73,NULL,NULL,NULL,NULL,'275.00','0',NULL,'\0','1.00',NULL,NULL,'45.00',NULL,'230.00',73,3),(74,NULL,NULL,NULL,NULL,'275.00','0',NULL,'\0','1.00',NULL,NULL,'45.00',NULL,'230.00',74,3),(75,NULL,NULL,NULL,NULL,'325.00','0',NULL,'\0','1.00',NULL,NULL,'45.00',NULL,'280.00',75,8),(76,NULL,NULL,NULL,NULL,'275.00','0',NULL,'\0','1.00',NULL,NULL,'45.00',NULL,'230.00',76,1),(77,NULL,NULL,NULL,NULL,'275.00','0',NULL,'\0','1.00',NULL,NULL,'45.00',NULL,'230.00',77,1),(78,NULL,NULL,NULL,NULL,'275.00','0',NULL,'\0','1.00',NULL,NULL,'45.00',NULL,'230.00',78,1),(79,NULL,NULL,NULL,NULL,'275.00','0',NULL,'\0','1.00',NULL,NULL,'45.00',NULL,'230.00',79,1),(80,NULL,NULL,NULL,NULL,'275.00','0',NULL,'\0','1.00',NULL,NULL,'45.00',NULL,'230.00',80,1),(81,NULL,NULL,NULL,NULL,'275.00','0',NULL,'\0','1.00',NULL,NULL,'45.00',NULL,'230.00',81,1),(82,NULL,NULL,NULL,NULL,'275.00','0',NULL,'\0','1.00',NULL,NULL,'45.00',NULL,'230.00',82,1),(83,NULL,NULL,NULL,NULL,'275.00','0',NULL,'\0','1.00',NULL,NULL,'45.00',NULL,'230.00',83,1),(84,NULL,NULL,NULL,NULL,'275.00','0',NULL,'\0','1.00',NULL,NULL,'45.00',NULL,'230.00',84,1),(85,NULL,NULL,NULL,NULL,'275.00','0',NULL,'\0','1.00',NULL,NULL,'45.00',NULL,'230.00',85,1),(86,NULL,NULL,NULL,NULL,'275.00','0',NULL,'\0','1.00',NULL,NULL,'45.00',NULL,'230.00',86,1),(87,NULL,NULL,NULL,NULL,'275.00','0',NULL,'\0','1.00',NULL,NULL,'45.00',NULL,'230.00',87,1),(88,NULL,NULL,NULL,NULL,'275.00','0',NULL,'\0','1.00',NULL,NULL,'45.00',NULL,'230.00',88,1),(89,NULL,NULL,NULL,NULL,'275.00','0',NULL,'\0','1.00',NULL,NULL,'45.00',NULL,'230.00',89,1),(90,NULL,NULL,NULL,NULL,'275.00','0',NULL,'\0','1.00',NULL,NULL,'45.00',NULL,'230.00',90,1),(91,NULL,NULL,NULL,NULL,'275.00','0',NULL,'\0','1.00',NULL,NULL,'45.00',NULL,'230.00',91,1),(92,NULL,NULL,NULL,NULL,'275.00','0',NULL,'\0','1.00',NULL,NULL,'45.00',NULL,'230.00',92,4),(93,NULL,NULL,NULL,NULL,'275.00','0',NULL,'\0','1.00',NULL,NULL,'45.00',NULL,'230.00',93,4),(94,NULL,NULL,NULL,NULL,'275.00','0',NULL,'\0','1.00',NULL,NULL,'45.00',NULL,'230.00',94,4),(95,NULL,NULL,NULL,NULL,'325.00','0',NULL,'\0','1.00',NULL,NULL,'45.00',NULL,'280.00',95,5),(96,NULL,NULL,NULL,NULL,'325.00','0',NULL,'\0','1.00',NULL,NULL,'45.00',NULL,'280.00',96,5),(97,NULL,NULL,NULL,NULL,'275.00','0',NULL,'\0','1.00',NULL,NULL,'45.00',NULL,'230.00',97,1),(98,NULL,NULL,NULL,NULL,'275.00','0',NULL,'\0','1.00',NULL,NULL,'45.00',NULL,'230.00',98,4),(99,NULL,NULL,NULL,NULL,'275.00','0',NULL,'\0','1.00',NULL,NULL,'45.00',NULL,'230.00',99,1),(100,NULL,NULL,NULL,NULL,'275.00','0',NULL,'\0','1.00',NULL,NULL,'45.00',NULL,'230.00',100,1),(101,NULL,NULL,NULL,NULL,'275.00','0',NULL,'\0','1.00',NULL,NULL,'45.00',NULL,'230.00',101,3),(102,NULL,NULL,NULL,NULL,'275.00','0',NULL,'\0','1.00',NULL,NULL,'45.00',NULL,'230.00',102,1),(103,NULL,NULL,NULL,NULL,'275.00','0',NULL,'\0','1.00',NULL,NULL,'45.00',NULL,'230.00',103,3),(104,NULL,NULL,NULL,NULL,'275.00','0',NULL,'\0','1.00',NULL,NULL,'45.00',NULL,'230.00',104,3),(105,NULL,NULL,NULL,NULL,'275.00','0',NULL,'\0','1.00',NULL,NULL,'45.00',NULL,'230.00',105,1),(106,NULL,NULL,NULL,NULL,'275.00','0',NULL,'\0','1.00',NULL,NULL,'45.00',NULL,'230.00',106,1),(107,NULL,NULL,NULL,NULL,'275.00','0',NULL,'\0','1.00',NULL,NULL,'45.00',NULL,'230.00',107,1),(108,NULL,NULL,NULL,NULL,'275.00','0',NULL,'\0','1.00',NULL,NULL,'45.00',NULL,'230.00',108,1),(109,NULL,NULL,NULL,NULL,'275.00','0',NULL,'\0','1.00',NULL,NULL,'45.00',NULL,'230.00',109,1),(110,NULL,NULL,NULL,NULL,'275.00','0',NULL,'\0','1.00',NULL,NULL,'45.00',NULL,'230.00',110,1),(111,NULL,NULL,NULL,NULL,'275.00','0',NULL,'\0','1.00',NULL,NULL,'45.00',NULL,'230.00',111,1),(112,NULL,NULL,NULL,NULL,'275.00','0',NULL,'\0','1.00',NULL,NULL,'45.00',NULL,'230.00',112,1),(113,NULL,NULL,NULL,NULL,'275.00','0',NULL,'\0','1.00',NULL,NULL,'45.00',NULL,'230.00',113,1),(114,NULL,NULL,NULL,NULL,'275.00','0',NULL,'\0','1.00',NULL,NULL,'45.00',NULL,'230.00',114,1),(115,NULL,NULL,NULL,NULL,'275.00','0',NULL,'\0','1.00',NULL,NULL,'45.00',NULL,'230.00',115,1),(116,NULL,NULL,NULL,NULL,'325.00','0',NULL,'\0','1.00',NULL,NULL,'45.00',NULL,'280.00',116,8),(117,NULL,NULL,NULL,NULL,'325.00','0',NULL,'\0','1.00',NULL,NULL,'45.00',NULL,'280.00',117,8),(118,NULL,NULL,NULL,NULL,'275.00','0',NULL,'\0','1.00',NULL,NULL,'45.00',NULL,'230.00',118,1),(119,NULL,NULL,NULL,NULL,'275.00','0',NULL,'\0','1.00',NULL,NULL,'45.00',NULL,'230.00',119,1),(120,NULL,NULL,NULL,NULL,'275.00','0',NULL,'\0','1.00',NULL,NULL,'45.00',NULL,'230.00',120,1),(121,NULL,NULL,NULL,NULL,'275.00','0',NULL,'\0','1.00',NULL,NULL,'45.00',NULL,'230.00',121,1),(122,NULL,NULL,NULL,NULL,'275.00','0',NULL,'\0','1.00',NULL,NULL,'45.00',NULL,'230.00',122,1),(123,NULL,NULL,NULL,NULL,'275.00','0',NULL,'\0','1.00',NULL,NULL,'45.00',NULL,'230.00',123,1),(124,NULL,NULL,NULL,NULL,'275.00','0',NULL,'\0','1.00',NULL,NULL,'45.00',NULL,'230.00',124,1),(125,NULL,NULL,NULL,NULL,'275.00','0',NULL,'\0','1.00',NULL,NULL,'45.00',NULL,'230.00',125,1),(126,NULL,NULL,NULL,NULL,'275.00','0',NULL,'\0','1.00',NULL,NULL,'45.00',NULL,'230.00',126,1),(127,NULL,NULL,NULL,NULL,'275.00','0',NULL,'\0','1.00',NULL,NULL,'45.00',NULL,'230.00',127,1),(128,NULL,NULL,NULL,NULL,'275.00','0',NULL,'\0','1.00',NULL,NULL,'45.00',NULL,'230.00',128,1),(129,NULL,NULL,NULL,NULL,'275.00','0',NULL,'\0','1.00',NULL,NULL,'45.00',NULL,'230.00',129,1),(130,NULL,NULL,NULL,NULL,'275.00','0',NULL,'\0','1.00',NULL,NULL,'45.00',NULL,'230.00',130,1),(131,NULL,NULL,NULL,NULL,'275.00','0',NULL,'\0','1.00',NULL,NULL,'45.00',NULL,'230.00',131,1),(132,NULL,NULL,NULL,NULL,'275.00','0',NULL,'\0','1.00',NULL,NULL,'45.00',NULL,'230.00',132,1),(133,NULL,NULL,NULL,NULL,'275.00','0',NULL,'\0','1.00',NULL,NULL,'45.00',NULL,'230.00',133,1),(134,NULL,NULL,NULL,NULL,'275.00','0',NULL,'\0','1.00',NULL,NULL,'45.00',NULL,'230.00',134,1),(135,NULL,NULL,NULL,NULL,'275.00','0',NULL,'\0','1.00',NULL,NULL,'45.00',NULL,'230.00',135,1),(136,NULL,NULL,NULL,NULL,'225.00','0',NULL,'\0','1.00',NULL,NULL,'45.00',NULL,'180.00',136,2),(137,NULL,NULL,NULL,NULL,'275.00','0',NULL,'\0','1.00',NULL,NULL,'45.00',NULL,'230.00',137,1),(138,NULL,NULL,NULL,NULL,'275.00','0',NULL,'\0','1.00',NULL,NULL,'45.00',NULL,'230.00',138,3),(139,NULL,NULL,NULL,NULL,'275.00','0',NULL,'\0','1.00',NULL,NULL,'45.00',NULL,'230.00',139,1),(140,NULL,NULL,NULL,NULL,'275.00','0',NULL,'\0','1.00',NULL,NULL,'45.00',NULL,'230.00',140,1),(141,NULL,NULL,NULL,NULL,'275.00','0',NULL,'\0','1.00',NULL,NULL,'45.00',NULL,'230.00',141,1),(142,NULL,NULL,NULL,NULL,'275.00','0',NULL,'\0','1.00',NULL,NULL,'45.00',NULL,'230.00',142,1),(143,NULL,NULL,NULL,NULL,'275.00','0',NULL,'\0','1.00',NULL,NULL,'45.00',NULL,'230.00',143,1),(144,NULL,NULL,NULL,NULL,'275.00','0',NULL,'\0','1.00',NULL,NULL,'45.00',NULL,'230.00',144,1),(145,NULL,NULL,NULL,NULL,'275.00','0',NULL,'\0','1.00',NULL,NULL,'45.00',NULL,'230.00',145,1),(146,NULL,NULL,NULL,NULL,'275.00','0',NULL,'\0','1.00',NULL,NULL,'45.00',NULL,'230.00',146,1),(147,NULL,NULL,NULL,NULL,'275.00','0',NULL,'\0','1.00',NULL,NULL,'45.00',NULL,'230.00',147,1),(148,NULL,NULL,NULL,NULL,'275.00','0',NULL,'\0','1.00',NULL,NULL,'45.00',NULL,'230.00',148,1),(149,NULL,NULL,NULL,NULL,'275.00','0',NULL,'\0','1.00',NULL,NULL,'45.00',NULL,'230.00',149,1),(150,NULL,NULL,NULL,NULL,'275.00','0',NULL,'\0','1.00',NULL,NULL,'45.00',NULL,'230.00',150,1),(151,NULL,NULL,NULL,NULL,'275.00','0',NULL,'\0','1.00',NULL,NULL,'45.00',NULL,'230.00',151,1),(152,NULL,NULL,NULL,NULL,'275.00','0',NULL,'\0','1.00',NULL,NULL,'45.00',NULL,'230.00',152,1),(153,NULL,NULL,NULL,NULL,'275.00','0',NULL,'\0','1.00',NULL,NULL,'45.00',NULL,'230.00',153,3),(154,NULL,NULL,NULL,NULL,'275.00','0',NULL,'\0','1.00',NULL,NULL,'45.00',NULL,'230.00',154,3),(155,NULL,NULL,NULL,NULL,'275.00','0',NULL,'\0','1.00',NULL,NULL,'45.00',NULL,'230.00',155,3),(156,NULL,NULL,NULL,NULL,'275.00','0',NULL,'\0','1.00',NULL,NULL,'45.00',NULL,'230.00',156,1),(157,NULL,NULL,NULL,NULL,'275.00','0',NULL,'\0','1.00',NULL,NULL,'45.00',NULL,'230.00',157,1),(158,NULL,NULL,NULL,NULL,'275.00','0',NULL,'\0','1.00',NULL,NULL,'45.00',NULL,'230.00',158,1),(159,NULL,NULL,NULL,NULL,'275.00','0',NULL,'\0','1.00',NULL,NULL,'45.00',NULL,'230.00',159,1),(160,NULL,NULL,NULL,NULL,'275.00','0',NULL,'\0','1.00',NULL,NULL,'45.00',NULL,'230.00',160,1),(161,NULL,NULL,NULL,NULL,'275.00','0',NULL,'\0','1.00',NULL,NULL,'45.00',NULL,'230.00',161,1),(162,NULL,NULL,NULL,NULL,'275.00','0',NULL,'\0','1.00',NULL,NULL,'45.00',NULL,'230.00',162,1),(163,NULL,NULL,NULL,NULL,'275.00','0',NULL,'\0','1.00',NULL,NULL,'45.00',NULL,'230.00',163,1),(164,NULL,NULL,NULL,NULL,'275.00','0',NULL,'\0','1.00',NULL,NULL,'45.00',NULL,'230.00',164,1),(165,NULL,NULL,NULL,NULL,'275.00','0',NULL,'\0','1.00',NULL,NULL,'45.00',NULL,'230.00',165,1),(166,NULL,NULL,NULL,NULL,'275.00','0',NULL,'\0','1.00',NULL,NULL,'45.00',NULL,'230.00',166,1),(167,NULL,NULL,NULL,NULL,'275.00','0',NULL,'\0','1.00',NULL,NULL,'45.00',NULL,'230.00',167,1),(168,NULL,NULL,NULL,NULL,'275.00','0',NULL,'\0','1.00',NULL,NULL,'45.00',NULL,'230.00',168,3),(169,NULL,NULL,NULL,NULL,'275.00','0',NULL,'\0','1.00',NULL,NULL,'45.00',NULL,'230.00',169,3),(170,NULL,NULL,NULL,NULL,'275.00','0',NULL,'\0','1.00',NULL,NULL,'45.00',NULL,'230.00',170,3),(171,NULL,NULL,NULL,NULL,'275.00','0',NULL,'\0','1.00',NULL,NULL,'45.00',NULL,'230.00',171,3),(172,NULL,NULL,NULL,NULL,'275.00','0',NULL,'\0','1.00',NULL,NULL,'45.00',NULL,'230.00',172,1),(173,NULL,NULL,NULL,NULL,'275.00','0',NULL,'\0','1.00',NULL,NULL,'45.00',NULL,'230.00',173,3),(174,NULL,NULL,NULL,NULL,'275.00','0',NULL,'\0','1.00',NULL,NULL,'45.00',NULL,'230.00',174,3),(175,NULL,NULL,NULL,NULL,'275.00','0',NULL,'\0','1.00',NULL,NULL,'45.00',NULL,'230.00',175,3),(176,NULL,NULL,NULL,NULL,'275.00','0',NULL,'\0','1.00',NULL,NULL,'45.00',NULL,'230.00',176,3),(177,NULL,NULL,NULL,NULL,'275.00','0',NULL,'\0','1.00',NULL,NULL,'45.00',NULL,'230.00',177,3),(178,NULL,NULL,NULL,NULL,'275.00','0',NULL,'\0','1.00',NULL,NULL,'45.00',NULL,'230.00',178,3),(179,NULL,NULL,NULL,NULL,'275.00','0',NULL,'\0','1.00',NULL,NULL,'45.00',NULL,'230.00',179,3),(180,NULL,NULL,NULL,NULL,'325.00','0',NULL,'\0','1.00',NULL,NULL,'45.00',NULL,'280.00',180,8),(181,NULL,NULL,NULL,NULL,'325.00','0',NULL,'\0','1.00',NULL,NULL,'45.00',NULL,'280.00',181,8),(182,NULL,NULL,NULL,NULL,'275.00','0',NULL,'\0','1.00',NULL,NULL,'45.00',NULL,'230.00',182,1),(183,NULL,NULL,NULL,NULL,'275.00','0',NULL,'\0','1.00',NULL,NULL,'45.00',NULL,'230.00',183,3),(184,NULL,NULL,NULL,NULL,'275.00','0',NULL,'\0','1.00',NULL,NULL,'45.00',NULL,'230.00',184,1),(185,NULL,NULL,NULL,NULL,'275.00','0',NULL,'\0','1.00',NULL,NULL,'45.00',NULL,'230.00',185,1),(186,NULL,NULL,NULL,NULL,'275.00','0',NULL,'\0','1.00',NULL,NULL,'45.00',NULL,'230.00',186,1),(187,NULL,NULL,NULL,NULL,'275.00','0',NULL,'\0','1.00',NULL,NULL,'45.00',NULL,'230.00',187,1),(188,NULL,NULL,NULL,NULL,'275.00','0',NULL,'\0','1.00',NULL,NULL,'45.00',NULL,'230.00',188,1),(189,NULL,NULL,NULL,NULL,'275.00','0',NULL,'\0','1.00',NULL,NULL,'45.00',NULL,'230.00',189,1),(190,NULL,NULL,NULL,NULL,'275.00','0',NULL,'\0','1.00',NULL,NULL,'45.00',NULL,'230.00',190,1),(191,NULL,NULL,NULL,NULL,'275.00','0',NULL,'\0','1.00',NULL,NULL,'45.00',NULL,'230.00',191,1),(192,NULL,NULL,NULL,NULL,'275.00','0',NULL,'\0','1.00',NULL,NULL,'45.00',NULL,'230.00',192,1),(193,NULL,NULL,NULL,NULL,'325.00','0',NULL,'\0','1.00',NULL,NULL,'45.00',NULL,'280.00',193,8),(194,NULL,NULL,NULL,NULL,'275.00','0',NULL,'\0','1.00',NULL,NULL,'45.00',NULL,'230.00',194,1),(195,NULL,NULL,NULL,NULL,'275.00','0',NULL,'\0','1.00',NULL,NULL,'45.00',NULL,'230.00',195,1),(196,NULL,NULL,NULL,NULL,'275.00','0',NULL,'\0','1.00',NULL,NULL,'45.00',NULL,'230.00',196,1),(197,NULL,NULL,NULL,NULL,'275.00','0',NULL,'\0','1.00',NULL,NULL,'45.00',NULL,'230.00',197,1),(198,NULL,NULL,NULL,NULL,'275.00','0',NULL,'\0','1.00',NULL,NULL,'45.00',NULL,'230.00',198,1),(199,NULL,NULL,NULL,NULL,'275.00','0',NULL,'\0','1.00',NULL,NULL,'45.00',NULL,'230.00',199,1),(200,NULL,NULL,NULL,NULL,'275.00','0',NULL,'\0','1.00',NULL,NULL,'45.00',NULL,'230.00',200,1),(201,NULL,NULL,NULL,NULL,'275.00','0',NULL,'\0','1.00',NULL,NULL,'45.00',NULL,'230.00',201,1),(202,NULL,NULL,NULL,NULL,'275.00','0',NULL,'\0','1.00',NULL,NULL,'45.00',NULL,'230.00',202,1),(203,NULL,NULL,NULL,NULL,'275.00','0',NULL,'\0','1.00',NULL,NULL,'45.00',NULL,'230.00',203,1),(204,NULL,NULL,NULL,NULL,'275.00','0',NULL,'\0','1.00',NULL,NULL,'45.00',NULL,'230.00',204,1),(205,NULL,NULL,NULL,NULL,'275.00','0',NULL,'\0','1.00',NULL,NULL,'45.00',NULL,'230.00',205,1),(206,NULL,NULL,NULL,NULL,'275.00','0',NULL,'\0','1.00',NULL,NULL,'45.00',NULL,'230.00',206,4),(207,NULL,NULL,NULL,NULL,'275.00','0',NULL,'\0','1.00',NULL,NULL,'45.00',NULL,'230.00',207,4),(208,NULL,NULL,NULL,NULL,'275.00','0',NULL,'\0','1.00',NULL,NULL,'45.00',NULL,'230.00',208,4),(209,NULL,NULL,NULL,NULL,'275.00','0',NULL,'\0','1.00',NULL,NULL,'45.00',NULL,'230.00',209,4),(210,NULL,NULL,NULL,NULL,'275.00','0',NULL,'\0','1.00',NULL,NULL,'45.00',NULL,'230.00',210,3),(211,NULL,NULL,NULL,NULL,'275.00','0',NULL,'\0','1.00',NULL,NULL,'45.00',NULL,'230.00',211,3),(212,NULL,NULL,NULL,NULL,'275.00','0',NULL,'\0','1.00',NULL,NULL,'45.00',NULL,'230.00',212,1),(213,NULL,NULL,NULL,NULL,'275.00','0',NULL,'\0','1.00',NULL,NULL,'45.00',NULL,'230.00',213,1),(214,NULL,NULL,NULL,NULL,'275.00','0',NULL,'\0','1.00',NULL,NULL,'45.00',NULL,'230.00',214,1),(215,NULL,NULL,NULL,NULL,'275.00','0',NULL,'\0','1.00',NULL,NULL,'45.00',NULL,'230.00',215,1),(216,NULL,NULL,NULL,NULL,'275.00','0',NULL,'\0','1.00',NULL,NULL,'45.00',NULL,'230.00',216,1),(217,NULL,NULL,NULL,NULL,'275.00','0',NULL,'\0','1.00',NULL,NULL,'45.00',NULL,'230.00',217,1),(218,NULL,NULL,NULL,NULL,'275.00','0',NULL,'\0','1.00',NULL,NULL,'45.00',NULL,'230.00',218,1),(219,NULL,NULL,NULL,NULL,'275.00','0',NULL,'\0','1.00',NULL,NULL,'45.00',NULL,'230.00',219,1),(220,NULL,NULL,NULL,NULL,'275.00','0',NULL,'\0','1.00',NULL,NULL,'45.00',NULL,'230.00',220,1),(221,NULL,NULL,NULL,NULL,'275.00','0',NULL,'\0','1.00',NULL,NULL,'45.00',NULL,'230.00',221,1),(222,NULL,NULL,NULL,NULL,'275.00','0',NULL,'\0','1.00',NULL,NULL,'45.00',NULL,'230.00',222,1),(223,NULL,NULL,NULL,NULL,'275.00','0',NULL,'\0','1.00',NULL,NULL,'45.00',NULL,'230.00',223,1),(224,NULL,NULL,NULL,NULL,'275.00','0',NULL,'\0','1.00',NULL,NULL,'45.00',NULL,'230.00',224,1),(225,NULL,NULL,NULL,NULL,'275.00','0',NULL,'\0','1.00',NULL,NULL,'45.00',NULL,'230.00',225,1),(226,NULL,NULL,NULL,NULL,'275.00','0',NULL,'\0','1.00',NULL,NULL,'45.00',NULL,'230.00',226,1),(227,NULL,NULL,NULL,NULL,'275.00','0',NULL,'\0','1.00',NULL,NULL,'45.00',NULL,'230.00',227,1),(228,NULL,NULL,NULL,NULL,'275.00','0',NULL,'\0','1.00',NULL,NULL,'45.00',NULL,'230.00',228,1),(229,NULL,NULL,NULL,NULL,'275.00','0',NULL,'\0','1.00',NULL,NULL,'45.00',NULL,'230.00',229,1),(230,NULL,NULL,NULL,NULL,'275.00','0',NULL,'\0','1.00',NULL,NULL,'45.00',NULL,'230.00',230,1),(231,NULL,NULL,NULL,NULL,'275.00','0',NULL,'\0','1.00',NULL,NULL,'45.00',NULL,'230.00',231,1),(232,NULL,NULL,NULL,NULL,'275.00','0',NULL,'\0','1.00',NULL,NULL,'45.00',NULL,'230.00',232,1),(233,NULL,NULL,NULL,NULL,'275.00','0',NULL,'\0','1.00',NULL,NULL,'45.00',NULL,'230.00',233,1),(234,NULL,NULL,NULL,NULL,'275.00','0',NULL,'\0','1.00',NULL,NULL,'45.00',NULL,'230.00',234,1),(235,NULL,NULL,NULL,NULL,'275.00','0',NULL,'\0','1.00',NULL,NULL,'45.00',NULL,'230.00',235,1),(236,NULL,NULL,NULL,NULL,'275.00','0',NULL,'\0','1.00',NULL,NULL,'45.00',NULL,'230.00',236,1),(237,NULL,NULL,NULL,NULL,'275.00','0',NULL,'\0','1.00',NULL,NULL,'45.00',NULL,'230.00',237,1),(238,NULL,NULL,NULL,NULL,'275.00','0',NULL,'\0','1.00',NULL,NULL,'45.00',NULL,'230.00',238,1),(239,NULL,NULL,NULL,NULL,'275.00','0',NULL,'\0','1.00',NULL,NULL,'45.00',NULL,'230.00',239,1),(240,NULL,NULL,NULL,NULL,'275.00','0',NULL,'\0','1.00',NULL,NULL,'45.00',NULL,'230.00',240,1),(241,NULL,NULL,NULL,NULL,'275.00','0',NULL,'\0','1.00',NULL,NULL,'45.00',NULL,'230.00',241,1),(242,NULL,NULL,NULL,NULL,'275.00','0',NULL,'\0','1.00',NULL,NULL,'45.00',NULL,'230.00',242,1),(243,NULL,NULL,NULL,NULL,'275.00','0',NULL,'\0','1.00',NULL,NULL,'45.00',NULL,'230.00',243,1),(244,NULL,NULL,NULL,NULL,'275.00','0',NULL,'\0','1.00',NULL,NULL,'45.00',NULL,'230.00',244,1),(245,NULL,NULL,NULL,NULL,'275.00','0',NULL,'\0','1.00',NULL,NULL,'45.00',NULL,'230.00',245,1),(246,NULL,NULL,NULL,NULL,'275.00','0',NULL,'\0','1.00',NULL,NULL,'45.00',NULL,'230.00',246,1),(247,NULL,NULL,NULL,NULL,'275.00','0',NULL,'\0','1.00',NULL,NULL,'45.00',NULL,'230.00',247,3),(248,NULL,NULL,NULL,NULL,'275.00','0',NULL,'\0','1.00',NULL,NULL,'45.00',NULL,'230.00',248,3),(249,NULL,NULL,NULL,NULL,'325.00','0',NULL,'\0','1.00',NULL,NULL,'45.00',NULL,'280.00',249,8),(250,NULL,NULL,NULL,NULL,'275.00','0',NULL,'\0','1.00',NULL,NULL,'45.00',NULL,'230.00',250,1),(251,NULL,NULL,NULL,NULL,'275.00','0',NULL,'\0','1.00',NULL,NULL,'45.00',NULL,'230.00',251,1),(252,NULL,NULL,NULL,NULL,'275.00','0',NULL,'\0','1.00',NULL,NULL,'45.00',NULL,'230.00',252,1),(253,NULL,NULL,NULL,NULL,'275.00','0',NULL,'\0','1.00',NULL,NULL,'45.00',NULL,'230.00',253,1),(254,NULL,NULL,NULL,NULL,'275.00','0',NULL,'\0','1.00',NULL,NULL,'45.00',NULL,'230.00',254,1),(255,NULL,NULL,NULL,NULL,'275.00','0',NULL,'\0','1.00',NULL,NULL,'45.00',NULL,'230.00',255,1),(256,NULL,NULL,NULL,NULL,'325.00','0',NULL,'\0','1.00',NULL,NULL,'45.00',NULL,'280.00',256,8),(257,NULL,NULL,NULL,NULL,'275.00','0',NULL,'\0','1.00',NULL,NULL,'45.00',NULL,'230.00',257,1),(258,NULL,NULL,NULL,NULL,'325.00','0',NULL,'\0','1.00',NULL,NULL,'45.00',NULL,'280.00',258,8),(259,NULL,NULL,NULL,NULL,'275.00','0',NULL,'\0','1.00',NULL,NULL,'45.00',NULL,'230.00',259,1),(260,NULL,NULL,NULL,NULL,'275.00','0',NULL,'\0','1.00',NULL,NULL,'45.00',NULL,'230.00',260,1),(261,NULL,NULL,NULL,NULL,'275.00','0',NULL,'\0','1.00',NULL,NULL,'45.00',NULL,'230.00',261,1),(262,NULL,NULL,NULL,NULL,'275.00','0',NULL,'\0','1.00',NULL,NULL,'45.00',NULL,'230.00',262,1),(263,NULL,NULL,NULL,NULL,'275.00','0',NULL,'\0','1.00',NULL,NULL,'45.00',NULL,'230.00',263,1),(264,NULL,NULL,NULL,NULL,'275.00','0',NULL,'\0','1.00',NULL,NULL,'45.00',NULL,'230.00',264,1),(265,NULL,NULL,NULL,NULL,'275.00','0',NULL,'\0','1.00',NULL,NULL,'45.00',NULL,'230.00',265,1),(266,NULL,NULL,NULL,NULL,'275.00','0',NULL,'\0','1.00',NULL,NULL,'45.00',NULL,'230.00',266,1),(267,NULL,NULL,NULL,NULL,'225.00','0',NULL,'\0','1.00',NULL,NULL,'45.00',NULL,'180.00',267,2),(268,NULL,NULL,NULL,NULL,'275.00','0',NULL,'\0','1.00',NULL,NULL,'45.00',NULL,'230.00',268,1),(269,NULL,NULL,NULL,NULL,'275.00','0',NULL,'\0','1.00',NULL,NULL,'45.00',NULL,'230.00',269,1),(270,NULL,NULL,NULL,NULL,'275.00','0',NULL,'\0','1.00',NULL,NULL,'45.00',NULL,'230.00',270,1),(271,NULL,NULL,NULL,NULL,'275.00','0',NULL,'\0','1.00',NULL,NULL,'45.00',NULL,'230.00',271,1),(272,NULL,NULL,NULL,NULL,'225.00','0',NULL,'\0','1.00',NULL,NULL,'45.00',NULL,'180.00',272,2),(273,NULL,NULL,NULL,NULL,'325.00','0',NULL,'\0','1.00',NULL,NULL,'45.00',NULL,'280.00',273,8),(274,NULL,NULL,NULL,NULL,'325.00','0',NULL,'\0','1.00',NULL,NULL,'45.00',NULL,'280.00',274,8),(275,NULL,NULL,NULL,NULL,'225.00','0',NULL,'\0','1.00',NULL,NULL,'45.00',NULL,'180.00',275,2),(276,NULL,NULL,NULL,NULL,'225.00','0',NULL,'\0','1.00',NULL,NULL,'45.00',NULL,'180.00',276,2),(277,NULL,NULL,NULL,NULL,'275.00','0',NULL,'\0','1.00',NULL,NULL,'45.00',NULL,'230.00',277,1),(278,NULL,NULL,NULL,NULL,'275.00','0',NULL,'\0','1.00',NULL,NULL,'45.00',NULL,'230.00',278,1),(279,NULL,NULL,NULL,NULL,'275.00','0',NULL,'\0','1.00',NULL,NULL,'45.00',NULL,'230.00',279,1),(280,NULL,NULL,NULL,NULL,'275.00','0',NULL,'\0','1.00',NULL,NULL,'45.00',NULL,'230.00',280,1),(281,NULL,NULL,NULL,NULL,'275.00','0',NULL,'\0','1.00',NULL,NULL,'45.00',NULL,'230.00',281,1),(282,NULL,NULL,NULL,NULL,'275.00','0',NULL,'\0','1.00',NULL,NULL,'45.00',NULL,'230.00',282,1),(283,NULL,NULL,NULL,NULL,'275.00','0',NULL,'\0','1.00',NULL,NULL,'45.00',NULL,'230.00',283,1),(284,NULL,NULL,NULL,NULL,'275.00','0',NULL,'\0','1.00',NULL,NULL,'45.00',NULL,'230.00',284,1),(285,NULL,NULL,NULL,NULL,'275.00','0',NULL,'\0','1.00',NULL,NULL,'45.00',NULL,'230.00',285,1),(286,NULL,NULL,NULL,NULL,'275.00','0',NULL,'\0','1.00',NULL,NULL,'45.00',NULL,'230.00',286,1),(287,NULL,NULL,NULL,NULL,'275.00','0',NULL,'\0','1.00',NULL,NULL,'45.00',NULL,'230.00',287,1),(288,NULL,NULL,NULL,NULL,'275.00','0',NULL,'\0','1.00',NULL,NULL,'45.00',NULL,'230.00',288,1),(289,NULL,NULL,NULL,NULL,'275.00','0',NULL,'\0','1.00',NULL,NULL,'45.00',NULL,'230.00',289,1),(290,NULL,NULL,NULL,NULL,'275.00','0',NULL,'\0','1.00',NULL,NULL,'45.00',NULL,'230.00',290,1),(291,NULL,NULL,NULL,NULL,'275.00','0',NULL,'\0','1.00',NULL,NULL,'45.00',NULL,'230.00',291,1),(292,NULL,NULL,NULL,NULL,'275.00','0',NULL,'\0','1.00',NULL,NULL,'45.00',NULL,'230.00',292,1),(293,NULL,NULL,NULL,NULL,'275.00','0',NULL,'\0','1.00',NULL,NULL,'45.00',NULL,'230.00',293,1),(294,NULL,NULL,NULL,NULL,'275.00','0',NULL,'\0','1.00',NULL,NULL,'45.00',NULL,'230.00',294,4),(295,NULL,NULL,NULL,NULL,'225.00','0',NULL,'\0','1.00',NULL,NULL,'45.00',NULL,'180.00',295,2),(296,NULL,NULL,NULL,NULL,'275.00','0',NULL,'\0','1.00',NULL,NULL,'45.00',NULL,'230.00',296,4),(297,NULL,NULL,NULL,NULL,'275.00','0',NULL,'\0','1.00',NULL,NULL,'45.00',NULL,'230.00',297,1),(298,NULL,NULL,NULL,NULL,'275.00','0',NULL,'\0','1.00',NULL,NULL,'45.00',NULL,'230.00',298,1),(299,NULL,NULL,NULL,NULL,'275.00','0',NULL,'\0','1.00',NULL,NULL,'45.00',NULL,'230.00',299,1),(300,NULL,NULL,NULL,NULL,'275.00','0',NULL,'\0','1.00',NULL,NULL,'45.00',NULL,'230.00',300,1),(301,NULL,NULL,NULL,NULL,'275.00','0',NULL,'\0','1.00',NULL,NULL,'45.00',NULL,'230.00',301,1),(302,NULL,NULL,NULL,NULL,'225.00','0',NULL,'\0','1.00',NULL,NULL,'45.00',NULL,'180.00',302,2),(303,NULL,NULL,NULL,NULL,'225.00','0',NULL,'\0','1.00',NULL,NULL,'45.00',NULL,'180.00',303,2),(304,NULL,NULL,NULL,NULL,'225.00','0',NULL,'\0','1.00',NULL,NULL,'45.00',NULL,'180.00',304,2),(305,NULL,NULL,NULL,NULL,'225.00','0',NULL,'\0','1.00',NULL,NULL,'45.00',NULL,'180.00',305,2),(306,NULL,NULL,NULL,NULL,'275.00','0',NULL,'\0','1.00',NULL,NULL,'45.00',NULL,'230.00',306,1),(307,NULL,NULL,NULL,NULL,'275.00','0',NULL,'\0','1.00',NULL,NULL,'45.00',NULL,'230.00',307,1),(308,NULL,NULL,NULL,NULL,'275.00','0',NULL,'\0','1.00',NULL,NULL,'45.00',NULL,'230.00',308,1),(309,NULL,NULL,NULL,NULL,'275.00','0',NULL,'\0','1.00',NULL,NULL,'45.00',NULL,'230.00',309,1),(310,NULL,NULL,NULL,NULL,'275.00','0',NULL,'\0','1.00',NULL,NULL,'45.00',NULL,'230.00',310,1),(311,NULL,NULL,NULL,NULL,'275.00','0',NULL,'\0','1.00',NULL,NULL,'45.00',NULL,'230.00',311,1),(312,NULL,NULL,NULL,NULL,'275.00','0',NULL,'\0','1.00',NULL,NULL,'45.00',NULL,'230.00',312,1),(313,NULL,NULL,NULL,NULL,'275.00','0',NULL,'\0','1.00',NULL,NULL,'45.00',NULL,'230.00',313,1),(314,NULL,NULL,NULL,NULL,'275.00','0',NULL,'\0','1.00',NULL,NULL,'45.00',NULL,'230.00',314,3),(315,NULL,NULL,NULL,NULL,'275.00','0',NULL,'\0','1.00',NULL,NULL,'45.00',NULL,'230.00',315,3),(316,NULL,NULL,NULL,NULL,'275.00','0',NULL,'\0','1.00',NULL,NULL,'45.00',NULL,'230.00',316,3),(317,NULL,NULL,NULL,NULL,'275.00','0',NULL,'\0','1.00',NULL,NULL,'45.00',NULL,'230.00',317,3),(318,NULL,NULL,NULL,NULL,'325.00','0',NULL,'\0','1.00',NULL,NULL,'45.00',NULL,'280.00',318,8),(319,NULL,NULL,NULL,NULL,'325.00','0',NULL,'\0','1.00',NULL,NULL,'45.00',NULL,'280.00',319,8),(320,NULL,NULL,NULL,NULL,'275.00','0',NULL,'\0','1.00',NULL,NULL,'45.00',NULL,'230.00',320,1),(321,NULL,NULL,NULL,NULL,'275.00','0',NULL,'\0','1.00',NULL,NULL,'45.00',NULL,'230.00',321,1),(322,NULL,NULL,NULL,NULL,'275.00','0',NULL,'\0','1.00',NULL,NULL,'45.00',NULL,'230.00',322,1),(323,NULL,NULL,NULL,NULL,'275.00','0',NULL,'\0','1.00',NULL,NULL,'45.00',NULL,'230.00',323,1),(324,NULL,NULL,NULL,NULL,'275.00','0',NULL,'\0','1.00',NULL,NULL,'45.00',NULL,'230.00',324,1),(325,NULL,NULL,NULL,NULL,'275.00','0',NULL,'\0','1.00',NULL,NULL,'45.00',NULL,'230.00',325,1),(326,NULL,NULL,NULL,NULL,'275.00','0',NULL,'\0','1.00',NULL,NULL,'45.00',NULL,'230.00',326,1),(327,NULL,NULL,NULL,NULL,'275.00','0',NULL,'\0','1.00',NULL,NULL,'45.00',NULL,'230.00',327,1),(328,NULL,NULL,NULL,NULL,'275.00','0',NULL,'\0','1.00',NULL,NULL,'45.00',NULL,'230.00',328,1),(329,NULL,NULL,NULL,NULL,'275.00','0',NULL,'\0','1.00',NULL,NULL,'45.00',NULL,'230.00',329,1),(330,NULL,NULL,NULL,NULL,'275.00','0',NULL,'\0','1.00',NULL,NULL,'45.00',NULL,'230.00',330,1),(331,NULL,NULL,NULL,NULL,'275.00','0',NULL,'\0','1.00',NULL,NULL,'45.00',NULL,'230.00',331,1),(332,NULL,NULL,NULL,NULL,'275.00','0',NULL,'\0','1.00',NULL,NULL,'45.00',NULL,'230.00',332,1),(333,NULL,NULL,NULL,NULL,'275.00','0',NULL,'\0','1.00',NULL,NULL,'45.00',NULL,'230.00',333,1),(334,NULL,NULL,NULL,NULL,'275.00','0',NULL,'\0','1.00',NULL,NULL,'45.00',NULL,'230.00',334,1),(335,NULL,NULL,NULL,NULL,'275.00','0',NULL,'\0','1.00',NULL,NULL,'45.00',NULL,'230.00',335,1),(336,NULL,NULL,NULL,NULL,'275.00','0',NULL,'\0','1.00',NULL,NULL,'45.00',NULL,'230.00',336,1),(337,NULL,NULL,NULL,NULL,'275.00','0',NULL,'\0','1.00',NULL,NULL,'45.00',NULL,'230.00',337,1),(338,NULL,NULL,NULL,NULL,'275.00','0',NULL,'\0','1.00',NULL,NULL,'45.00',NULL,'230.00',338,1),(339,NULL,NULL,NULL,NULL,'275.00','0',NULL,'\0','1.00',NULL,NULL,'45.00',NULL,'230.00',339,1),(340,NULL,NULL,NULL,NULL,'275.00','0',NULL,'\0','1.00',NULL,NULL,'45.00',NULL,'230.00',340,1),(341,NULL,NULL,NULL,NULL,'275.00','0',NULL,'\0','1.00',NULL,NULL,'45.00',NULL,'230.00',341,1),(342,NULL,NULL,NULL,NULL,'275.00','0',NULL,'\0','1.00',NULL,NULL,'45.00',NULL,'230.00',342,1),(343,NULL,NULL,NULL,NULL,'275.00','0',NULL,'\0','1.00',NULL,NULL,'45.00',NULL,'230.00',343,1),(344,NULL,NULL,NULL,NULL,'275.00','0',NULL,'\0','1.00',NULL,NULL,'45.00',NULL,'230.00',344,1),(345,NULL,NULL,NULL,NULL,'275.00','0',NULL,'\0','1.00',NULL,NULL,'45.00',NULL,'230.00',345,4),(346,NULL,NULL,NULL,NULL,'275.00','0',NULL,'\0','1.00',NULL,NULL,'45.00',NULL,'230.00',346,1),(347,NULL,NULL,NULL,NULL,'275.00','0',NULL,'\0','1.00',NULL,NULL,'45.00',NULL,'230.00',347,1),(348,NULL,NULL,NULL,NULL,'275.00','0',NULL,'\0','1.00',NULL,NULL,'45.00',NULL,'230.00',348,1),(349,NULL,NULL,NULL,NULL,'275.00','0',NULL,'\0','1.00',NULL,NULL,'45.00',NULL,'230.00',349,1),(350,NULL,NULL,NULL,NULL,'225.00','0',NULL,'\0','1.00',NULL,NULL,'45.00',NULL,'180.00',350,2),(351,NULL,NULL,NULL,NULL,'225.00','0',NULL,'\0','1.00',NULL,NULL,'45.00',NULL,'180.00',351,2),(352,NULL,NULL,NULL,NULL,'225.00','0',NULL,'\0','1.00',NULL,NULL,'45.00',NULL,'180.00',352,2),(353,NULL,NULL,NULL,NULL,'225.00','0',NULL,'\0','1.00',NULL,NULL,'45.00',NULL,'180.00',353,2),(354,NULL,NULL,NULL,NULL,'275.00','0',NULL,'\0','1.00',NULL,NULL,'45.00',NULL,'230.00',354,3),(355,NULL,NULL,NULL,NULL,'275.00','0',NULL,'\0','1.00',NULL,NULL,'45.00',NULL,'230.00',355,1),(356,NULL,NULL,NULL,NULL,'275.00','0',NULL,'\0','1.00',NULL,NULL,'45.00',NULL,'230.00',356,3),(357,NULL,NULL,NULL,NULL,'275.00','0',NULL,'\0','1.00',NULL,NULL,'45.00',NULL,'230.00',357,1),(358,NULL,NULL,NULL,NULL,'275.00','0',NULL,'\0','1.00',NULL,NULL,'45.00',NULL,'230.00',358,1),(359,NULL,NULL,NULL,NULL,'275.00','0',NULL,'\0','1.00',NULL,NULL,'45.00',NULL,'230.00',359,1),(360,NULL,NULL,NULL,NULL,'275.00','0',NULL,'\0','1.00',NULL,NULL,'45.00',NULL,'230.00',360,1),(361,NULL,NULL,NULL,NULL,'275.00','0',NULL,'\0','1.00',NULL,NULL,'45.00',NULL,'230.00',361,1),(362,NULL,NULL,NULL,NULL,'275.00','0',NULL,'\0','1.00',NULL,NULL,'45.00',NULL,'230.00',362,1),(363,NULL,NULL,NULL,NULL,'275.00','0',NULL,'\0','1.00',NULL,NULL,'45.00',NULL,'230.00',363,1),(364,NULL,NULL,NULL,NULL,'275.00','0',NULL,'\0','1.00',NULL,NULL,'45.00',NULL,'230.00',364,1),(365,NULL,NULL,NULL,NULL,'275.00','0',NULL,'\0','1.00',NULL,NULL,'45.00',NULL,'230.00',365,1),(366,NULL,NULL,NULL,NULL,'275.00','0',NULL,'\0','1.00',NULL,NULL,'45.00',NULL,'230.00',366,1),(367,NULL,NULL,NULL,NULL,'275.00','0',NULL,'\0','1.00',NULL,NULL,'45.00',NULL,'230.00',367,1),(368,NULL,NULL,NULL,NULL,'275.00','0',NULL,'\0','1.00',NULL,NULL,'45.00',NULL,'230.00',368,1),(369,NULL,NULL,NULL,NULL,'275.00','0',NULL,'\0','1.00',NULL,NULL,'45.00',NULL,'230.00',369,1),(370,NULL,NULL,NULL,NULL,'275.00','0',NULL,'\0','1.00',NULL,NULL,'45.00',NULL,'230.00',370,1),(371,NULL,NULL,NULL,NULL,'275.00','0',NULL,'\0','1.00',NULL,NULL,'45.00',NULL,'230.00',371,1),(372,NULL,NULL,NULL,NULL,'275.00','0',NULL,'\0','1.00',NULL,NULL,'45.00',NULL,'230.00',372,1),(373,NULL,NULL,NULL,NULL,'275.00','0',NULL,'\0','1.00',NULL,NULL,'45.00',NULL,'230.00',373,1),(374,NULL,NULL,NULL,NULL,'275.00','0',NULL,'\0','1.00',NULL,NULL,'45.00',NULL,'230.00',374,1),(375,NULL,NULL,NULL,NULL,'275.00','0',NULL,'\0','1.00',NULL,NULL,'45.00',NULL,'230.00',375,1),(376,NULL,NULL,NULL,NULL,'275.00','0',NULL,'\0','1.00',NULL,NULL,'45.00',NULL,'230.00',376,1),(377,NULL,NULL,NULL,NULL,'275.00','0',NULL,'\0','1.00',NULL,NULL,'45.00',NULL,'230.00',377,1),(378,NULL,NULL,NULL,NULL,'275.00','0',NULL,'\0','1.00',NULL,NULL,'45.00',NULL,'230.00',378,1),(379,NULL,NULL,NULL,NULL,'275.00','0',NULL,'\0','1.00',NULL,NULL,'45.00',NULL,'230.00',379,1),(380,NULL,NULL,NULL,NULL,'275.00','0',NULL,'\0','1.00',NULL,NULL,'45.00',NULL,'230.00',380,1),(381,NULL,NULL,NULL,NULL,'275.00','0',NULL,'\0','1.00',NULL,NULL,'45.00',NULL,'230.00',381,1),(382,NULL,NULL,NULL,NULL,'275.00','0',NULL,'\0','1.00',NULL,NULL,'45.00',NULL,'230.00',382,1),(383,NULL,NULL,NULL,NULL,'275.00','0',NULL,'\0','1.00',NULL,NULL,'45.00',NULL,'230.00',383,1),(384,NULL,NULL,NULL,NULL,'275.00','0',NULL,'\0','1.00',NULL,NULL,'45.00',NULL,'230.00',384,1),(385,NULL,NULL,NULL,NULL,'275.00','0',NULL,'\0','1.00',NULL,NULL,'45.00',NULL,'230.00',385,1),(386,NULL,NULL,NULL,NULL,'275.00','0',NULL,'\0','1.00',NULL,NULL,'45.00',NULL,'230.00',386,1),(387,NULL,NULL,NULL,NULL,'275.00','0',NULL,'\0','1.00',NULL,NULL,'45.00',NULL,'230.00',387,1),(388,NULL,NULL,NULL,NULL,'325.00','0',NULL,'\0','1.00',NULL,NULL,'45.00',NULL,'280.00',388,5),(389,NULL,NULL,NULL,NULL,'275.00','0',NULL,'\0','1.00',NULL,NULL,'45.00',NULL,'230.00',389,1),(390,NULL,NULL,NULL,NULL,'275.00','0',NULL,'\0','1.00',NULL,NULL,'45.00',NULL,'230.00',390,1),(391,NULL,NULL,NULL,NULL,'275.00','0',NULL,'\0','1.00',NULL,NULL,'45.00',NULL,'230.00',391,1),(392,NULL,NULL,NULL,NULL,'325.00','0',NULL,'\0','1.00',NULL,NULL,'45.00',NULL,'280.00',392,5),(393,NULL,NULL,NULL,NULL,'275.00','0',NULL,'\0','1.00',NULL,NULL,'45.00',NULL,'230.00',393,1),(394,NULL,NULL,NULL,NULL,'275.00','0',NULL,'\0','1.00',NULL,NULL,'45.00',NULL,'230.00',394,1),(395,NULL,NULL,NULL,NULL,'275.00','0',NULL,'\0','1.00',NULL,NULL,'45.00',NULL,'230.00',395,1),(396,NULL,NULL,NULL,NULL,'275.00','0',NULL,'\0','1.00',NULL,NULL,'45.00',NULL,'230.00',396,1),(397,NULL,NULL,NULL,NULL,'275.00','0',NULL,'\0','1.00',NULL,NULL,'45.00',NULL,'230.00',397,1);
/*!40000 ALTER TABLE `fm_order_item` ENABLE KEYS */;
UNLOCK TABLES;

--
-- Table structure for table `fm_party_billing_account`
--

DROP TABLE IF EXISTS `fm_party_billing_account`;
/*!40101 SET @saved_cs_client     = @@character_set_client */;
/*!40101 SET character_set_client = utf8 */;
CREATE TABLE `fm_party_billing_account` (
  `pb_party_billing_account_id` int(11) NOT NULL,
  `pb_aspect_date` datetime DEFAULT NULL,
  `pb_balance_amount` decimal(19,2) NOT NULL,
  `pb_billing_cycle_id` varchar(255) DEFAULT NULL,
  `pb_party_external_id` varchar(255) DEFAULT NULL,
  PRIMARY KEY (`pb_party_billing_account_id`),
  UNIQUE KEY `pb_party_billing_account_id` (`pb_party_billing_account_id`)
) ENGINE=InnoDB DEFAULT CHARSET=latin1;
/*!40101 SET character_set_client = @saved_cs_client */;

--
-- Dumping data for table `fm_party_billing_account`
--

LOCK TABLES `fm_party_billing_account` WRITE;
/*!40000 ALTER TABLE `fm_party_billing_account` DISABLE KEYS */;
INSERT INTO `fm_party_billing_account` VALUES (1,'2012-06-30 00:00:00','-2175.00','201206','P00001'),(2,'2012-06-30 00:00:00','6370.00','201206','P00002'),(3,'2012-06-30 00:00:00','825.00','201206','P00003'),(4,'2012-06-30 00:00:00','275.00','201206','P00004'),(5,'2012-06-30 00:00:00','-2175.00','201206','P00005'),(6,'2012-06-30 00:00:00','250.00','201206','P00006'),(7,'2012-06-30 00:00:00','275.00','201206','P00007'),(8,'2012-06-30 00:00:00','75.00','201206','P00008'),(9,'2012-06-30 00:00:00','8500.00','201206','P00009'),(10,'2012-06-30 00:00:00','225.00','201206','P00010'),(11,'2012-06-30 00:00:00','275.00','201206','P00011'),(12,'2012-06-30 00:00:00','275.00','201206','P00012'),(13,'2012-06-30 00:00:00','275.00','201206','P00013'),(14,'2012-06-30 00:00:00','275.00','201206','P00014'),(15,'2012-06-30 00:00:00','550.00','201206','P00015'),(16,'2012-06-30 00:00:00','575.00','201206','P00016'),(17,'2012-06-30 00:00:00','325.00','201206','P00017'),(18,'2012-06-30 00:00:00','1325.00','201206','P00018'),(19,'2012-06-30 00:00:00','1075.00','201206','P00019'),(20,'2012-06-30 00:00:00','1075.00','201206','P00020'),(21,'2012-06-30 00:00:00','1075.00','201206','P00021'),(22,'2012-06-30 00:00:00','1075.00','201206','P00022'),(23,'2012-06-30 00:00:00','230.00','201206','P00023'),(24,'2012-06-30 00:00:00','275.00','201206','P00024'),(25,'2012-06-30 00:00:00','825.00','201206','P00025'),(26,'2012-06-30 00:00:00','275.00','201206','P00026'),(27,'2012-06-30 00:00:00','275.00','201206','P00027'),(28,'2012-06-30 00:00:00','275.00','201206','P00028'),(29,'2012-06-30 00:00:00','275.00','201206','P00029'),(30,'2012-06-30 00:00:00','1325.00','201206','P00030'),(31,'2012-06-30 00:00:00','275.00','201206','P00031'),(32,'2012-06-30 00:00:00','250.00','201206','P00032'),(33,'2012-06-30 00:00:00','275.00','201206','P00033'),(34,'2012-06-30 00:00:00','275.00','201206','P00034'),(35,'2012-06-30 00:00:00','474.00','201206','P00035'),(36,'2012-06-30 00:00:00','275.00','201206','P00036'),(37,'2012-06-30 00:00:00','1050.00','201206','P00037'),(38,'2012-06-30 00:00:00','3075.00','201206','P00038'),(39,'2012-06-30 00:00:00','825.00','201206','P00039'),(40,'2012-06-30 00:00:00','275.00','201206','P00040'),(41,'2012-06-30 00:00:00','275.00','201206','P00041'),(42,'2012-06-30 00:00:00','265.00','201206','P00042'),(43,'2012-06-30 00:00:00','1325.00','201206','P00043'),(44,'2012-06-30 00:00:00','275.00','201206','P00044'),(45,'2012-06-30 00:00:00','550.00','201206','P00045'),(46,'2012-06-30 00:00:00','225.00','201206','P00046'),(47,'2012-06-30 00:00:00','450.00','201206','P00047'),(48,'2012-06-30 00:00:00','325.00','201206','P00048'),(49,'2012-06-30 00:00:00','275.00','201206','P00049'),(50,'2012-06-30 00:00:00','275.00','201206','P00050'),(51,'2012-06-30 00:00:00','325.00','201206','P00051'),(52,'2012-06-30 00:00:00','275.00','201206','P00052'),(53,'2012-06-30 00:00:00','275.00','201206','P00053'),(54,'2012-06-30 00:00:00','550.00','201206','P00054'),(55,'2012-06-30 00:00:00','275.00','201206','P00055'),(56,'2012-06-30 00:00:00','275.00','201206','P00056'),(57,'2012-06-30 00:00:00','275.00','201206','P00057'),(58,'2012-06-30 00:00:00','275.00','201206','P00058'),(59,'2012-06-30 00:00:00','525.00','201206','P00059'),(60,'2012-06-30 00:00:00','375.00','201206','P00060'),(61,'2012-06-30 00:00:00','275.00','201206','P00061'),(62,'2012-06-30 00:00:00','550.00','201206','P00062'),(63,'2012-06-30 00:00:00','275.00','201206','P00063'),(64,'2012-06-30 00:00:00','275.00','201206','P00064'),(65,'2012-06-30 00:00:00','275.00','201206','P00065'),(66,'2012-06-30 00:00:00','550.00','201206','P00066'),(67,'2012-06-30 00:00:00','275.00','201206','P00067'),(68,'2012-06-30 00:00:00','525.00','201206','P00068'),(69,'2012-06-30 00:00:00','275.00','201206','P00069'),(70,'2012-06-30 00:00:00','775.00','201206','P00070'),(71,'2012-06-30 00:00:00','275.00','201206','P00071'),(72,'2012-06-30 00:00:00','275.00','201206','P00072'),(73,'2012-06-30 00:00:00','275.00','201206','P00073'),(74,'2012-06-30 00:00:00','525.00','201206','P00074'),(75,'2012-06-30 00:00:00','650.00','201206','P00075'),(76,'2012-06-30 00:00:00','325.00','201206','P00076'),(77,'2012-06-30 00:00:00','275.00','201206','P00077'),(78,'2012-06-30 00:00:00','550.00','201206','P00078'),(79,'2012-06-30 00:00:00','275.00','201206','P00079'),(80,'2012-06-30 00:00:00','575.00','201206','P00080'),(81,'2012-06-30 00:00:00','350.00','201206','P00081'),(82,'2012-06-30 00:00:00','275.00','201206','P00082'),(83,'2012-06-30 00:00:00','275.00','201206','P00083'),(84,'2012-06-30 00:00:00','325.00','201206','P00084'),(85,'2012-06-30 00:00:00','550.00','201206','P00085'),(86,'2012-06-30 00:00:00','550.00','201206','P00086'),(87,'2012-06-30 00:00:00','275.00','201206','P00087'),(88,'2012-06-30 00:00:00','3075.00','201206','P00088'),(89,'2012-06-30 00:00:00','225.00','201206','P00089'),(90,'2012-06-30 00:00:00','250.00','201206','P00090'),(91,'2012-06-30 00:00:00','275.00','201206','P00091'),(92,'2012-06-30 00:00:00','25.00','201206','P00092'),(93,'2012-06-30 00:00:00','275.00','201206','P00093'),(94,'2012-06-30 00:00:00','1825.00','201206','P00094'),(95,'2012-06-30 00:00:00','325.00','201206','P00095'),(96,'2012-06-30 00:00:00','975.00','201206','P00096'),(97,'2012-06-30 00:00:00','275.00','201206','P00097'),(98,'2012-06-30 00:00:00','1575.00','201206','P00098'),(99,'2012-06-30 00:00:00','2075.00','201206','P00099'),(100,'2012-06-30 00:00:00','550.00','201206','P00100'),(101,'2012-06-30 00:00:00','2575.00','201206','P00101'),(102,'2012-06-30 00:00:00','475.00','201206','P00102'),(103,'2012-06-30 00:00:00','555.00','201206','P00103'),(104,'2012-06-30 00:00:00','575.00','201206','P00104'),(105,'2012-06-30 00:00:00','270.00','201206','P00105'),(106,'2012-06-30 00:00:00','825.00','201206','P00106'),(107,'2012-06-30 00:00:00','275.00','201206','P00107'),(108,'2012-06-30 00:00:00','825.00','201206','P00108'),(109,'2012-06-30 00:00:00','275.00','201206','P00109'),(110,'2012-06-30 00:00:00','325.00','201206','P00110'),(111,'2012-06-30 00:00:00','275.00','201206','P00111'),(112,'2012-06-30 00:00:00','3575.00','201206','P00112'),(113,'2012-06-30 00:00:00','3075.00','201206','P00113'),(114,'2012-06-30 00:00:00','-1650.00','201206','P00114'),(115,'2012-06-30 00:00:00','275.00','201206','P00115'),(116,'2012-06-30 00:00:00','325.00','201206','P00116'),(117,'2012-06-30 00:00:00','-2325.00','201206','P00117'),(118,'2012-06-30 00:00:00','975.00','201206','P00118'),(119,'2012-06-30 00:00:00','825.00','201206','P00119'),(120,'2012-06-30 00:00:00','275.00','201206','P00120'),(121,'2012-06-30 00:00:00','-1375.00','201206','P00121'),(122,'2012-06-30 00:00:00','-1425.00','201206','P00122'),(123,'2012-06-30 00:00:00','0.00','201206','P00123'),(124,'2012-06-30 00:00:00','275.00','201206','P00124'),(125,'2012-06-30 00:00:00','5575.00','201206','P00125'),(126,'2012-06-30 00:00:00','275.00','201206','P00126'),(127,'2012-06-30 00:00:00','275.00','201206','P00127'),(128,'2012-06-30 00:00:00','275.00','201206','P00128'),(129,'2012-06-30 00:00:00','275.00','201206','P00129'),(130,'2012-06-30 00:00:00','525.00','201206','P00130'),(131,'2012-06-30 00:00:00','550.00','201206','P00131'),(132,'2012-06-30 00:00:00','325.00','201206','P00132'),(133,'2012-06-30 00:00:00','75.00','201206','P00133'),(134,'2012-06-30 00:00:00','275.00','201206','P00134'),(135,'2012-06-30 00:00:00','3200.00','201206','P00135'),(136,'2012-06-30 00:00:00','225.00','201206','P00136'),(137,'2012-06-30 00:00:00','275.00','201206','P00137'),(138,'2012-06-30 00:00:00','2075.00','201206','P00138'),(139,'2012-06-30 00:00:00','325.00','201206','P00139'),(140,'2012-06-30 00:00:00','275.00','201206','P00140'),(141,'2012-06-30 00:00:00','2825.00','201206','P00141'),(142,'2012-06-30 00:00:00','275.00','201206','P00142'),(143,'2012-06-30 00:00:00','270.00','201206','P00143'),(144,'2012-06-30 00:00:00','325.00','201206','P00144'),(145,'2012-06-30 00:00:00','550.00','201206','P00145'),(146,'2012-06-30 00:00:00','3575.00','201206','P00146'),(147,'2012-06-30 00:00:00','275.00','201206','P00147'),(148,'2012-06-30 00:00:00','825.00','201206','P00148'),(149,'2012-06-30 00:00:00','525.00','201206','P00149'),(150,'2012-06-30 00:00:00','275.00','201206','P00150'),(151,'2012-06-30 00:00:00','775.00','201206','P00151'),(152,'2012-06-30 00:00:00','825.00','201206','P00152'),(153,'2012-06-30 00:00:00','275.00','201206','P00153'),(154,'2012-06-30 00:00:00','550.00','201206','P00154'),(155,'2012-06-30 00:00:00','250.00','201206','P00155'),(156,'2012-06-30 00:00:00','275.00','201206','P00156'),(157,'2012-06-30 00:00:00','275.00','201206','P00157'),(158,'2012-06-30 00:00:00','1075.00','201206','P00158'),(159,'2012-06-30 00:00:00','275.00','201206','P00159'),(160,'2012-06-30 00:00:00','550.00','201206','P00160'),(161,'2012-06-30 00:00:00','275.00','201206','P00161'),(162,'2012-06-30 00:00:00','275.00','201206','P00162'),(163,'2012-06-30 00:00:00','275.00','201206','P00163'),(164,'2012-06-30 00:00:00','4575.00','201206','P00164'),(165,'2012-06-30 00:00:00','275.00','201206','P00165'),(166,'2012-06-30 00:00:00','1575.00','201206','P00166'),(167,'2012-06-30 00:00:00','275.00','201206','P00167'),(168,'2012-06-30 00:00:00','275.00','201206','P00168'),(169,'2012-06-30 00:00:00','575.00','201206','P00169'),(170,'2012-06-30 00:00:00','250.00','201206','P00170'),(171,'2012-06-30 00:00:00','2825.00','201206','P00171'),(172,'2012-06-30 00:00:00','1075.00','201206','P00172'),(173,'2012-06-30 00:00:00','275.00','201206','P00173'),(174,'2012-06-30 00:00:00','275.00','201206','P00174'),(175,'2012-06-30 00:00:00','525.00','201206','P00175'),(176,'2012-06-30 00:00:00','275.00','201206','P00176'),(177,'2012-06-30 00:00:00','275.00','201206','P00177'),(178,'2012-06-30 00:00:00','275.00','201206','P00178'),(179,'2012-06-30 00:00:00','275.00','201206','P00179'),(180,'2012-06-30 00:00:00','325.00','201206','P00180'),(181,'2012-06-30 00:00:00','2475.00','201206','P00181'),(182,'2012-06-30 00:00:00','825.00','201206','P00182'),(183,'2012-06-30 00:00:00','275.00','201206','P00183'),(184,'2012-06-30 00:00:00','275.00','201206','P00184'),(185,'2012-06-30 00:00:00','275.00','201206','P00185'),(186,'2012-06-30 00:00:00','1075.00','201206','P00186'),(187,'2012-06-30 00:00:00','1576.00','201206','P00187'),(188,'2012-06-30 00:00:00','275.00','201206','P00188'),(189,'2012-06-30 00:00:00','275.00','201206','P00189'),(190,'2012-06-30 00:00:00','275.00','201206','P00190'),(191,'2012-06-30 00:00:00','275.00','201206','P00191'),(192,'2012-06-30 00:00:00','275.00','201206','P00192'),(193,'2012-06-30 00:00:00','1575.00','201206','P00193'),(194,'2012-06-30 00:00:00','275.00','201206','P00194'),(195,'2012-06-30 00:00:00','525.00','201206','P00195'),(196,'2012-06-30 00:00:00','300.00','201206','P00196'),(197,'2012-06-30 00:00:00','275.00','201206','P00197'),(198,'2012-06-30 00:00:00','275.00','201206','P00198'),(199,'2012-06-30 00:00:00','275.00','201206','P00199'),(200,'2012-06-30 00:00:00','275.00','201206','P00200'),(201,'2012-06-30 00:00:00','275.00','201206','P00201'),(202,'2012-06-30 00:00:00','325.00','201206','P00202'),(203,'2012-06-30 00:00:00','250.00','201206','P00203'),(204,'2012-06-30 00:00:00','550.00','201206','P00204'),(205,'2012-06-30 00:00:00','1325.00','201206','P00205'),(206,'2012-06-30 00:00:00','275.00','201206','P00206'),(207,'2012-06-30 00:00:00','2325.00','201206','P00207'),(208,'2012-06-30 00:00:00','275.00','201206','P00208'),(209,'2012-06-30 00:00:00','270.00','201206','P00209'),(210,'2012-06-30 00:00:00','275.00','201206','P00210'),(211,'2012-06-30 00:00:00','275.00','201206','P00211'),(212,'2012-06-30 00:00:00','1825.00','201206','P00212'),(213,'2012-06-30 00:00:00','275.00','201206','P00213'),(214,'2012-06-30 00:00:00','550.00','201206','P00214'),(215,'2012-06-30 00:00:00','250.00','201206','P00215'),(216,'2012-06-30 00:00:00','275.00','201206','P00216'),(217,'2012-06-30 00:00:00','325.00','201206','P00217'),(218,'2012-06-30 00:00:00','250.00','201206','P00218'),(219,'2012-06-30 00:00:00','275.00','201206','P00219'),(220,'2012-06-30 00:00:00','275.00','201206','P00220'),(221,'2012-06-30 00:00:00','275.00','201206','P00221'),(222,'2012-06-30 00:00:00','275.00','201206','P00222'),(223,'2012-06-30 00:00:00','575.00','201206','P00223'),(224,'2012-06-30 00:00:00','325.00','201206','P00224'),(225,'2012-06-30 00:00:00','250.00','201206','P00225'),(226,'2012-06-30 00:00:00','275.00','201206','P00226'),(227,'2012-06-30 00:00:00','275.00','201206','P00227'),(228,'2012-06-30 00:00:00','250.00','201206','P00228'),(229,'2012-06-30 00:00:00','250.00','201206','P00229'),(230,'2012-06-30 00:00:00','275.00','201206','P00230'),(231,'2012-06-30 00:00:00','1075.00','201206','P00231'),(232,'2012-06-30 00:00:00','275.00','201206','P00232'),(233,'2012-06-30 00:00:00','-10.00','201206','P00233'),(234,'2012-06-30 00:00:00','275.00','201206','P00234'),(235,'2012-06-30 00:00:00','1075.00','201206','P00235'),(236,'2012-06-30 00:00:00','1075.00','201206','P00236'),(237,'2012-06-30 00:00:00','325.00','201206','P00237'),(238,'2012-06-30 00:00:00','275.00','201206','P00238'),(239,'2012-06-30 00:00:00','275.00','201206','P00239'),(240,'2012-06-30 00:00:00','250.00','201206','P00240'),(241,'2012-06-30 00:00:00','275.00','201206','P00241'),(242,'2012-06-30 00:00:00','1075.00','201206','P00242'),(243,'2012-06-30 00:00:00','1325.00','201206','P00243'),(244,'2012-06-30 00:00:00','275.00','201206','P00244'),(245,'2012-06-30 00:00:00','275.00','201206','P00245'),(246,'2012-06-30 00:00:00','275.00','201206','P00246'),(247,'2012-06-30 00:00:00','275.00','201206','P00247'),(248,'2012-06-30 00:00:00','2325.00','201206','P00248'),(249,'2012-06-30 00:00:00','975.00','201206','P00249'),(250,'2012-06-30 00:00:00','275.00','201206','P00250'),(251,'2012-06-30 00:00:00','275.00','201206','P00251'),(252,'2012-06-30 00:00:00','325.00','201206','P00252'),(253,'2012-06-30 00:00:00','825.00','201206','P00253'),(254,'2012-06-30 00:00:00','250.00','201206','P00254'),(255,'2012-06-30 00:00:00','825.00','201206','P00255'),(256,'2012-06-30 00:00:00','975.00','201206','P00256'),(257,'2012-06-30 00:00:00','1825.00','201206','P00257'),(258,'2012-06-30 00:00:00','975.00','201206','P00258'),(259,'2012-06-30 00:00:00','275.00','201206','P00259'),(260,'2012-06-30 00:00:00','1825.00','201206','P00260'),(261,'2012-06-30 00:00:00','2075.00','201206','P00261'),(262,'2012-06-30 00:00:00','250.00','201206','P00262'),(263,'2012-06-30 00:00:00','275.00','201206','P00263'),(264,'2012-06-30 00:00:00','270.00','201206','P00264'),(265,'2012-06-30 00:00:00','275.00','201206','P00265'),(266,'2012-06-30 00:00:00','275.00','201206','P00266'),(267,'2012-06-30 00:00:00','450.00','201206','P00267'),(268,'2012-06-30 00:00:00','250.00','201206','P00268'),(269,'2012-06-30 00:00:00','275.00','201206','P00269'),(270,'2012-06-30 00:00:00','575.00','201206','P00270'),(271,'2012-06-30 00:00:00','825.00','201206','P00271'),(272,'2012-06-30 00:00:00','174.00','201206','P00272'),(273,'2012-06-30 00:00:00','325.00','201206','P00273'),(274,'2012-06-30 00:00:00','325.00','201206','P00274'),(275,'2012-06-30 00:00:00','200.00','201206','P00275'),(276,'2012-06-30 00:00:00','200.00','201206','P00276'),(277,'2012-06-30 00:00:00','275.00','201206','P00277'),(278,'2012-06-30 00:00:00','275.00','201206','P00278'),(279,'2012-06-30 00:00:00','250.00','201206','P00279'),(280,'2012-06-30 00:00:00','275.00','201206','P00280'),(281,'2012-06-30 00:00:00','1076.00','201206','P00281'),(282,'2012-06-30 00:00:00','250.00','201206','P00282'),(283,'2012-06-30 00:00:00','275.00','201206','P00283'),(284,'2012-06-30 00:00:00','275.00','201206','P00284'),(285,'2012-06-30 00:00:00','275.00','201206','P00285'),(286,'2012-06-30 00:00:00','275.00','201206','P00286'),(287,'2012-06-30 00:00:00','250.00','201206','P00287'),(288,'2012-06-30 00:00:00','275.00','201206','P00288'),(289,'2012-06-30 00:00:00','1800.00','201206','P00289'),(290,'2012-06-30 00:00:00','275.00','201206','P00290'),(291,'2012-06-30 00:00:00','275.00','201206','P00291'),(292,'2012-06-30 00:00:00','325.00','201206','P00292'),(293,'2012-06-30 00:00:00','825.00','201206','P00293'),(294,'2012-06-30 00:00:00','325.00','201206','P00294'),(295,'2012-06-30 00:00:00','174.00','201206','P00295'),(296,'2012-06-30 00:00:00','275.00','201206','P00296'),(297,'2012-06-30 00:00:00','275.00','201206','P00297'),(298,'2012-06-30 00:00:00','325.00','201206','P00298'),(299,'2012-06-30 00:00:00','2075.00','201206','P00299'),(300,'2012-06-30 00:00:00','3575.00','201206','P00300'),(301,'2012-06-30 00:00:00','275.00','201206','P00301'),(302,'2012-06-30 00:00:00','220.00','201206','P00302'),(303,'2012-06-30 00:00:00','200.00','201206','P00303'),(304,'2012-06-30 00:00:00','225.00','201206','P00304'),(305,'2012-06-30 00:00:00','274.00','201206','P00305'),(306,'2012-06-30 00:00:00','2375.00','201206','P00306'),(307,'2012-06-30 00:00:00','825.00','201206','P00307'),(308,'2012-06-30 00:00:00','325.00','201206','P00308'),(309,'2012-06-30 00:00:00','275.00','201206','P00309'),(310,'2012-06-30 00:00:00','275.00','201206','P00310'),(311,'2012-06-30 00:00:00','275.00','201206','P00311'),(312,'2012-06-30 00:00:00','275.00','201206','P00312'),(313,'2012-06-30 00:00:00','275.00','201206','P00313'),(314,'2012-06-30 00:00:00','825.00','201206','P00314'),(315,'2012-06-30 00:00:00','825.00','201206','P00315'),(316,'2012-06-30 00:00:00','275.00','201206','P00316'),(317,'2012-06-30 00:00:00','300.00','201206','P00317'),(318,'2012-06-30 00:00:00','400.00','201206','P00318'),(319,'2012-06-30 00:00:00','975.00','201206','P00319'),(320,'2012-06-30 00:00:00','275.00','201206','P00320'),(321,'2012-06-30 00:00:00','275.00','201206','P00321'),(322,'2012-06-30 00:00:00','225.00','201206','P00322'),(323,'2012-06-30 00:00:00','275.00','201206','P00323'),(324,'2012-06-30 00:00:00','275.00','201206','P00324'),(325,'2012-06-30 00:00:00','275.00','201206','P00325'),(326,'2012-06-30 00:00:00','250.00','201206','P00326'),(327,'2012-06-30 00:00:00','265.00','201206','P00327'),(328,'2012-06-30 00:00:00','275.00','201206','P00328'),(329,'2012-06-30 00:00:00','275.00','201206','P00329'),(330,'2012-06-30 00:00:00','275.00','201206','P00330'),(331,'2012-06-30 00:00:00','1325.00','201206','P00331'),(332,'2012-06-30 00:00:00','275.00','201206','P00332'),(333,'2012-06-30 00:00:00','275.00','201206','P00333'),(334,'2012-06-30 00:00:00','275.00','201206','P00334'),(335,'2012-06-30 00:00:00','275.00','201206','P00335'),(336,'2012-06-30 00:00:00','550.00','201206','P00336'),(337,'2012-06-30 00:00:00','325.00','201206','P00337'),(338,'2012-06-30 00:00:00','250.00','201206','P00338'),(339,'2012-06-30 00:00:00','250.00','201206','P00339'),(340,'2012-06-30 00:00:00','275.00','201206','P00340'),(341,'2012-06-30 00:00:00','275.00','201206','P00341'),(342,'2012-06-30 00:00:00','2575.00','201206','P00342'),(343,'2012-06-30 00:00:00','825.00','201206','P00343'),(344,'2012-06-30 00:00:00','275.00','201206','P00344'),(345,'2012-06-30 00:00:00','250.00','201206','P00345'),(346,'2012-06-30 00:00:00','275.00','201206','P00346'),(347,'2012-06-30 00:00:00','275.00','201206','P00347'),(348,'2012-06-30 00:00:00','350.00','201206','P00348'),(349,'2012-06-30 00:00:00','275.00','201206','P00349'),(350,'2012-06-30 00:00:00','1025.00','201206','P00350'),(351,'2012-06-30 00:00:00','275.00','201206','P00351'),(352,'2012-06-30 00:00:00','225.00','201206','P00352'),(353,'2012-06-30 00:00:00','475.00','201206','P00353'),(354,'2012-06-30 00:00:00','275.00','201206','P00354'),(355,'2012-06-30 00:00:00','275.00','201206','P00355'),(356,'2012-06-30 00:00:00','275.00','201206','P00356'),(357,'2012-06-30 00:00:00','275.00','201206','P00357'),(358,'2012-06-30 00:00:00','275.00','201206','P00358'),(359,'2012-06-30 00:00:00','275.00','201206','P00359'),(360,'2012-06-30 00:00:00','275.00','201206','P00360'),(361,'2012-06-30 00:00:00','275.00','201206','P00361'),(362,'2012-06-30 00:00:00','275.00','201206','P00362'),(363,'2012-06-30 00:00:00','275.00','201206','P00363'),(364,'2012-06-30 00:00:00','275.00','201206','P00364'),(365,'2012-06-30 00:00:00','275.00','201206','P00365'),(366,'2012-06-30 00:00:00','275.00','201206','P00366'),(367,'2012-06-30 00:00:00','275.00','201206','P00367'),(368,'2012-06-30 00:00:00','275.00','201206','P00368'),(369,'2012-06-30 00:00:00','275.00','201206','P00369'),(370,'2012-06-30 00:00:00','275.00','201206','P00370'),(371,'2012-06-30 00:00:00','275.00','201206','P00371'),(372,'2012-06-30 00:00:00','275.00','201206','P00372'),(373,'2012-06-30 00:00:00','275.00','201206','P00373'),(374,'2012-06-30 00:00:00','275.00','201206','P00374'),(375,'2012-06-30 00:00:00','275.00','201206','P00375'),(376,'2012-06-30 00:00:00','275.00','201206','P00376'),(377,'2012-06-30 00:00:00','275.00','201206','P00377'),(378,'2012-06-30 00:00:00','275.00','201206','P00378'),(379,'2012-06-30 00:00:00','275.00','201206','P00379'),(380,'2012-06-30 00:00:00','275.00','201206','P00380'),(381,'2012-06-30 00:00:00','275.00','201206','P00381'),(382,'2012-06-30 00:00:00','275.00','201206','P00382'),(383,'2012-06-30 00:00:00','275.00','201206','P00383'),(384,'2012-06-30 00:00:00','275.00','201206','P00384'),(385,'2012-06-30 00:00:00','275.00','201206','P00385'),(386,'2012-06-30 00:00:00','275.00','201206','P00386'),(387,'2012-06-30 00:00:00','275.00','201206','P00387'),(388,'2012-06-30 00:00:00','325.00','201206','P00388'),(389,'2012-06-30 00:00:00','275.00','201206','P00389'),(390,'2012-06-30 00:00:00','275.00','201206','P00390'),(391,'2012-06-30 00:00:00','275.00','201206','P00391'),(392,'2012-06-30 00:00:00','325.00','201206','P00392'),(393,'2012-06-30 00:00:00','275.00','201206','P00393'),(394,'2012-06-30 00:00:00','275.00','201206','P00394'),(395,'2012-06-30 00:00:00','275.00','201206','P00395'),(396,'2012-06-30 00:00:00','275.00','201206','P00396'),(397,'2012-06-30 00:00:00','275.00','201206','P00397');
/*!40000 ALTER TABLE `fm_party_billing_account` ENABLE KEYS */;
UNLOCK TABLES;

--
-- Table structure for table `fm_payment`
--

DROP TABLE IF EXISTS `fm_payment`;
/*!40101 SET @saved_cs_client     = @@character_set_client */;
/*!40101 SET character_set_client = utf8 */;
CREATE TABLE `fm_payment` (
  `pt_payment_id` int(11) NOT NULL,
  `pt_amount` decimal(19,2) NOT NULL,
  `pt_billing_account_id` varchar(255) DEFAULT NULL,
  `pt_contract_external_id` varchar(255) DEFAULT NULL,
  `pt_currency_uom` varchar(255) DEFAULT NULL,
  `pt_effective_date` datetime DEFAULT NULL,
  `pt_order_number` varchar(255) NOT NULL,
  `pt_party_external_id_from` varchar(255) NOT NULL,
  `pt_party_external_id_to` varchar(255) DEFAULT NULL,
  `pt_payment_method` varchar(255) DEFAULT NULL,
  `pt_payment_number` varchar(255) NOT NULL,
  `pt_payment_type` varchar(255) DEFAULT NULL,
  `pt_status_id` varchar(255) DEFAULT NULL,
  `pt_transaction_id` varchar(255) DEFAULT NULL,
  `pt_billing_cycle` varchar(255) DEFAULT NULL,
  PRIMARY KEY (`pt_payment_id`),
  UNIQUE KEY `pt_payment_id` (`pt_payment_id`)
) ENGINE=InnoDB DEFAULT CHARSET=latin1;
/*!40101 SET character_set_client = @saved_cs_client */;

--
-- Dumping data for table `fm_payment`
--

LOCK TABLES `fm_payment` WRITE;
/*!40000 ALTER TABLE `fm_payment` DISABLE KEYS */;
INSERT INTO `fm_payment` VALUES (1,'275.00','P00001','CN000001',NULL,NULL,'ORD00201','P00001',NULL,NULL,'PMT00201',NULL,'PENDING',NULL,'201206'),(2,'275.00','P00002','CN000002',NULL,NULL,'ORD00202','P00002',NULL,NULL,'PMT00202',NULL,'PENDING',NULL,'201206'),(3,'275.00','P00003','CN000003',NULL,NULL,'ORD00203','P00003',NULL,NULL,'PMT00203',NULL,'PENDING',NULL,'201206'),(4,'275.00','P00004','CN000004',NULL,NULL,'ORD00204','P00004',NULL,NULL,'PMT00204',NULL,'PENDING',NULL,'201206'),(5,'275.00','P00005','CN000005',NULL,NULL,'ORD00205','P00005',NULL,NULL,'PMT00205',NULL,'PENDING',NULL,'201206'),(6,'275.00','P00006','CN000006',NULL,NULL,'ORD00206','P00006',NULL,NULL,'PMT00206',NULL,'PENDING',NULL,'201206'),(7,'275.00','P00007','CN000007',NULL,NULL,'ORD00207','P00007',NULL,NULL,'PMT00207',NULL,'PENDING',NULL,'201206'),(8,'275.00','P00008','CN000008',NULL,NULL,'ORD00208','P00008',NULL,NULL,'PMT00208',NULL,'PENDING',NULL,'201206'),(9,'275.00','P00009','CN000009',NULL,NULL,'ORD00209','P00009',NULL,NULL,'PMT00209',NULL,'PENDING',NULL,'201206'),(10,'225.00','P00010','CN000010',NULL,NULL,'ORD00210','P00010',NULL,NULL,'PMT00210',NULL,'PENDING',NULL,'201206'),(11,'275.00','P00011','CN000011',NULL,NULL,'ORD00211','P00011',NULL,NULL,'PMT00211',NULL,'PENDING',NULL,'201206'),(12,'275.00','P00012','CN000012',NULL,NULL,'ORD00212','P00012',NULL,NULL,'PMT00212',NULL,'PENDING',NULL,'201206'),(13,'275.00','P00013','CN000013',NULL,NULL,'ORD00213','P00013',NULL,NULL,'PMT00213',NULL,'PENDING',NULL,'201206'),(14,'275.00','P00014','CN000014',NULL,NULL,'ORD00214','P00014',NULL,NULL,'PMT00214',NULL,'PENDING',NULL,'201206'),(15,'275.00','P00015','CN000015',NULL,NULL,'ORD00215','P00015',NULL,NULL,'PMT00215',NULL,'PENDING',NULL,'201206'),(16,'275.00','P00016','CN000016',NULL,NULL,'ORD00216','P00016',NULL,NULL,'PMT00216',NULL,'PENDING',NULL,'201206'),(17,'275.00','P00017','CN000017',NULL,NULL,'ORD00217','P00017',NULL,NULL,'PMT00217',NULL,'PENDING',NULL,'201206'),(18,'275.00','P00018','CN000018',NULL,NULL,'ORD00218','P00018',NULL,NULL,'PMT00218',NULL,'PENDING',NULL,'201206'),(19,'275.00','P00019','CN000019',NULL,NULL,'ORD00219','P00019',NULL,NULL,'PMT00219',NULL,'PENDING',NULL,'201206'),(20,'275.00','P00020','CN000020',NULL,NULL,'ORD00220','P00020',NULL,NULL,'PMT00220',NULL,'PENDING',NULL,'201206'),(21,'275.00','P00021','CN000021',NULL,NULL,'ORD00221','P00021',NULL,NULL,'PMT00221',NULL,'PENDING',NULL,'201206'),(22,'275.00','P00022','CN000022',NULL,NULL,'ORD00222','P00022',NULL,NULL,'PMT00222',NULL,'PENDING',NULL,'201206'),(23,'225.00','P00023','CN000023',NULL,NULL,'ORD00223','P00023',NULL,NULL,'PMT00223',NULL,'PENDING',NULL,'201206'),(24,'275.00','P00024','CN000024',NULL,NULL,'ORD00224','P00024',NULL,NULL,'PMT00224',NULL,'PENDING',NULL,'201206'),(25,'275.00','P00025','CN000025',NULL,NULL,'ORD00225','P00025',NULL,NULL,'PMT00225',NULL,'PENDING',NULL,'201206'),(26,'275.00','P00026','CN000026',NULL,NULL,'ORD00226','P00026',NULL,NULL,'PMT00226',NULL,'PENDING',NULL,'201206'),(27,'275.00','P00027','CN000027',NULL,NULL,'ORD00227','P00027',NULL,NULL,'PMT00227',NULL,'PENDING',NULL,'201206'),(28,'275.00','P00028','CN000028',NULL,NULL,'ORD00228','P00028',NULL,NULL,'PMT00228',NULL,'PENDING',NULL,'201206'),(29,'275.00','P00029','CN000029',NULL,NULL,'ORD00229','P00029',NULL,NULL,'PMT00229',NULL,'PENDING',NULL,'201206'),(30,'275.00','P00030','CN000030',NULL,NULL,'ORD00230','P00030',NULL,NULL,'PMT00230',NULL,'PENDING',NULL,'201206'),(31,'275.00','P00031','CN000031',NULL,NULL,'ORD00231','P00031',NULL,NULL,'PMT00231',NULL,'PENDING',NULL,'201206'),(32,'275.00','P00032','CN000032',NULL,NULL,'ORD00232','P00032',NULL,NULL,'PMT00232',NULL,'PENDING',NULL,'201206'),(33,'275.00','P00033','CN000033',NULL,NULL,'ORD00233','P00033',NULL,NULL,'PMT00233',NULL,'PENDING',NULL,'201206'),(34,'275.00','P00034','CN000034',NULL,NULL,'ORD00234','P00034',NULL,NULL,'PMT00234',NULL,'PENDING',NULL,'201206'),(35,'225.00','P00035','CN000035',NULL,NULL,'ORD00235','P00035',NULL,NULL,'PMT00235',NULL,'PENDING',NULL,'201206'),(36,'275.00','P00036','CN000036',NULL,NULL,'ORD00236','P00036',NULL,NULL,'PMT00236',NULL,'PENDING',NULL,'201206'),(37,'275.00','P00037','CN000037',NULL,NULL,'ORD00237','P00037',NULL,NULL,'PMT00237',NULL,'PENDING',NULL,'201206'),(38,'275.00','P00038','CN000038',NULL,NULL,'ORD00238','P00038',NULL,NULL,'PMT00238',NULL,'PENDING',NULL,'201206'),(39,'275.00','P00039','CN000039',NULL,NULL,'ORD00239','P00039',NULL,NULL,'PMT00239',NULL,'PENDING',NULL,'201206'),(40,'275.00','P00040','CN000040',NULL,NULL,'ORD00240','P00040',NULL,NULL,'PMT00240',NULL,'PENDING',NULL,'201206'),(41,'275.00','P00041','CN000041',NULL,NULL,'ORD00241','P00041',NULL,NULL,'PMT00241',NULL,'PENDING',NULL,'201206'),(42,'275.00','P00042','CN000042',NULL,NULL,'ORD00242','P00042',NULL,NULL,'PMT00242',NULL,'PENDING',NULL,'201206'),(43,'275.00','P00043','CN000043',NULL,NULL,'ORD00243','P00043',NULL,NULL,'PMT00243',NULL,'PENDING',NULL,'201206'),(44,'275.00','P00044','CN000044',NULL,NULL,'ORD00244','P00044',NULL,NULL,'PMT00244',NULL,'PENDING',NULL,'201206'),(45,'275.00','P00045','CN000045',NULL,NULL,'ORD00245','P00045',NULL,NULL,'PMT00245',NULL,'PENDING',NULL,'201206'),(46,'225.00','P00046','CN000046',NULL,NULL,'ORD00246','P00046',NULL,NULL,'PMT00246',NULL,'PENDING',NULL,'201206'),(47,'225.00','P00047','CN000047',NULL,NULL,'ORD00247','P00047',NULL,NULL,'PMT00247',NULL,'PENDING',NULL,'201206'),(48,'325.00','P00048','CN000048',NULL,NULL,'ORD00248','P00048',NULL,NULL,'PMT00248',NULL,'PENDING',NULL,'201206'),(49,'275.00','P00049','CN000049',NULL,NULL,'ORD00249','P00049',NULL,NULL,'PMT00249',NULL,'PENDING',NULL,'201206'),(50,'275.00','P00050','CN000050',NULL,NULL,'ORD00250','P00050',NULL,NULL,'PMT00250',NULL,'PENDING',NULL,'201206'),(51,'275.00','P00051','CN000051',NULL,NULL,'ORD00251','P00051',NULL,NULL,'PMT00251',NULL,'PENDING',NULL,'201206'),(52,'275.00','P00052','CN000052',NULL,NULL,'ORD00252','P00052',NULL,NULL,'PMT00252',NULL,'PENDING',NULL,'201206'),(53,'275.00','P00053','CN000053',NULL,NULL,'ORD00253','P00053',NULL,NULL,'PMT00253',NULL,'PENDING',NULL,'201206'),(54,'275.00','P00054','CN000054',NULL,NULL,'ORD00254','P00054',NULL,NULL,'PMT00254',NULL,'PENDING',NULL,'201206'),(55,'275.00','P00055','CN000055',NULL,NULL,'ORD00255','P00055',NULL,NULL,'PMT00255',NULL,'PENDING',NULL,'201206'),(56,'275.00','P00056','CN000056',NULL,NULL,'ORD00256','P00056',NULL,NULL,'PMT00256',NULL,'PENDING',NULL,'201206'),(57,'275.00','P00057','CN000057',NULL,NULL,'ORD00257','P00057',NULL,NULL,'PMT00257',NULL,'PENDING',NULL,'201206'),(58,'275.00','P00058','CN000058',NULL,NULL,'ORD00258','P00058',NULL,NULL,'PMT00258',NULL,'PENDING',NULL,'201206'),(59,'275.00','P00059','CN000059',NULL,NULL,'ORD00259','P00059',NULL,NULL,'PMT00259',NULL,'PENDING',NULL,'201206'),(60,'325.00','P00060','CN000060',NULL,NULL,'ORD00260','P00060',NULL,NULL,'PMT00260',NULL,'PENDING',NULL,'201206'),(61,'275.00','P00061','CN000061',NULL,NULL,'ORD00261','P00061',NULL,NULL,'PMT00261',NULL,'PENDING',NULL,'201206'),(62,'275.00','P00062','CN000062',NULL,NULL,'ORD00262','P00062',NULL,NULL,'PMT00262',NULL,'PENDING',NULL,'201206'),(63,'275.00','P00063','CN000063',NULL,NULL,'ORD00263','P00063',NULL,NULL,'PMT00263',NULL,'PENDING',NULL,'201206'),(64,'275.00','P00064','CN000064',NULL,NULL,'ORD00264','P00064',NULL,NULL,'PMT00264',NULL,'PENDING',NULL,'201206'),(65,'275.00','P00065','CN000065',NULL,NULL,'ORD00265','P00065',NULL,NULL,'PMT00265',NULL,'PENDING',NULL,'201206'),(66,'275.00','P00066','CN000066',NULL,NULL,'ORD00266','P00066',NULL,NULL,'PMT00266',NULL,'PENDING',NULL,'201206'),(67,'275.00','P00067','CN000067',NULL,NULL,'ORD00267','P00067',NULL,NULL,'PMT00267',NULL,'PENDING',NULL,'201206'),(68,'275.00','P00068','CN000068',NULL,NULL,'ORD00268','P00068',NULL,NULL,'PMT00268',NULL,'PENDING',NULL,'201206'),(69,'275.00','P00069','CN000069',NULL,NULL,'ORD00269','P00069',NULL,NULL,'PMT00269',NULL,'PENDING',NULL,'201206'),(70,'275.00','P00070','CN000070',NULL,NULL,'ORD00270','P00070',NULL,NULL,'PMT00270',NULL,'PENDING',NULL,'201206'),(71,'275.00','P00071','CN000071',NULL,NULL,'ORD00271','P00071',NULL,NULL,'PMT00271',NULL,'PENDING',NULL,'201206'),(72,'275.00','P00072','CN000072',NULL,NULL,'ORD00272','P00072',NULL,NULL,'PMT00272',NULL,'PENDING',NULL,'201206'),(73,'275.00','P00073','CN000073',NULL,NULL,'ORD00273','P00073',NULL,NULL,'PMT00273',NULL,'PENDING',NULL,'201206'),(74,'275.00','P00074','CN000074',NULL,NULL,'ORD00274','P00074',NULL,NULL,'PMT00274',NULL,'PENDING',NULL,'201206'),(75,'325.00','P00075','CN000075',NULL,NULL,'ORD00275','P00075',NULL,NULL,'PMT00275',NULL,'PENDING',NULL,'201206'),(76,'275.00','P00076','CN000076',NULL,NULL,'ORD00276','P00076',NULL,NULL,'PMT00276',NULL,'PENDING',NULL,'201206'),(77,'275.00','P00077','CN000077',NULL,NULL,'ORD00277','P00077',NULL,NULL,'PMT00277',NULL,'PENDING',NULL,'201206'),(78,'275.00','P00078','CN000078',NULL,NULL,'ORD00278','P00078',NULL,NULL,'PMT00278',NULL,'PENDING',NULL,'201206'),(79,'275.00','P00079','CN000079',NULL,NULL,'ORD00279','P00079',NULL,NULL,'PMT00279',NULL,'PENDING',NULL,'201206'),(80,'275.00','P00080','CN000080',NULL,NULL,'ORD00280','P00080',NULL,NULL,'PMT00280',NULL,'PENDING',NULL,'201206'),(81,'275.00','P00081','CN000081',NULL,NULL,'ORD00281','P00081',NULL,NULL,'PMT00281',NULL,'PENDING',NULL,'201206'),(82,'275.00','P00082','CN000082',NULL,NULL,'ORD00282','P00082',NULL,NULL,'PMT00282',NULL,'PENDING',NULL,'201206'),(83,'275.00','P00083','CN000083',NULL,NULL,'ORD00283','P00083',NULL,NULL,'PMT00283',NULL,'PENDING',NULL,'201206'),(84,'275.00','P00084','CN000084',NULL,NULL,'ORD00284','P00084',NULL,NULL,'PMT00284',NULL,'PENDING',NULL,'201206'),(85,'275.00','P00085','CN000085',NULL,NULL,'ORD00285','P00085',NULL,NULL,'PMT00285',NULL,'PENDING',NULL,'201206'),(86,'275.00','P00086','CN000086',NULL,NULL,'ORD00286','P00086',NULL,NULL,'PMT00286',NULL,'PENDING',NULL,'201206'),(87,'275.00','P00087','CN000087',NULL,NULL,'ORD00287','P00087',NULL,NULL,'PMT00287',NULL,'PENDING',NULL,'201206'),(88,'275.00','P00088','CN000088',NULL,NULL,'ORD00288','P00088',NULL,NULL,'PMT00288',NULL,'PENDING',NULL,'201206'),(89,'275.00','P00089','CN000089',NULL,NULL,'ORD00289','P00089',NULL,NULL,'PMT00289',NULL,'PENDING',NULL,'201206'),(90,'275.00','P00090','CN000090',NULL,NULL,'ORD00290','P00090',NULL,NULL,'PMT00290',NULL,'PENDING',NULL,'201206'),(91,'275.00','P00091','CN000091',NULL,NULL,'ORD00291','P00091',NULL,NULL,'PMT00291',NULL,'PENDING',NULL,'201206'),(92,'275.00','P00092','CN000092',NULL,NULL,'ORD00292','P00092',NULL,NULL,'PMT00292',NULL,'PENDING',NULL,'201206'),(93,'275.00','P00093','CN000093',NULL,NULL,'ORD00293','P00093',NULL,NULL,'PMT00293',NULL,'PENDING',NULL,'201206'),(94,'275.00','P00094','CN000094',NULL,NULL,'ORD00294','P00094',NULL,NULL,'PMT00294',NULL,'PENDING',NULL,'201206'),(95,'325.00','P00095','CN000095',NULL,NULL,'ORD00295','P00095',NULL,NULL,'PMT00295',NULL,'PENDING',NULL,'201206'),(96,'325.00','P00096','CN000096',NULL,NULL,'ORD00296','P00096',NULL,NULL,'PMT00296',NULL,'PENDING',NULL,'201206'),(97,'275.00','P00097','CN000097',NULL,NULL,'ORD00297','P00097',NULL,NULL,'PMT00297',NULL,'PENDING',NULL,'201206'),(98,'275.00','P00098','CN000098',NULL,NULL,'ORD00298','P00098',NULL,NULL,'PMT00298',NULL,'PENDING',NULL,'201206'),(99,'275.00','P00099','CN000099',NULL,NULL,'ORD00299','P00099',NULL,NULL,'PMT00299',NULL,'PENDING',NULL,'201206'),(100,'275.00','P00100','CN000100',NULL,NULL,'ORD00300','P00100',NULL,NULL,'PMT00300',NULL,'PENDING',NULL,'201206'),(101,'275.00','P00101','CN000101',NULL,NULL,'ORD00301','P00101',NULL,NULL,'PMT00301',NULL,'PENDING',NULL,'201206'),(102,'275.00','P00102','CN000102',NULL,NULL,'ORD00302','P00102',NULL,NULL,'PMT00302',NULL,'PENDING',NULL,'201206'),(103,'275.00','P00103','CN000103',NULL,NULL,'ORD00303','P00103',NULL,NULL,'PMT00303',NULL,'PENDING',NULL,'201206'),(104,'275.00','P00104','CN000104',NULL,NULL,'ORD00304','P00104',NULL,NULL,'PMT00304',NULL,'PENDING',NULL,'201206'),(105,'275.00','P00105','CN000105',NULL,NULL,'ORD00305','P00105',NULL,NULL,'PMT00305',NULL,'PENDING',NULL,'201206'),(106,'275.00','P00106','CN000106',NULL,NULL,'ORD00306','P00106',NULL,NULL,'PMT00306',NULL,'PENDING',NULL,'201206'),(107,'275.00','P00107','CN000107',NULL,NULL,'ORD00307','P00107',NULL,NULL,'PMT00307',NULL,'PENDING',NULL,'201206'),(108,'275.00','P00108','CN000108',NULL,NULL,'ORD00308','P00108',NULL,NULL,'PMT00308',NULL,'PENDING',NULL,'201206'),(109,'275.00','P00109','CN000109',NULL,NULL,'ORD00309','P00109',NULL,NULL,'PMT00309',NULL,'PENDING',NULL,'201206'),(110,'275.00','P00110','CN000110',NULL,NULL,'ORD00310','P00110',NULL,NULL,'PMT00310',NULL,'PENDING',NULL,'201206'),(111,'275.00','P00111','CN000111',NULL,NULL,'ORD00311','P00111',NULL,NULL,'PMT00311',NULL,'PENDING',NULL,'201206'),(112,'275.00','P00112','CN000112',NULL,NULL,'ORD00312','P00112',NULL,NULL,'PMT00312',NULL,'PENDING',NULL,'201206'),(113,'275.00','P00113','CN000113',NULL,NULL,'ORD00313','P00113',NULL,NULL,'PMT00313',NULL,'PENDING',NULL,'201206'),(114,'275.00','P00114','CN000114',NULL,NULL,'ORD00314','P00114',NULL,NULL,'PMT00314',NULL,'PENDING',NULL,'201206'),(115,'275.00','P00115','CN000115',NULL,NULL,'ORD00315','P00115',NULL,NULL,'PMT00315',NULL,'PENDING',NULL,'201206'),(116,'325.00','P00116','CN000116',NULL,NULL,'ORD00316','P00116',NULL,NULL,'PMT00316',NULL,'PENDING',NULL,'201206'),(117,'325.00','P00117','CN000117',NULL,NULL,'ORD00317','P00117',NULL,NULL,'PMT00317',NULL,'PENDING',NULL,'201206'),(118,'275.00','P00118','CN000118',NULL,NULL,'ORD00318','P00118',NULL,NULL,'PMT00318',NULL,'PENDING',NULL,'201206'),(119,'275.00','P00119','CN000119',NULL,NULL,'ORD00319','P00119',NULL,NULL,'PMT00319',NULL,'PENDING',NULL,'201206'),(120,'275.00','P00120','CN000120',NULL,NULL,'ORD00320','P00120',NULL,NULL,'PMT00320',NULL,'PENDING',NULL,'201206'),(121,'275.00','P00121','CN000121',NULL,NULL,'ORD00321','P00121',NULL,NULL,'PMT00321',NULL,'PENDING',NULL,'201206'),(122,'275.00','P00122','CN000122',NULL,NULL,'ORD00322','P00122',NULL,NULL,'PMT00322',NULL,'PENDING',NULL,'201206'),(123,'275.00','P00123','CN000123',NULL,NULL,'ORD00323','P00123',NULL,NULL,'PMT00323',NULL,'PENDING',NULL,'201206'),(124,'275.00','P00124','CN000124',NULL,NULL,'ORD00324','P00124',NULL,NULL,'PMT00324',NULL,'PENDING',NULL,'201206'),(125,'275.00','P00125','CN000125',NULL,NULL,'ORD00325','P00125',NULL,NULL,'PMT00325',NULL,'PENDING',NULL,'201206'),(126,'275.00','P00126','CN000126',NULL,NULL,'ORD00326','P00126',NULL,NULL,'PMT00326',NULL,'PENDING',NULL,'201206'),(127,'275.00','P00127','CN000127',NULL,NULL,'ORD00327','P00127',NULL,NULL,'PMT00327',NULL,'PENDING',NULL,'201206'),(128,'275.00','P00128','CN000128',NULL,NULL,'ORD00328','P00128',NULL,NULL,'PMT00328',NULL,'PENDING',NULL,'201206'),(129,'275.00','P00129','CN000129',NULL,NULL,'ORD00329','P00129',NULL,NULL,'PMT00329',NULL,'PENDING',NULL,'201206'),(130,'275.00','P00130','CN000130',NULL,NULL,'ORD00330','P00130',NULL,NULL,'PMT00330',NULL,'PENDING',NULL,'201206'),(131,'275.00','P00131','CN000131',NULL,NULL,'ORD00331','P00131',NULL,NULL,'PMT00331',NULL,'PENDING',NULL,'201206'),(132,'275.00','P00132','CN000132',NULL,NULL,'ORD00332','P00132',NULL,NULL,'PMT00332',NULL,'PENDING',NULL,'201206'),(133,'275.00','P00133','CN000133',NULL,NULL,'ORD00333','P00133',NULL,NULL,'PMT00333',NULL,'PENDING',NULL,'201206'),(134,'275.00','P00134','CN000134',NULL,NULL,'ORD00334','P00134',NULL,NULL,'PMT00334',NULL,'PENDING',NULL,'201206'),(135,'275.00','P00135','CN000135',NULL,NULL,'ORD00335','P00135',NULL,NULL,'PMT00335',NULL,'PENDING',NULL,'201206'),(136,'225.00','P00136','CN000136',NULL,NULL,'ORD00336','P00136',NULL,NULL,'PMT00336',NULL,'PENDING',NULL,'201206'),(137,'275.00','P00137','CN000137',NULL,NULL,'ORD00337','P00137',NULL,NULL,'PMT00337',NULL,'PENDING',NULL,'201206'),(138,'275.00','P00138','CN000138',NULL,NULL,'ORD00338','P00138',NULL,NULL,'PMT00338',NULL,'PENDING',NULL,'201206'),(139,'275.00','P00139','CN000139',NULL,NULL,'ORD00339','P00139',NULL,NULL,'PMT00339',NULL,'PENDING',NULL,'201206'),(140,'275.00','P00140','CN000140',NULL,NULL,'ORD00340','P00140',NULL,NULL,'PMT00340',NULL,'PENDING',NULL,'201206'),(141,'275.00','P00141','CN000141',NULL,NULL,'ORD00341','P00141',NULL,NULL,'PMT00341',NULL,'PENDING',NULL,'201206'),(142,'275.00','P00142','CN000142',NULL,NULL,'ORD00342','P00142',NULL,NULL,'PMT00342',NULL,'PENDING',NULL,'201206'),(143,'275.00','P00143','CN000143',NULL,NULL,'ORD00343','P00143',NULL,NULL,'PMT00343',NULL,'PENDING',NULL,'201206'),(144,'275.00','P00144','CN000144',NULL,NULL,'ORD00344','P00144',NULL,NULL,'PMT00344',NULL,'PENDING',NULL,'201206'),(145,'275.00','P00145','CN000145',NULL,NULL,'ORD00345','P00145',NULL,NULL,'PMT00345',NULL,'PENDING',NULL,'201206'),(146,'275.00','P00146','CN000146',NULL,NULL,'ORD00346','P00146',NULL,NULL,'PMT00346',NULL,'PENDING',NULL,'201206'),(147,'275.00','P00147','CN000147',NULL,NULL,'ORD00347','P00147',NULL,NULL,'PMT00347',NULL,'PENDING',NULL,'201206'),(148,'275.00','P00148','CN000148',NULL,NULL,'ORD00348','P00148',NULL,NULL,'PMT00348',NULL,'PENDING',NULL,'201206'),(149,'275.00','P00149','CN000149',NULL,NULL,'ORD00349','P00149',NULL,NULL,'PMT00349',NULL,'PENDING',NULL,'201206'),(150,'275.00','P00150','CN000150',NULL,NULL,'ORD00350','P00150',NULL,NULL,'PMT00350',NULL,'PENDING',NULL,'201206'),(151,'275.00','P00151','CN000151',NULL,NULL,'ORD00351','P00151',NULL,NULL,'PMT00351',NULL,'PENDING',NULL,'201206'),(152,'275.00','P00152','CN000152',NULL,NULL,'ORD00352','P00152',NULL,NULL,'PMT00352',NULL,'PENDING',NULL,'201206'),(153,'275.00','P00153','CN000153',NULL,NULL,'ORD00353','P00153',NULL,NULL,'PMT00353',NULL,'PENDING',NULL,'201206'),(154,'275.00','P00154','CN000154',NULL,NULL,'ORD00354','P00154',NULL,NULL,'PMT00354',NULL,'PENDING',NULL,'201206'),(155,'275.00','P00155','CN000155',NULL,NULL,'ORD00355','P00155',NULL,NULL,'PMT00355',NULL,'PENDING',NULL,'201206'),(156,'275.00','P00156','CN000156',NULL,NULL,'ORD00356','P00156',NULL,NULL,'PMT00356',NULL,'PENDING',NULL,'201206'),(157,'275.00','P00157','CN000157',NULL,NULL,'ORD00357','P00157',NULL,NULL,'PMT00357',NULL,'PENDING',NULL,'201206'),(158,'275.00','P00158','CN000158',NULL,NULL,'ORD00358','P00158',NULL,NULL,'PMT00358',NULL,'PENDING',NULL,'201206'),(159,'275.00','P00159','CN000159',NULL,NULL,'ORD00359','P00159',NULL,NULL,'PMT00359',NULL,'PENDING',NULL,'201206'),(160,'275.00','P00160','CN000160',NULL,NULL,'ORD00360','P00160',NULL,NULL,'PMT00360',NULL,'PENDING',NULL,'201206'),(161,'275.00','P00161','CN000161',NULL,NULL,'ORD00361','P00161',NULL,NULL,'PMT00361',NULL,'PENDING',NULL,'201206'),(162,'275.00','P00162','CN000162',NULL,NULL,'ORD00362','P00162',NULL,NULL,'PMT00362',NULL,'PENDING',NULL,'201206'),(163,'275.00','P00163','CN000163',NULL,NULL,'ORD00363','P00163',NULL,NULL,'PMT00363',NULL,'PENDING',NULL,'201206'),(164,'275.00','P00164','CN000164',NULL,NULL,'ORD00364','P00164',NULL,NULL,'PMT00364',NULL,'PENDING',NULL,'201206'),(165,'275.00','P00165','CN000165',NULL,NULL,'ORD00365','P00165',NULL,NULL,'PMT00365',NULL,'PENDING',NULL,'201206'),(166,'275.00','P00166','CN000166',NULL,NULL,'ORD00366','P00166',NULL,NULL,'PMT00366',NULL,'PENDING',NULL,'201206'),(167,'275.00','P00167','CN000167',NULL,NULL,'ORD00367','P00167',NULL,NULL,'PMT00367',NULL,'PENDING',NULL,'201206'),(168,'275.00','P00168','CN000168',NULL,NULL,'ORD00368','P00168',NULL,NULL,'PMT00368',NULL,'PENDING',NULL,'201206'),(169,'275.00','P00169','CN000169',NULL,NULL,'ORD00369','P00169',NULL,NULL,'PMT00369',NULL,'PENDING',NULL,'201206'),(170,'275.00','P00170','CN000170',NULL,NULL,'ORD00370','P00170',NULL,NULL,'PMT00370',NULL,'PENDING',NULL,'201206'),(171,'275.00','P00171','CN000171',NULL,NULL,'ORD00371','P00171',NULL,NULL,'PMT00371',NULL,'PENDING',NULL,'201206'),(172,'275.00','P00172','CN000172',NULL,NULL,'ORD00372','P00172',NULL,NULL,'PMT00372',NULL,'PENDING',NULL,'201206'),(173,'275.00','P00173','CN000173',NULL,NULL,'ORD00373','P00173',NULL,NULL,'PMT00373',NULL,'PENDING',NULL,'201206'),(174,'275.00','P00174','CN000174',NULL,NULL,'ORD00374','P00174',NULL,NULL,'PMT00374',NULL,'PENDING',NULL,'201206'),(175,'275.00','P00175','CN000175',NULL,NULL,'ORD00375','P00175',NULL,NULL,'PMT00375',NULL,'PENDING',NULL,'201206'),(176,'275.00','P00176','CN000176',NULL,NULL,'ORD00376','P00176',NULL,NULL,'PMT00376',NULL,'PENDING',NULL,'201206'),(177,'275.00','P00177','CN000177',NULL,NULL,'ORD00377','P00177',NULL,NULL,'PMT00377',NULL,'PENDING',NULL,'201206'),(178,'275.00','P00178','CN000178',NULL,NULL,'ORD00378','P00178',NULL,NULL,'PMT00378',NULL,'PENDING',NULL,'201206'),(179,'275.00','P00179','CN000179',NULL,NULL,'ORD00379','P00179',NULL,NULL,'PMT00379',NULL,'PENDING',NULL,'201206'),(180,'325.00','P00180','CN000180',NULL,NULL,'ORD00380','P00180',NULL,NULL,'PMT00380',NULL,'PENDING',NULL,'201206'),(181,'325.00','P00181','CN000181',NULL,NULL,'ORD00381','P00181',NULL,NULL,'PMT00381',NULL,'PENDING',NULL,'201206'),(182,'275.00','P00182','CN000182',NULL,NULL,'ORD00382','P00182',NULL,NULL,'PMT00382',NULL,'PENDING',NULL,'201206'),(183,'275.00','P00183','CN000183',NULL,NULL,'ORD00383','P00183',NULL,NULL,'PMT00383',NULL,'PENDING',NULL,'201206'),(184,'275.00','P00184','CN000184',NULL,NULL,'ORD00384','P00184',NULL,NULL,'PMT00384',NULL,'PENDING',NULL,'201206'),(185,'275.00','P00185','CN000185',NULL,NULL,'ORD00385','P00185',NULL,NULL,'PMT00385',NULL,'PENDING',NULL,'201206'),(186,'275.00','P00186','CN000186',NULL,NULL,'ORD00386','P00186',NULL,NULL,'PMT00386',NULL,'PENDING',NULL,'201206'),(187,'275.00','P00187','CN000187',NULL,NULL,'ORD00387','P00187',NULL,NULL,'PMT00387',NULL,'PENDING',NULL,'201206'),(188,'275.00','P00188','CN000188',NULL,NULL,'ORD00388','P00188',NULL,NULL,'PMT00388',NULL,'PENDING',NULL,'201206'),(189,'275.00','P00189','CN000189',NULL,NULL,'ORD00389','P00189',NULL,NULL,'PMT00389',NULL,'PENDING',NULL,'201206'),(190,'275.00','P00190','CN000190',NULL,NULL,'ORD00390','P00190',NULL,NULL,'PMT00390',NULL,'PENDING',NULL,'201206'),(191,'275.00','P00191','CN000191',NULL,NULL,'ORD00391','P00191',NULL,NULL,'PMT00391',NULL,'PENDING',NULL,'201206'),(192,'275.00','P00192','CN000192',NULL,NULL,'ORD00392','P00192',NULL,NULL,'PMT00392',NULL,'PENDING',NULL,'201206'),(193,'325.00','P00193','CN000193',NULL,NULL,'ORD00393','P00193',NULL,NULL,'PMT00393',NULL,'PENDING',NULL,'201206'),(194,'275.00','P00194','CN000194',NULL,NULL,'ORD00394','P00194',NULL,NULL,'PMT00394',NULL,'PENDING',NULL,'201206'),(195,'275.00','P00195','CN000195',NULL,NULL,'ORD00395','P00195',NULL,NULL,'PMT00395',NULL,'PENDING',NULL,'201206'),(196,'275.00','P00196','CN000196',NULL,NULL,'ORD00396','P00196',NULL,NULL,'PMT00396',NULL,'PENDING',NULL,'201206'),(197,'275.00','P00197','CN000197',NULL,NULL,'ORD00397','P00197',NULL,NULL,'PMT00397',NULL,'PENDING',NULL,'201206'),(198,'275.00','P00198','CN000198',NULL,NULL,'ORD00398','P00198',NULL,NULL,'PMT00398',NULL,'PENDING',NULL,'201206'),(199,'275.00','P00199','CN000199',NULL,NULL,'ORD00399','P00199',NULL,NULL,'PMT00399',NULL,'PENDING',NULL,'201206'),(200,'275.00','P00200','CN000200',NULL,NULL,'ORD00400','P00200',NULL,NULL,'PMT00400',NULL,'PENDING',NULL,'201206'),(201,'275.00','P00201','CN000201',NULL,NULL,'ORD00401','P00201',NULL,NULL,'PMT00401',NULL,'PENDING',NULL,'201206'),(202,'275.00','P00202','CN000202',NULL,NULL,'ORD00402','P00202',NULL,NULL,'PMT00402',NULL,'PENDING',NULL,'201206'),(203,'275.00','P00203','CN000203',NULL,NULL,'ORD00403','P00203',NULL,NULL,'PMT00403',NULL,'PENDING',NULL,'201206'),(204,'275.00','P00204','CN000204',NULL,NULL,'ORD00404','P00204',NULL,NULL,'PMT00404',NULL,'PENDING',NULL,'201206'),(205,'275.00','P00205','CN000205',NULL,NULL,'ORD00405','P00205',NULL,NULL,'PMT00405',NULL,'PENDING',NULL,'201206'),(206,'275.00','P00206','CN000206',NULL,NULL,'ORD00406','P00206',NULL,NULL,'PMT00406',NULL,'PENDING',NULL,'201206'),(207,'275.00','P00207','CN000207',NULL,NULL,'ORD00407','P00207',NULL,NULL,'PMT00407',NULL,'PENDING',NULL,'201206'),(208,'275.00','P00208','CN000208',NULL,NULL,'ORD00408','P00208',NULL,NULL,'PMT00408',NULL,'PENDING',NULL,'201206'),(209,'275.00','P00209','CN000209',NULL,NULL,'ORD00409','P00209',NULL,NULL,'PMT00409',NULL,'PENDING',NULL,'201206'),(210,'275.00','P00210','CN000210',NULL,NULL,'ORD00410','P00210',NULL,NULL,'PMT00410',NULL,'PENDING',NULL,'201206'),(211,'275.00','P00211','CN000211',NULL,NULL,'ORD00411','P00211',NULL,NULL,'PMT00411',NULL,'PENDING',NULL,'201206'),(212,'275.00','P00212','CN000212',NULL,NULL,'ORD00412','P00212',NULL,NULL,'PMT00412',NULL,'PENDING',NULL,'201206'),(213,'275.00','P00213','CN000213',NULL,NULL,'ORD00413','P00213',NULL,NULL,'PMT00413',NULL,'PENDING',NULL,'201206'),(214,'275.00','P00214','CN000214',NULL,NULL,'ORD00414','P00214',NULL,NULL,'PMT00414',NULL,'PENDING',NULL,'201206'),(215,'275.00','P00215','CN000215',NULL,NULL,'ORD00415','P00215',NULL,NULL,'PMT00415',NULL,'PENDING',NULL,'201206'),(216,'275.00','P00216','CN000216',NULL,NULL,'ORD00416','P00216',NULL,NULL,'PMT00416',NULL,'PENDING',NULL,'201206'),(217,'275.00','P00217','CN000217',NULL,NULL,'ORD00417','P00217',NULL,NULL,'PMT00417',NULL,'PENDING',NULL,'201206'),(218,'275.00','P00218','CN000218',NULL,NULL,'ORD00418','P00218',NULL,NULL,'PMT00418',NULL,'PENDING',NULL,'201206'),(219,'275.00','P00219','CN000219',NULL,NULL,'ORD00419','P00219',NULL,NULL,'PMT00419',NULL,'PENDING',NULL,'201206'),(220,'275.00','P00220','CN000220',NULL,NULL,'ORD00420','P00220',NULL,NULL,'PMT00420',NULL,'PENDING',NULL,'201206'),(221,'275.00','P00221','CN000221',NULL,NULL,'ORD00421','P00221',NULL,NULL,'PMT00421',NULL,'PENDING',NULL,'201206'),(222,'275.00','P00222','CN000222',NULL,NULL,'ORD00422','P00222',NULL,NULL,'PMT00422',NULL,'PENDING',NULL,'201206'),(223,'275.00','P00223','CN000223',NULL,NULL,'ORD00423','P00223',NULL,NULL,'PMT00423',NULL,'PENDING',NULL,'201206'),(224,'275.00','P00224','CN000224',NULL,NULL,'ORD00424','P00224',NULL,NULL,'PMT00424',NULL,'PENDING',NULL,'201206'),(225,'275.00','P00225','CN000225',NULL,NULL,'ORD00425','P00225',NULL,NULL,'PMT00425',NULL,'PENDING',NULL,'201206'),(226,'275.00','P00226','CN000226',NULL,NULL,'ORD00426','P00226',NULL,NULL,'PMT00426',NULL,'PENDING',NULL,'201206'),(227,'275.00','P00227','CN000227',NULL,NULL,'ORD00427','P00227',NULL,NULL,'PMT00427',NULL,'PENDING',NULL,'201206'),(228,'275.00','P00228','CN000228',NULL,NULL,'ORD00428','P00228',NULL,NULL,'PMT00428',NULL,'PENDING',NULL,'201206'),(229,'275.00','P00229','CN000229',NULL,NULL,'ORD00429','P00229',NULL,NULL,'PMT00429',NULL,'PENDING',NULL,'201206'),(230,'275.00','P00230','CN000230',NULL,NULL,'ORD00430','P00230',NULL,NULL,'PMT00430',NULL,'PENDING',NULL,'201206'),(231,'275.00','P00231','CN000231',NULL,NULL,'ORD00431','P00231',NULL,NULL,'PMT00431',NULL,'PENDING',NULL,'201206'),(232,'275.00','P00232','CN000232',NULL,NULL,'ORD00432','P00232',NULL,NULL,'PMT00432',NULL,'PENDING',NULL,'201206'),(233,'275.00','P00233','CN000233',NULL,NULL,'ORD00433','P00233',NULL,NULL,'PMT00433',NULL,'PENDING',NULL,'201206'),(234,'275.00','P00234','CN000234',NULL,NULL,'ORD00434','P00234',NULL,NULL,'PMT00434',NULL,'PENDING',NULL,'201206'),(235,'275.00','P00235','CN000235',NULL,NULL,'ORD00435','P00235',NULL,NULL,'PMT00435',NULL,'PENDING',NULL,'201206'),(236,'275.00','P00236','CN000236',NULL,NULL,'ORD00436','P00236',NULL,NULL,'PMT00436',NULL,'PENDING',NULL,'201206'),(237,'275.00','P00237','CN000237',NULL,NULL,'ORD00437','P00237',NULL,NULL,'PMT00437',NULL,'PENDING',NULL,'201206'),(238,'275.00','P00238','CN000238',NULL,NULL,'ORD00438','P00238',NULL,NULL,'PMT00438',NULL,'PENDING',NULL,'201206'),(239,'275.00','P00239','CN000239',NULL,NULL,'ORD00439','P00239',NULL,NULL,'PMT00439',NULL,'PENDING',NULL,'201206'),(240,'275.00','P00240','CN000240',NULL,NULL,'ORD00440','P00240',NULL,NULL,'PMT00440',NULL,'PENDING',NULL,'201206'),(241,'275.00','P00241','CN000241',NULL,NULL,'ORD00441','P00241',NULL,NULL,'PMT00441',NULL,'PENDING',NULL,'201206'),(242,'275.00','P00242','CN000242',NULL,NULL,'ORD00442','P00242',NULL,NULL,'PMT00442',NULL,'PENDING',NULL,'201206'),(243,'275.00','P00243','CN000243',NULL,NULL,'ORD00443','P00243',NULL,NULL,'PMT00443',NULL,'PENDING',NULL,'201206'),(244,'275.00','P00244','CN000244',NULL,NULL,'ORD00444','P00244',NULL,NULL,'PMT00444',NULL,'PENDING',NULL,'201206'),(245,'275.00','P00245','CN000245',NULL,NULL,'ORD00445','P00245',NULL,NULL,'PMT00445',NULL,'PENDING',NULL,'201206'),(246,'275.00','P00246','CN000246',NULL,NULL,'ORD00446','P00246',NULL,NULL,'PMT00446',NULL,'PENDING',NULL,'201206'),(247,'275.00','P00247','CN000247',NULL,NULL,'ORD00447','P00247',NULL,NULL,'PMT00447',NULL,'PENDING',NULL,'201206'),(248,'275.00','P00248','CN000248',NULL,NULL,'ORD00448','P00248',NULL,NULL,'PMT00448',NULL,'PENDING',NULL,'201206'),(249,'325.00','P00249','CN000249',NULL,NULL,'ORD00449','P00249',NULL,NULL,'PMT00449',NULL,'PENDING',NULL,'201206'),(250,'275.00','P00250','CN000250',NULL,NULL,'ORD00450','P00250',NULL,NULL,'PMT00450',NULL,'PENDING',NULL,'201206'),(251,'275.00','P00251','CN000251',NULL,NULL,'ORD00451','P00251',NULL,NULL,'PMT00451',NULL,'PENDING',NULL,'201206'),(252,'275.00','P00252','CN000252',NULL,NULL,'ORD00452','P00252',NULL,NULL,'PMT00452',NULL,'PENDING',NULL,'201206'),(253,'275.00','P00253','CN000253',NULL,NULL,'ORD00453','P00253',NULL,NULL,'PMT00453',NULL,'PENDING',NULL,'201206'),(254,'275.00','P00254','CN000254',NULL,NULL,'ORD00454','P00254',NULL,NULL,'PMT00454',NULL,'PENDING',NULL,'201206'),(255,'275.00','P00255','CN000255',NULL,NULL,'ORD00455','P00255',NULL,NULL,'PMT00455',NULL,'PENDING',NULL,'201206'),(256,'325.00','P00256','CN000256',NULL,NULL,'ORD00456','P00256',NULL,NULL,'PMT00456',NULL,'PENDING',NULL,'201206'),(257,'275.00','P00257','CN000257',NULL,NULL,'ORD00457','P00257',NULL,NULL,'PMT00457',NULL,'PENDING',NULL,'201206'),(258,'325.00','P00258','CN000258',NULL,NULL,'ORD00458','P00258',NULL,NULL,'PMT00458',NULL,'PENDING',NULL,'201206'),(259,'275.00','P00259','CN000259',NULL,NULL,'ORD00459','P00259',NULL,NULL,'PMT00459',NULL,'PENDING',NULL,'201206'),(260,'275.00','P00260','CN000260',NULL,NULL,'ORD00460','P00260',NULL,NULL,'PMT00460',NULL,'PENDING',NULL,'201206'),(261,'275.00','P00261','CN000261',NULL,NULL,'ORD00461','P00261',NULL,NULL,'PMT00461',NULL,'PENDING',NULL,'201206'),(262,'275.00','P00262','CN000262',NULL,NULL,'ORD00462','P00262',NULL,NULL,'PMT00462',NULL,'PENDING',NULL,'201206'),(263,'275.00','P00263','CN000263',NULL,NULL,'ORD00463','P00263',NULL,NULL,'PMT00463',NULL,'PENDING',NULL,'201206'),(264,'275.00','P00264','CN000264',NULL,NULL,'ORD00464','P00264',NULL,NULL,'PMT00464',NULL,'PENDING',NULL,'201206'),(265,'275.00','P00265','CN000265',NULL,NULL,'ORD00465','P00265',NULL,NULL,'PMT00465',NULL,'PENDING',NULL,'201206'),(266,'275.00','P00266','CN000266',NULL,NULL,'ORD00466','P00266',NULL,NULL,'PMT00466',NULL,'PENDING',NULL,'201206'),(267,'225.00','P00267','CN000267',NULL,NULL,'ORD00467','P00267',NULL,NULL,'PMT00467',NULL,'PENDING',NULL,'201206'),(268,'275.00','P00268','CN000268',NULL,NULL,'ORD00468','P00268',NULL,NULL,'PMT00468',NULL,'PENDING',NULL,'201206'),(269,'275.00','P00269','CN000269',NULL,NULL,'ORD00469','P00269',NULL,NULL,'PMT00469',NULL,'PENDING',NULL,'201206'),(270,'275.00','P00270','CN000270',NULL,NULL,'ORD00470','P00270',NULL,NULL,'PMT00470',NULL,'PENDING',NULL,'201206'),(271,'275.00','P00271','CN000271',NULL,NULL,'ORD00471','P00271',NULL,NULL,'PMT00471',NULL,'PENDING',NULL,'201206'),(272,'225.00','P00272','CN000272',NULL,NULL,'ORD00472','P00272',NULL,NULL,'PMT00472',NULL,'PENDING',NULL,'201206'),(273,'325.00','P00273','CN000273',NULL,NULL,'ORD00473','P00273',NULL,NULL,'PMT00473',NULL,'PENDING',NULL,'201206'),(274,'325.00','P00274','CN000274',NULL,NULL,'ORD00474','P00274',NULL,NULL,'PMT00474',NULL,'PENDING',NULL,'201206'),(275,'225.00','P00275','CN000275',NULL,NULL,'ORD00475','P00275',NULL,NULL,'PMT00475',NULL,'PENDING',NULL,'201206'),(276,'225.00','P00276','CN000276',NULL,NULL,'ORD00476','P00276',NULL,NULL,'PMT00476',NULL,'PENDING',NULL,'201206'),(277,'275.00','P00277','CN000277',NULL,NULL,'ORD00477','P00277',NULL,NULL,'PMT00477',NULL,'PENDING',NULL,'201206'),(278,'275.00','P00278','CN000278',NULL,NULL,'ORD00478','P00278',NULL,NULL,'PMT00478',NULL,'PENDING',NULL,'201206'),(279,'275.00','P00279','CN000279',NULL,NULL,'ORD00479','P00279',NULL,NULL,'PMT00479',NULL,'PENDING',NULL,'201206'),(280,'275.00','P00280','CN000280',NULL,NULL,'ORD00480','P00280',NULL,NULL,'PMT00480',NULL,'PENDING',NULL,'201206'),(281,'275.00','P00281','CN000281',NULL,NULL,'ORD00481','P00281',NULL,NULL,'PMT00481',NULL,'PENDING',NULL,'201206'),(282,'275.00','P00282','CN000282',NULL,NULL,'ORD00482','P00282',NULL,NULL,'PMT00482',NULL,'PENDING',NULL,'201206'),(283,'275.00','P00283','CN000283',NULL,NULL,'ORD00483','P00283',NULL,NULL,'PMT00483',NULL,'PENDING',NULL,'201206'),(284,'275.00','P00284','CN000284',NULL,NULL,'ORD00484','P00284',NULL,NULL,'PMT00484',NULL,'PENDING',NULL,'201206'),(285,'275.00','P00285','CN000285',NULL,NULL,'ORD00485','P00285',NULL,NULL,'PMT00485',NULL,'PENDING',NULL,'201206'),(286,'275.00','P00286','CN000286',NULL,NULL,'ORD00486','P00286',NULL,NULL,'PMT00486',NULL,'PENDING',NULL,'201206'),(287,'275.00','P00287','CN000287',NULL,NULL,'ORD00487','P00287',NULL,NULL,'PMT00487',NULL,'PENDING',NULL,'201206'),(288,'275.00','P00288','CN000288',NULL,NULL,'ORD00488','P00288',NULL,NULL,'PMT00488',NULL,'PENDING',NULL,'201206'),(289,'275.00','P00289','CN000289',NULL,NULL,'ORD00489','P00289',NULL,NULL,'PMT00489',NULL,'PENDING',NULL,'201206'),(290,'275.00','P00290','CN000290',NULL,NULL,'ORD00490','P00290',NULL,NULL,'PMT00490',NULL,'PENDING',NULL,'201206'),(291,'275.00','P00291','CN000291',NULL,NULL,'ORD00491','P00291',NULL,NULL,'PMT00491',NULL,'PENDING',NULL,'201206'),(292,'275.00','P00292','CN000292',NULL,NULL,'ORD00492','P00292',NULL,NULL,'PMT00492',NULL,'PENDING',NULL,'201206'),(293,'275.00','P00293','CN000293',NULL,NULL,'ORD00493','P00293',NULL,NULL,'PMT00493',NULL,'PENDING',NULL,'201206'),(294,'275.00','P00294','CN000294',NULL,NULL,'ORD00494','P00294',NULL,NULL,'PMT00494',NULL,'PENDING',NULL,'201206'),(295,'225.00','P00295','CN000295',NULL,NULL,'ORD00495','P00295',NULL,NULL,'PMT00495',NULL,'PENDING',NULL,'201206'),(296,'275.00','P00296','CN000296',NULL,NULL,'ORD00496','P00296',NULL,NULL,'PMT00496',NULL,'PENDING',NULL,'201206'),(297,'275.00','P00297','CN000297',NULL,NULL,'ORD00497','P00297',NULL,NULL,'PMT00497',NULL,'PENDING',NULL,'201206'),(298,'275.00','P00298','CN000298',NULL,NULL,'ORD00498','P00298',NULL,NULL,'PMT00498',NULL,'PENDING',NULL,'201206'),(299,'275.00','P00299','CN000299',NULL,NULL,'ORD00499','P00299',NULL,NULL,'PMT00499',NULL,'PENDING',NULL,'201206'),(300,'275.00','P00300','CN000300',NULL,NULL,'ORD00500','P00300',NULL,NULL,'PMT00500',NULL,'PENDING',NULL,'201206'),(301,'275.00','P00301','CN000301',NULL,NULL,'ORD00501','P00301',NULL,NULL,'PMT00501',NULL,'PENDING',NULL,'201206'),(302,'225.00','P00302','CN000302',NULL,NULL,'ORD00502','P00302',NULL,NULL,'PMT00502',NULL,'PENDING',NULL,'201206'),(303,'225.00','P00303','CN000303',NULL,NULL,'ORD00503','P00303',NULL,NULL,'PMT00503',NULL,'PENDING',NULL,'201206'),(304,'225.00','P00304','CN000304',NULL,NULL,'ORD00504','P00304',NULL,NULL,'PMT00504',NULL,'PENDING',NULL,'201206'),(305,'225.00','P00305','CN000305',NULL,NULL,'ORD00505','P00305',NULL,NULL,'PMT00505',NULL,'PENDING',NULL,'201206'),(306,'275.00','P00306','CN000306',NULL,NULL,'ORD00506','P00306',NULL,NULL,'PMT00506',NULL,'PENDING',NULL,'201206'),(307,'275.00','P00307','CN000307',NULL,NULL,'ORD00507','P00307',NULL,NULL,'PMT00507',NULL,'PENDING',NULL,'201206'),(308,'275.00','P00308','CN000308',NULL,NULL,'ORD00508','P00308',NULL,NULL,'PMT00508',NULL,'PENDING',NULL,'201206'),(309,'275.00','P00309','CN000309',NULL,NULL,'ORD00509','P00309',NULL,NULL,'PMT00509',NULL,'PENDING',NULL,'201206'),(310,'275.00','P00310','CN000310',NULL,NULL,'ORD00510','P00310',NULL,NULL,'PMT00510',NULL,'PENDING',NULL,'201206'),(311,'275.00','P00311','CN000311',NULL,NULL,'ORD00511','P00311',NULL,NULL,'PMT00511',NULL,'PENDING',NULL,'201206'),(312,'275.00','P00312','CN000312',NULL,NULL,'ORD00512','P00312',NULL,NULL,'PMT00512',NULL,'PENDING',NULL,'201206'),(313,'275.00','P00313','CN000313',NULL,NULL,'ORD00513','P00313',NULL,NULL,'PMT00513',NULL,'PENDING',NULL,'201206'),(314,'275.00','P00314','CN000314',NULL,NULL,'ORD00514','P00314',NULL,NULL,'PMT00514',NULL,'PENDING',NULL,'201206'),(315,'275.00','P00315','CN000315',NULL,NULL,'ORD00515','P00315',NULL,NULL,'PMT00515',NULL,'PENDING',NULL,'201206'),(316,'275.00','P00316','CN000316',NULL,NULL,'ORD00516','P00316',NULL,NULL,'PMT00516',NULL,'PENDING',NULL,'201206'),(317,'275.00','P00317','CN000317',NULL,NULL,'ORD00517','P00317',NULL,NULL,'PMT00517',NULL,'PENDING',NULL,'201206'),(318,'325.00','P00318','CN000318',NULL,NULL,'ORD00518','P00318',NULL,NULL,'PMT00518',NULL,'PENDING',NULL,'201206'),(319,'325.00','P00319','CN000319',NULL,NULL,'ORD00519','P00319',NULL,NULL,'PMT00519',NULL,'PENDING',NULL,'201206'),(320,'275.00','P00320','CN000320',NULL,NULL,'ORD00520','P00320',NULL,NULL,'PMT00520',NULL,'PENDING',NULL,'201206'),(321,'275.00','P00321','CN000321',NULL,NULL,'ORD00521','P00321',NULL,NULL,'PMT00521',NULL,'PENDING',NULL,'201206'),(322,'275.00','P00322','CN000322',NULL,NULL,'ORD00522','P00322',NULL,NULL,'PMT00522',NULL,'PENDING',NULL,'201206'),(323,'275.00','P00323','CN000323',NULL,NULL,'ORD00523','P00323',NULL,NULL,'PMT00523',NULL,'PENDING',NULL,'201206'),(324,'275.00','P00324','CN000324',NULL,NULL,'ORD00524','P00324',NULL,NULL,'PMT00524',NULL,'PENDING',NULL,'201206'),(325,'275.00','P00325','CN000325',NULL,NULL,'ORD00525','P00325',NULL,NULL,'PMT00525',NULL,'PENDING',NULL,'201206'),(326,'275.00','P00326','CN000326',NULL,NULL,'ORD00526','P00326',NULL,NULL,'PMT00526',NULL,'PENDING',NULL,'201206'),(327,'275.00','P00327','CN000327',NULL,NULL,'ORD00527','P00327',NULL,NULL,'PMT00527',NULL,'PENDING',NULL,'201206'),(328,'275.00','P00328','CN000328',NULL,NULL,'ORD00528','P00328',NULL,NULL,'PMT00528',NULL,'PENDING',NULL,'201206'),(329,'275.00','P00329','CN000329',NULL,NULL,'ORD00529','P00329',NULL,NULL,'PMT00529',NULL,'PENDING',NULL,'201206'),(330,'275.00','P00330','CN000330',NULL,NULL,'ORD00530','P00330',NULL,NULL,'PMT00530',NULL,'PENDING',NULL,'201206'),(331,'275.00','P00331','CN000331',NULL,NULL,'ORD00531','P00331',NULL,NULL,'PMT00531',NULL,'PENDING',NULL,'201206'),(332,'275.00','P00332','CN000332',NULL,NULL,'ORD00532','P00332',NULL,NULL,'PMT00532',NULL,'PENDING',NULL,'201206'),(333,'275.00','P00333','CN000333',NULL,NULL,'ORD00533','P00333',NULL,NULL,'PMT00533',NULL,'PENDING',NULL,'201206'),(334,'275.00','P00334','CN000334',NULL,NULL,'ORD00534','P00334',NULL,NULL,'PMT00534',NULL,'PENDING',NULL,'201206'),(335,'275.00','P00335','CN000335',NULL,NULL,'ORD00535','P00335',NULL,NULL,'PMT00535',NULL,'PENDING',NULL,'201206'),(336,'275.00','P00336','CN000336',NULL,NULL,'ORD00536','P00336',NULL,NULL,'PMT00536',NULL,'PENDING',NULL,'201206'),(337,'275.00','P00337','CN000337',NULL,NULL,'ORD00537','P00337',NULL,NULL,'PMT00537',NULL,'PENDING',NULL,'201206'),(338,'275.00','P00338','CN000338',NULL,NULL,'ORD00538','P00338',NULL,NULL,'PMT00538',NULL,'PENDING',NULL,'201206'),(339,'275.00','P00339','CN000339',NULL,NULL,'ORD00539','P00339',NULL,NULL,'PMT00539',NULL,'PENDING',NULL,'201206'),(340,'275.00','P00340','CN000340',NULL,NULL,'ORD00540','P00340',NULL,NULL,'PMT00540',NULL,'PENDING',NULL,'201206'),(341,'275.00','P00341','CN000341',NULL,NULL,'ORD00541','P00341',NULL,NULL,'PMT00541',NULL,'PENDING',NULL,'201206'),(342,'275.00','P00342','CN000342',NULL,NULL,'ORD00542','P00342',NULL,NULL,'PMT00542',NULL,'PENDING',NULL,'201206'),(343,'275.00','P00343','CN000343',NULL,NULL,'ORD00543','P00343',NULL,NULL,'PMT00543',NULL,'PENDING',NULL,'201206'),(344,'275.00','P00344','CN000344',NULL,NULL,'ORD00544','P00344',NULL,NULL,'PMT00544',NULL,'PENDING',NULL,'201206'),(345,'275.00','P00345','CN000345',NULL,NULL,'ORD00545','P00345',NULL,NULL,'PMT00545',NULL,'PENDING',NULL,'201206'),(346,'275.00','P00346','CN000346',NULL,NULL,'ORD00546','P00346',NULL,NULL,'PMT00546',NULL,'PENDING',NULL,'201206'),(347,'275.00','P00347','CN000347',NULL,NULL,'ORD00547','P00347',NULL,NULL,'PMT00547',NULL,'PENDING',NULL,'201206'),(348,'275.00','P00348','CN000348',NULL,NULL,'ORD00548','P00348',NULL,NULL,'PMT00548',NULL,'PENDING',NULL,'201206'),(349,'275.00','P00349','CN000349',NULL,NULL,'ORD00549','P00349',NULL,NULL,'PMT00549',NULL,'PENDING',NULL,'201206'),(350,'225.00','P00350','CN000350',NULL,NULL,'ORD00550','P00350',NULL,NULL,'PMT00550',NULL,'PENDING',NULL,'201206'),(351,'225.00','P00351','CN000351',NULL,NULL,'ORD00551','P00351',NULL,NULL,'PMT00551',NULL,'PENDING',NULL,'201206'),(352,'225.00','P00352','CN000352',NULL,NULL,'ORD00552','P00352',NULL,NULL,'PMT00552',NULL,'PENDING',NULL,'201206'),(353,'225.00','P00353','CN000353',NULL,NULL,'ORD00553','P00353',NULL,NULL,'PMT00553',NULL,'PENDING',NULL,'201206'),(354,'275.00','P00354','CN000354',NULL,NULL,'ORD00554','P00354',NULL,NULL,'PMT00554',NULL,'PENDING',NULL,'201206'),(355,'275.00','P00355','CN000355',NULL,NULL,'ORD00555','P00355',NULL,NULL,'PMT00555',NULL,'PENDING',NULL,'201206'),(356,'275.00','P00356','CN000356',NULL,NULL,'ORD00556','P00356',NULL,NULL,'PMT00556',NULL,'PENDING',NULL,'201206'),(357,'275.00','P00357','CN000357',NULL,NULL,'ORD00557','P00357',NULL,NULL,'PMT00557',NULL,'PENDING',NULL,'201206'),(358,'275.00','P00358','CN000358',NULL,NULL,'ORD00558','P00358',NULL,NULL,'PMT00558',NULL,'PENDING',NULL,'201206'),(359,'275.00','P00359','CN000359',NULL,NULL,'ORD00559','P00359',NULL,NULL,'PMT00559',NULL,'PENDING',NULL,'201206'),(360,'275.00','P00360','CN000360',NULL,NULL,'ORD00560','P00360',NULL,NULL,'PMT00560',NULL,'PENDING',NULL,'201206'),(361,'275.00','P00361','CN000361',NULL,NULL,'ORD00561','P00361',NULL,NULL,'PMT00561',NULL,'PENDING',NULL,'201206'),(362,'275.00','P00362','CN000362',NULL,NULL,'ORD00562','P00362',NULL,NULL,'PMT00562',NULL,'PENDING',NULL,'201206'),(363,'275.00','P00363','CN000363',NULL,NULL,'ORD00563','P00363',NULL,NULL,'PMT00563',NULL,'PENDING',NULL,'201206'),(364,'275.00','P00364','CN000364',NULL,NULL,'ORD00564','P00364',NULL,NULL,'PMT00564',NULL,'PENDING',NULL,'201206'),(365,'275.00','P00365','CN000365',NULL,NULL,'ORD00565','P00365',NULL,NULL,'PMT00565',NULL,'PENDING',NULL,'201206'),(366,'275.00','P00366','CN000366',NULL,NULL,'ORD00566','P00366',NULL,NULL,'PMT00566',NULL,'PENDING',NULL,'201206'),(367,'275.00','P00367','CN000367',NULL,NULL,'ORD00567','P00367',NULL,NULL,'PMT00567',NULL,'PENDING',NULL,'201206'),(368,'275.00','P00368','CN000368',NULL,NULL,'ORD00568','P00368',NULL,NULL,'PMT00568',NULL,'PENDING',NULL,'201206'),(369,'275.00','P00369','CN000369',NULL,NULL,'ORD00569','P00369',NULL,NULL,'PMT00569',NULL,'PENDING',NULL,'201206'),(370,'275.00','P00370','CN000370',NULL,NULL,'ORD00570','P00370',NULL,NULL,'PMT00570',NULL,'PENDING',NULL,'201206'),(371,'275.00','P00371','CN000371',NULL,NULL,'ORD00571','P00371',NULL,NULL,'PMT00571',NULL,'PENDING',NULL,'201206'),(372,'275.00','P00372','CN000372',NULL,NULL,'ORD00572','P00372',NULL,NULL,'PMT00572',NULL,'PENDING',NULL,'201206'),(373,'275.00','P00373','CN000373',NULL,NULL,'ORD00573','P00373',NULL,NULL,'PMT00573',NULL,'PENDING',NULL,'201206'),(374,'275.00','P00374','CN000374',NULL,NULL,'ORD00574','P00374',NULL,NULL,'PMT00574',NULL,'PENDING',NULL,'201206'),(375,'275.00','P00375','CN000375',NULL,NULL,'ORD00575','P00375',NULL,NULL,'PMT00575',NULL,'PENDING',NULL,'201206'),(376,'275.00','P00376','CN000376',NULL,NULL,'ORD00576','P00376',NULL,NULL,'PMT00576',NULL,'PENDING',NULL,'201206'),(377,'275.00','P00377','CN000377',NULL,NULL,'ORD00577','P00377',NULL,NULL,'PMT00577',NULL,'PENDING',NULL,'201206'),(378,'275.00','P00378','CN000378',NULL,NULL,'ORD00578','P00378',NULL,NULL,'PMT00578',NULL,'PENDING',NULL,'201206'),(379,'275.00','P00379','CN000379',NULL,NULL,'ORD00579','P00379',NULL,NULL,'PMT00579',NULL,'PENDING',NULL,'201206'),(380,'275.00','P00380','CN000380',NULL,NULL,'ORD00580','P00380',NULL,NULL,'PMT00580',NULL,'PENDING',NULL,'201206'),(381,'275.00','P00381','CN000381',NULL,NULL,'ORD00581','P00381',NULL,NULL,'PMT00581',NULL,'PENDING',NULL,'201206'),(382,'275.00','P00382','CN000382',NULL,NULL,'ORD00582','P00382',NULL,NULL,'PMT00582',NULL,'PENDING',NULL,'201206'),(383,'275.00','P00383','CN000383',NULL,NULL,'ORD00583','P00383',NULL,NULL,'PMT00583',NULL,'PENDING',NULL,'201206'),(384,'275.00','P00384','CN000384',NULL,NULL,'ORD00584','P00384',NULL,NULL,'PMT00584',NULL,'PENDING',NULL,'201206'),(385,'275.00','P00385','CN000385',NULL,NULL,'ORD00585','P00385',NULL,NULL,'PMT00585',NULL,'PENDING',NULL,'201206'),(386,'275.00','P00386','CN000386',NULL,NULL,'ORD00586','P00386',NULL,NULL,'PMT00586',NULL,'PENDING',NULL,'201206'),(387,'275.00','P00387','CN000387',NULL,NULL,'ORD00587','P00387',NULL,NULL,'PMT00587',NULL,'PENDING',NULL,'201206'),(388,'325.00','P00388','CN000388',NULL,NULL,'ORD00588','P00388',NULL,NULL,'PMT00588',NULL,'PENDING',NULL,'201206'),(389,'275.00','P00389','CN000389',NULL,NULL,'ORD00589','P00389',NULL,NULL,'PMT00589',NULL,'PENDING',NULL,'201206'),(390,'275.00','P00390','CN000390',NULL,NULL,'ORD00590','P00390',NULL,NULL,'PMT00590',NULL,'PENDING',NULL,'201206'),(391,'275.00','P00391','CN000391',NULL,NULL,'ORD00591','P00391',NULL,NULL,'PMT00591',NULL,'PENDING',NULL,'201206'),(392,'325.00','P00392','CN000392',NULL,NULL,'ORD00592','P00392',NULL,NULL,'PMT00592',NULL,'PENDING',NULL,'201206'),(393,'275.00','P00393','CN000393',NULL,NULL,'ORD00593','P00393',NULL,NULL,'PMT00593',NULL,'PENDING',NULL,'201206'),(394,'275.00','P00394','CN000394',NULL,NULL,'ORD00594','P00394',NULL,NULL,'PMT00594',NULL,'PENDING',NULL,'201206'),(395,'275.00','P00395','CN000395',NULL,NULL,'ORD00595','P00395',NULL,NULL,'PMT00595',NULL,'PENDING',NULL,'201206'),(396,'275.00','P00396','CN000396',NULL,NULL,'ORD00596','P00396',NULL,NULL,'PMT00596',NULL,'PENDING',NULL,'201206'),(397,'275.00','P00397','CN000397',NULL,NULL,'ORD00597','P00397',NULL,NULL,'PMT00597',NULL,'PENDING',NULL,'201206');
/*!40000 ALTER TABLE `fm_payment` ENABLE KEYS */;
UNLOCK TABLES;

--
-- Table structure for table `fm_tax_rate`
--

DROP TABLE IF EXISTS `fm_tax_rate`;
/*!40101 SET @saved_cs_client     = @@character_set_client */;
/*!40101 SET character_set_client = utf8 */;
CREATE TABLE `fm_tax_rate` (
  `tr_tax_rate_id` int(11) NOT NULL,
  `tr_description` longtext,
  `tr_fixed` bit(1) DEFAULT NULL,
  `tr_fixed_tax_price` decimal(19,2) DEFAULT NULL,
  `tr_from_date` datetime DEFAULT NULL,
  `tr_min_item_price` decimal(19,2) DEFAULT NULL,
  `tr_min_purchase` decimal(19,2) DEFAULT NULL,
  `tr_tax_percentage` decimal(19,2) DEFAULT NULL,
  `tr_to_date` datetime DEFAULT NULL,
  `tt_tax_type_id` int(11) NOT NULL,
  PRIMARY KEY (`tr_tax_rate_id`),
  UNIQUE KEY `tr_tax_rate_id` (`tr_tax_rate_id`),
  KEY `FK4B43ED6CBD89C908` (`tt_tax_type_id`),
  CONSTRAINT `FK4B43ED6CBD89C908` FOREIGN KEY (`tt_tax_type_id`) REFERENCES `fm_tax_type` (`tt_tax_type_id`)
) ENGINE=InnoDB DEFAULT CHARSET=latin1;
/*!40101 SET character_set_client = @saved_cs_client */;

--
-- Dumping data for table `fm_tax_rate`
--

LOCK TABLES `fm_tax_rate` WRITE;
/*!40000 ALTER TABLE `fm_tax_rate` DISABLE KEYS */;
INSERT INTO `fm_tax_rate` VALUES (1,NULL,'','45.00','2012-01-01 00:00:00',NULL,NULL,NULL,'2012-12-31 00:00:00',1);
/*!40000 ALTER TABLE `fm_tax_rate` ENABLE KEYS */;
UNLOCK TABLES;

--
-- Table structure for table `fm_tax_type`
--

DROP TABLE IF EXISTS `fm_tax_type`;
/*!40101 SET @saved_cs_client     = @@character_set_client */;
/*!40101 SET character_set_client = utf8 */;
CREATE TABLE `fm_tax_type` (
  `tt_tax_type_id` int(11) NOT NULL,
  `tt_description` longtext,
  PRIMARY KEY (`tt_tax_type_id`),
  UNIQUE KEY `tt_tax_type_id` (`tt_tax_type_id`)
) ENGINE=InnoDB DEFAULT CHARSET=latin1;
/*!40101 SET character_set_client = @saved_cs_client */;

--
-- Dumping data for table `fm_tax_type`
--

LOCK TABLES `fm_tax_type` WRITE;
/*!40000 ALTER TABLE `fm_tax_type` DISABLE KEYS */;
INSERT INTO `fm_tax_type` VALUES (1,'Entertainment Tax');
/*!40000 ALTER TABLE `fm_tax_type` ENABLE KEYS */;
UNLOCK TABLES;

--
-- Table structure for table `order_extraction`
--

DROP TABLE IF EXISTS `order_extraction`;
/*!40101 SET @saved_cs_client     = @@character_set_client */;
/*!40101 SET character_set_client = utf8 */;
CREATE TABLE `order_extraction` (
  `id` bigint(20) NOT NULL AUTO_INCREMENT,
  `version` bigint(20) NOT NULL,
  PRIMARY KEY (`id`)
) ENGINE=InnoDB DEFAULT CHARSET=latin1;
/*!40101 SET character_set_client = @saved_cs_client */;

--
-- Dumping data for table `order_extraction`
--

LOCK TABLES `order_extraction` WRITE;
/*!40000 ALTER TABLE `order_extraction` DISABLE KEYS */;
/*!40000 ALTER TABLE `order_extraction` ENABLE KEYS */;
UNLOCK TABLES;

--
-- Table structure for table `party_address`
--

DROP TABLE IF EXISTS `party_address`;
/*!40101 SET @saved_cs_client     = @@character_set_client */;
/*!40101 SET character_set_client = utf8 */;
CREATE TABLE `party_address` (
  `pm_party_id` int(11) NOT NULL,
  `ab_address_id` int(11) NOT NULL,
  UNIQUE KEY `pm_party_id` (`pm_party_id`),
  UNIQUE KEY `ab_address_id` (`ab_address_id`),
  KEY `FK9F41179B1B7C50E9` (`ab_address_id`),
  KEY `FK9F41179B5B2F090D` (`pm_party_id`),
  CONSTRAINT `FK9F41179B1B7C50E9` FOREIGN KEY (`ab_address_id`) REFERENCES `ab_address_book` (`ab_address_book_id`),
  CONSTRAINT `FK9F41179B5B2F090D` FOREIGN KEY (`pm_party_id`) REFERENCES `pm_party` (`pm_party_id`)
) ENGINE=InnoDB DEFAULT CHARSET=latin1;
/*!40101 SET character_set_client = @saved_cs_client */;

--
-- Dumping data for table `party_address`
--

LOCK TABLES `party_address` WRITE;
/*!40000 ALTER TABLE `party_address` DISABLE KEYS */;
/*!40000 ALTER TABLE `party_address` ENABLE KEYS */;
UNLOCK TABLES;

--
-- Table structure for table `payment`
--

DROP TABLE IF EXISTS `payment`;
/*!40101 SET @saved_cs_client     = @@character_set_client */;
/*!40101 SET character_set_client = utf8 */;
CREATE TABLE `payment` (
  `id` bigint(20) NOT NULL AUTO_INCREMENT,
  `version` bigint(20) NOT NULL,
  `buyer_id` bigint(20) NOT NULL,
  `buyer_information_id` bigint(20) DEFAULT NULL,
  `currency` varchar(255) NOT NULL,
  `discount_cart_amount` decimal(19,2) NOT NULL,
  `paypal_transaction_id` varchar(255) DEFAULT NULL,
  `status` varchar(9) NOT NULL,
  `tax` double NOT NULL,
  `transaction_id` varchar(255) DEFAULT NULL,
  PRIMARY KEY (`id`),
  KEY `FKD11C32064DF7D5C4` (`buyer_information_id`),
  CONSTRAINT `FKD11C32064DF7D5C4` FOREIGN KEY (`buyer_information_id`) REFERENCES `buyer_information` (`id`)
) ENGINE=InnoDB DEFAULT CHARSET=latin1;
/*!40101 SET character_set_client = @saved_cs_client */;

--
-- Dumping data for table `payment`
--

LOCK TABLES `payment` WRITE;
/*!40000 ALTER TABLE `payment` DISABLE KEYS */;
/*!40000 ALTER TABLE `payment` ENABLE KEYS */;
UNLOCK TABLES;

--
-- Table structure for table `payment_item`
--

DROP TABLE IF EXISTS `payment_item`;
/*!40101 SET @saved_cs_client     = @@character_set_client */;
/*!40101 SET character_set_client = utf8 */;
CREATE TABLE `payment_item` (
  `id` bigint(20) NOT NULL AUTO_INCREMENT,
  `version` bigint(20) NOT NULL,
  `amount` decimal(19,2) NOT NULL,
  `discount_amount` decimal(19,2) NOT NULL,
  `item_name` varchar(255) NOT NULL,
  `item_number` varchar(255) NOT NULL,
  `payment_id` bigint(20) NOT NULL,
  `quantity` int(11) NOT NULL,
  `payment_items_idx` int(11) DEFAULT NULL,
  PRIMARY KEY (`id`),
  KEY `FKE25C55AC2990F5A9` (`payment_id`),
  CONSTRAINT `FKE25C55AC2990F5A9` FOREIGN KEY (`payment_id`) REFERENCES `payment` (`id`)
) ENGINE=InnoDB DEFAULT CHARSET=latin1;
/*!40101 SET character_set_client = @saved_cs_client */;

--
-- Dumping data for table `payment_item`
--

LOCK TABLES `payment_item` WRITE;
/*!40000 ALTER TABLE `payment_item` DISABLE KEYS */;
/*!40000 ALTER TABLE `payment_item` ENABLE KEYS */;
UNLOCK TABLES;

--
-- Table structure for table `pm_party`
--

DROP TABLE IF EXISTS `pm_party`;
/*!40101 SET @saved_cs_client     = @@character_set_client */;
/*!40101 SET character_set_client = utf8 */;
CREATE TABLE `pm_party` (
  `pm_party_id` int(11) NOT NULL,
  `pm_description` longtext,
  `pm_external_id` varchar(50) DEFAULT NULL,
  `pm_party_type` varchar(100) NOT NULL,
  `pm_preferred_currency_uom` varchar(50) DEFAULT NULL,
  `pm_status` varchar(50) NOT NULL,
  PRIMARY KEY (`pm_party_id`),
  UNIQUE KEY `pm_party_id` (`pm_party_id`)
) ENGINE=InnoDB DEFAULT CHARSET=latin1;
/*!40101 SET character_set_client = @saved_cs_client */;

--
-- Dumping data for table `pm_party`
--

LOCK TABLES `pm_party` WRITE;
/*!40000 ALTER TABLE `pm_party` DISABLE KEYS */;
INSERT INTO `pm_party` VALUES (1,NULL,'P00001','PERSON','INR','PARTY_ENABLED'),(2,NULL,'P00002','PERSON','INR','PARTY_ENABLED'),(3,NULL,'P00003','PERSON','INR','PARTY_ENABLED'),(4,NULL,'P00004','PERSON','INR','PARTY_ENABLED'),(5,NULL,'P00005','PERSON','INR','PARTY_ENABLED'),(6,NULL,'P00006','PERSON','INR','PARTY_ENABLED'),(7,NULL,'P00007','PERSON','INR','PARTY_ENABLED'),(8,NULL,'P00008','PERSON','INR','PARTY_ENABLED'),(9,NULL,'P00009','PERSON','INR','PARTY_ENABLED'),(10,NULL,'P00010','PERSON','INR','PARTY_ENABLED'),(11,NULL,'P00011','PERSON','INR','PARTY_ENABLED'),(12,NULL,'P00012','PERSON','INR','PARTY_ENABLED'),(13,NULL,'P00013','PERSON','INR','PARTY_ENABLED'),(14,NULL,'P00014','PERSON','INR','PARTY_ENABLED'),(15,NULL,'P00015','PERSON','INR','PARTY_ENABLED'),(16,NULL,'P00016','PERSON','INR','PARTY_ENABLED'),(17,NULL,'P00017','PERSON','INR','PARTY_ENABLED'),(18,NULL,'P00018','PERSON','INR','PARTY_ENABLED'),(19,NULL,'P00019','PERSON','INR','PARTY_ENABLED'),(20,NULL,'P00020','PERSON','INR','PARTY_ENABLED'),(21,NULL,'P00021','PERSON','INR','PARTY_ENABLED'),(22,NULL,'P00022','PERSON','INR','PARTY_ENABLED'),(23,NULL,'P00023','PERSON','INR','PARTY_ENABLED'),(24,NULL,'P00024','PERSON','INR','PARTY_ENABLED'),(25,NULL,'P00025','PERSON','INR','PARTY_ENABLED'),(26,NULL,'P00026','PERSON','INR','PARTY_ENABLED'),(27,NULL,'P00027','PERSON','INR','PARTY_ENABLED'),(28,NULL,'P00028','PERSON','INR','PARTY_ENABLED'),(29,NULL,'P00029','PERSON','INR','PARTY_ENABLED'),(30,NULL,'P00030','PERSON','INR','PARTY_ENABLED'),(31,NULL,'P00031','PERSON','INR','PARTY_ENABLED'),(32,NULL,'P00032','PERSON','INR','PARTY_ENABLED'),(33,NULL,'P00033','PERSON','INR','PARTY_ENABLED'),(34,NULL,'P00034','PERSON','INR','PARTY_ENABLED'),(35,NULL,'P00035','PERSON','INR','PARTY_ENABLED'),(36,NULL,'P00036','PERSON','INR','PARTY_ENABLED'),(37,NULL,'P00037','PERSON','INR','PARTY_ENABLED'),(38,NULL,'P00038','PERSON','INR','PARTY_ENABLED'),(39,NULL,'P00039','PERSON','INR','PARTY_ENABLED'),(40,NULL,'P00040','PERSON','INR','PARTY_ENABLED'),(41,NULL,'P00041','PERSON','INR','PARTY_ENABLED'),(42,NULL,'P00042','PERSON','INR','PARTY_ENABLED'),(43,NULL,'P00043','PERSON','INR','PARTY_ENABLED'),(44,NULL,'P00044','PERSON','INR','PARTY_ENABLED'),(45,NULL,'P00045','PERSON','INR','PARTY_ENABLED'),(46,NULL,'P00046','PERSON','INR','PARTY_ENABLED'),(47,NULL,'P00047','PERSON','INR','PARTY_ENABLED'),(48,NULL,'P00048','PERSON','INR','PARTY_ENABLED'),(49,NULL,'P00049','PERSON','INR','PARTY_ENABLED'),(50,NULL,'P00050','PERSON','INR','PARTY_ENABLED'),(51,NULL,'P00051','PERSON','INR','PARTY_ENABLED'),(52,NULL,'P00052','PERSON','INR','PARTY_ENABLED'),(53,NULL,'P00053','PERSON','INR','PARTY_ENABLED'),(54,NULL,'P00054','PERSON','INR','PARTY_ENABLED'),(55,NULL,'P00055','PERSON','INR','PARTY_ENABLED'),(56,NULL,'P00056','PERSON','INR','PARTY_ENABLED'),(57,NULL,'P00057','PERSON','INR','PARTY_ENABLED'),(58,NULL,'P00058','PERSON','INR','PARTY_ENABLED'),(59,NULL,'P00059','PERSON','INR','PARTY_ENABLED'),(60,NULL,'P00060','PERSON','INR','PARTY_ENABLED'),(61,NULL,'P00061','PERSON','INR','PARTY_ENABLED'),(62,NULL,'P00062','PERSON','INR','PARTY_ENABLED'),(63,NULL,'P00063','PERSON','INR','PARTY_ENABLED'),(64,NULL,'P00064','PERSON','INR','PARTY_ENABLED'),(65,NULL,'P00065','PERSON','INR','PARTY_ENABLED'),(66,NULL,'P00066','PERSON','INR','PARTY_ENABLED'),(67,NULL,'P00067','PERSON','INR','PARTY_ENABLED'),(68,NULL,'P00068','PERSON','INR','PARTY_ENABLED'),(69,NULL,'P00069','PERSON','INR','PARTY_ENABLED'),(70,NULL,'P00070','PERSON','INR','PARTY_ENABLED'),(71,NULL,'P00071','PERSON','INR','PARTY_ENABLED'),(72,NULL,'P00072','PERSON','INR','PARTY_ENABLED'),(73,NULL,'P00073','PERSON','INR','PARTY_ENABLED'),(74,NULL,'P00074','PERSON','INR','PARTY_ENABLED'),(75,NULL,'P00075','PERSON','INR','PARTY_ENABLED'),(76,NULL,'P00076','PERSON','INR','PARTY_ENABLED'),(77,NULL,'P00077','PERSON','INR','PARTY_ENABLED'),(78,NULL,'P00078','PERSON','INR','PARTY_ENABLED'),(79,NULL,'P00079','PERSON','INR','PARTY_ENABLED'),(80,NULL,'P00080','PERSON','INR','PARTY_ENABLED'),(81,NULL,'P00081','PERSON','INR','PARTY_ENABLED'),(82,NULL,'P00082','PERSON','INR','PARTY_ENABLED'),(83,NULL,'P00083','PERSON','INR','PARTY_ENABLED'),(84,NULL,'P00084','PERSON','INR','PARTY_ENABLED'),(85,NULL,'P00085','PERSON','INR','PARTY_ENABLED'),(86,NULL,'P00086','PERSON','INR','PARTY_ENABLED'),(87,NULL,'P00087','PERSON','INR','PARTY_ENABLED'),(88,NULL,'P00088','PERSON','INR','PARTY_ENABLED'),(89,NULL,'P00089','PERSON','INR','PARTY_ENABLED'),(90,NULL,'P00090','PERSON','INR','PARTY_ENABLED'),(91,NULL,'P00091','PERSON','INR','PARTY_ENABLED'),(92,NULL,'P00092','PERSON','INR','PARTY_ENABLED'),(93,NULL,'P00093','PERSON','INR','PARTY_ENABLED'),(94,NULL,'P00094','PERSON','INR','PARTY_ENABLED'),(95,NULL,'P00095','PERSON','INR','PARTY_ENABLED'),(96,NULL,'P00096','PERSON','INR','PARTY_ENABLED'),(97,NULL,'P00097','PERSON','INR','PARTY_ENABLED'),(98,NULL,'P00098','PERSON','INR','PARTY_ENABLED'),(99,NULL,'P00099','PERSON','INR','PARTY_ENABLED'),(100,NULL,'P00100','PERSON','INR','PARTY_ENABLED'),(101,NULL,'P00101','PERSON','INR','PARTY_ENABLED'),(102,NULL,'P00102','PERSON','INR','PARTY_ENABLED'),(103,NULL,'P00103','PERSON','INR','PARTY_ENABLED'),(104,NULL,'P00104','PERSON','INR','PARTY_ENABLED'),(105,NULL,'P00105','PERSON','INR','PARTY_ENABLED'),(106,NULL,'P00106','PERSON','INR','PARTY_ENABLED'),(107,NULL,'P00107','PERSON','INR','PARTY_ENABLED'),(108,NULL,'P00108','PERSON','INR','PARTY_ENABLED'),(109,NULL,'P00109','PERSON','INR','PARTY_ENABLED'),(110,NULL,'P00110','PERSON','INR','PARTY_ENABLED'),(111,NULL,'P00111','PERSON','INR','PARTY_ENABLED'),(112,NULL,'P00112','PERSON','INR','PARTY_ENABLED'),(113,NULL,'P00113','PERSON','INR','PARTY_ENABLED'),(114,NULL,'P00114','PERSON','INR','PARTY_ENABLED'),(115,NULL,'P00115','PERSON','INR','PARTY_ENABLED'),(116,NULL,'P00116','PERSON','INR','PARTY_ENABLED'),(117,NULL,'P00117','PERSON','INR','PARTY_ENABLED'),(118,NULL,'P00118','PERSON','INR','PARTY_ENABLED'),(119,NULL,'P00119','PERSON','INR','PARTY_ENABLED'),(120,NULL,'P00120','PERSON','INR','PARTY_ENABLED'),(121,NULL,'P00121','PERSON','INR','PARTY_ENABLED'),(122,NULL,'P00122','PERSON','INR','PARTY_ENABLED'),(123,NULL,'P00123','PERSON','INR','PARTY_ENABLED'),(124,NULL,'P00124','PERSON','INR','PARTY_ENABLED'),(125,NULL,'P00125','PERSON','INR','PARTY_ENABLED'),(126,NULL,'P00126','PERSON','INR','PARTY_ENABLED'),(127,NULL,'P00127','PERSON','INR','PARTY_ENABLED'),(128,NULL,'P00128','PERSON','INR','PARTY_ENABLED'),(129,NULL,'P00129','PERSON','INR','PARTY_ENABLED'),(130,NULL,'P00130','PERSON','INR','PARTY_ENABLED'),(131,NULL,'P00131','PERSON','INR','PARTY_ENABLED'),(132,NULL,'P00132','PERSON','INR','PARTY_ENABLED'),(133,NULL,'P00133','PERSON','INR','PARTY_ENABLED'),(134,NULL,'P00134','PERSON','INR','PARTY_ENABLED'),(135,NULL,'P00135','PERSON','INR','PARTY_ENABLED'),(136,NULL,'P00136','PERSON','INR','PARTY_ENABLED'),(137,NULL,'P00137','PERSON','INR','PARTY_ENABLED'),(138,NULL,'P00138','PERSON','INR','PARTY_ENABLED'),(139,NULL,'P00139','PERSON','INR','PARTY_ENABLED'),(140,NULL,'P00140','PERSON','INR','PARTY_ENABLED'),(141,NULL,'P00141','PERSON','INR','PARTY_ENABLED'),(142,NULL,'P00142','PERSON','INR','PARTY_ENABLED'),(143,NULL,'P00143','PERSON','INR','PARTY_ENABLED'),(144,NULL,'P00144','PERSON','INR','PARTY_ENABLED'),(145,NULL,'P00145','PERSON','INR','PARTY_ENABLED'),(146,NULL,'P00146','PERSON','INR','PARTY_ENABLED'),(147,NULL,'P00147','PERSON','INR','PARTY_ENABLED'),(148,NULL,'P00148','PERSON','INR','PARTY_ENABLED'),(149,NULL,'P00149','PERSON','INR','PARTY_ENABLED'),(150,NULL,'P00150','PERSON','INR','PARTY_ENABLED'),(151,NULL,'P00151','PERSON','INR','PARTY_ENABLED'),(152,NULL,'P00152','PERSON','INR','PARTY_ENABLED'),(153,NULL,'P00153','PERSON','INR','PARTY_ENABLED'),(154,NULL,'P00154','PERSON','INR','PARTY_ENABLED'),(155,NULL,'P00155','PERSON','INR','PARTY_ENABLED'),(156,NULL,'P00156','PERSON','INR','PARTY_ENABLED'),(157,NULL,'P00157','PERSON','INR','PARTY_ENABLED'),(158,NULL,'P00158','PERSON','INR','PARTY_ENABLED'),(159,NULL,'P00159','PERSON','INR','PARTY_ENABLED'),(160,NULL,'P00160','PERSON','INR','PARTY_ENABLED'),(161,NULL,'P00161','PERSON','INR','PARTY_ENABLED'),(162,NULL,'P00162','PERSON','INR','PARTY_ENABLED'),(163,NULL,'P00163','PERSON','INR','PARTY_ENABLED'),(164,NULL,'P00164','PERSON','INR','PARTY_ENABLED'),(165,NULL,'P00165','PERSON','INR','PARTY_ENABLED'),(166,NULL,'P00166','PERSON','INR','PARTY_ENABLED'),(167,NULL,'P00167','PERSON','INR','PARTY_ENABLED'),(168,NULL,'P00168','PERSON','INR','PARTY_ENABLED'),(169,NULL,'P00169','PERSON','INR','PARTY_ENABLED'),(170,NULL,'P00170','PERSON','INR','PARTY_ENABLED'),(171,NULL,'P00171','PERSON','INR','PARTY_ENABLED'),(172,NULL,'P00172','PERSON','INR','PARTY_ENABLED'),(173,NULL,'P00173','PERSON','INR','PARTY_ENABLED'),(174,NULL,'P00174','PERSON','INR','PARTY_ENABLED'),(175,NULL,'P00175','PERSON','INR','PARTY_ENABLED'),(176,NULL,'P00176','PERSON','INR','PARTY_ENABLED'),(177,NULL,'P00177','PERSON','INR','PARTY_ENABLED'),(178,NULL,'P00178','PERSON','INR','PARTY_ENABLED'),(179,NULL,'P00179','PERSON','INR','PARTY_ENABLED'),(180,NULL,'P00180','PERSON','INR','PARTY_ENABLED'),(181,NULL,'P00181','PERSON','INR','PARTY_ENABLED'),(182,NULL,'P00182','PERSON','INR','PARTY_ENABLED'),(183,NULL,'P00183','PERSON','INR','PARTY_ENABLED'),(184,NULL,'P00184','PERSON','INR','PARTY_ENABLED'),(185,NULL,'P00185','PERSON','INR','PARTY_ENABLED'),(186,NULL,'P00186','PERSON','INR','PARTY_ENABLED'),(187,NULL,'P00187','PERSON','INR','PARTY_ENABLED'),(188,NULL,'P00188','PERSON','INR','PARTY_ENABLED'),(189,NULL,'P00189','PERSON','INR','PARTY_ENABLED'),(190,NULL,'P00190','PERSON','INR','PARTY_ENABLED'),(191,NULL,'P00191','PERSON','INR','PARTY_ENABLED'),(192,NULL,'P00192','PERSON','INR','PARTY_ENABLED'),(193,NULL,'P00193','PERSON','INR','PARTY_ENABLED'),(194,NULL,'P00194','PERSON','INR','PARTY_ENABLED'),(195,NULL,'P00195','PERSON','INR','PARTY_ENABLED'),(196,NULL,'P00196','PERSON','INR','PARTY_ENABLED'),(197,NULL,'P00197','PERSON','INR','PARTY_ENABLED'),(198,NULL,'P00198','PERSON','INR','PARTY_ENABLED'),(199,NULL,'P00199','PERSON','INR','PARTY_ENABLED'),(200,NULL,'P00200','PERSON','INR','PARTY_ENABLED'),(201,NULL,'P00201','PERSON','INR','PARTY_ENABLED'),(202,NULL,'P00202','PERSON','INR','PARTY_ENABLED'),(203,NULL,'P00203','PERSON','INR','PARTY_ENABLED'),(204,NULL,'P00204','PERSON','INR','PARTY_ENABLED'),(205,NULL,'P00205','PERSON','INR','PARTY_ENABLED'),(206,NULL,'P00206','PERSON','INR','PARTY_ENABLED'),(207,NULL,'P00207','PERSON','INR','PARTY_ENABLED'),(208,NULL,'P00208','PERSON','INR','PARTY_ENABLED'),(209,NULL,'P00209','PERSON','INR','PARTY_ENABLED'),(210,NULL,'P00210','PERSON','INR','PARTY_ENABLED'),(211,NULL,'P00211','PERSON','INR','PARTY_ENABLED'),(212,NULL,'P00212','PERSON','INR','PARTY_ENABLED'),(213,NULL,'P00213','PERSON','INR','PARTY_ENABLED'),(214,NULL,'P00214','PERSON','INR','PARTY_ENABLED'),(215,NULL,'P00215','PERSON','INR','PARTY_ENABLED'),(216,NULL,'P00216','PERSON','INR','PARTY_ENABLED'),(217,NULL,'P00217','PERSON','INR','PARTY_ENABLED'),(218,NULL,'P00218','PERSON','INR','PARTY_ENABLED'),(219,NULL,'P00219','PERSON','INR','PARTY_ENABLED'),(220,NULL,'P00220','PERSON','INR','PARTY_ENABLED'),(221,NULL,'P00221','PERSON','INR','PARTY_ENABLED'),(222,NULL,'P00222','PERSON','INR','PARTY_ENABLED'),(223,NULL,'P00223','PERSON','INR','PARTY_ENABLED'),(224,NULL,'P00224','PERSON','INR','PARTY_ENABLED'),(225,NULL,'P00225','PERSON','INR','PARTY_ENABLED'),(226,NULL,'P00226','PERSON','INR','PARTY_ENABLED'),(227,NULL,'P00227','PERSON','INR','PARTY_ENABLED'),(228,NULL,'P00228','PERSON','INR','PARTY_ENABLED'),(229,NULL,'P00229','PERSON','INR','PARTY_ENABLED'),(230,NULL,'P00230','PERSON','INR','PARTY_ENABLED'),(231,NULL,'P00231','PERSON','INR','PARTY_ENABLED'),(232,NULL,'P00232','PERSON','INR','PARTY_ENABLED'),(233,NULL,'P00233','PERSON','INR','PARTY_ENABLED'),(234,NULL,'P00234','PERSON','INR','PARTY_ENABLED'),(235,NULL,'P00235','PERSON','INR','PARTY_ENABLED'),(236,NULL,'P00236','PERSON','INR','PARTY_ENABLED'),(237,NULL,'P00237','PERSON','INR','PARTY_ENABLED'),(238,NULL,'P00238','PERSON','INR','PARTY_ENABLED'),(239,NULL,'P00239','PERSON','INR','PARTY_ENABLED'),(240,NULL,'P00240','PERSON','INR','PARTY_ENABLED'),(241,NULL,'P00241','PERSON','INR','PARTY_ENABLED'),(242,NULL,'P00242','PERSON','INR','PARTY_ENABLED'),(243,NULL,'P00243','PERSON','INR','PARTY_ENABLED'),(244,NULL,'P00244','PERSON','INR','PARTY_ENABLED'),(245,NULL,'P00245','PERSON','INR','PARTY_ENABLED'),(246,NULL,'P00246','PERSON','INR','PARTY_ENABLED'),(247,NULL,'P00247','PERSON','INR','PARTY_ENABLED'),(248,NULL,'P00248','PERSON','INR','PARTY_ENABLED'),(249,NULL,'P00249','PERSON','INR','PARTY_ENABLED'),(250,NULL,'P00250','PERSON','INR','PARTY_ENABLED'),(251,NULL,'P00251','PERSON','INR','PARTY_ENABLED'),(252,NULL,'P00252','PERSON','INR','PARTY_ENABLED'),(253,NULL,'P00253','PERSON','INR','PARTY_ENABLED'),(254,NULL,'P00254','PERSON','INR','PARTY_ENABLED'),(255,NULL,'P00255','PERSON','INR','PARTY_ENABLED'),(256,NULL,'P00256','PERSON','INR','PARTY_ENABLED'),(257,NULL,'P00257','PERSON','INR','PARTY_ENABLED'),(258,NULL,'P00258','PERSON','INR','PARTY_ENABLED'),(259,NULL,'P00259','PERSON','INR','PARTY_ENABLED'),(260,NULL,'P00260','PERSON','INR','PARTY_ENABLED'),(261,NULL,'P00261','PERSON','INR','PARTY_ENABLED'),(262,NULL,'P00262','PERSON','INR','PARTY_ENABLED'),(263,NULL,'P00263','PERSON','INR','PARTY_ENABLED'),(264,NULL,'P00264','PERSON','INR','PARTY_ENABLED'),(265,NULL,'P00265','PERSON','INR','PARTY_ENABLED'),(266,NULL,'P00266','PERSON','INR','PARTY_ENABLED'),(267,NULL,'P00267','PERSON','INR','PARTY_ENABLED'),(268,NULL,'P00268','PERSON','INR','PARTY_ENABLED'),(269,NULL,'P00269','PERSON','INR','PARTY_ENABLED'),(270,NULL,'P00270','PERSON','INR','PARTY_ENABLED'),(271,NULL,'P00271','PERSON','INR','PARTY_ENABLED'),(272,NULL,'P00272','PERSON','INR','PARTY_ENABLED'),(273,NULL,'P00273','PERSON','INR','PARTY_ENABLED'),(274,NULL,'P00274','PERSON','INR','PARTY_ENABLED'),(275,NULL,'P00275','PERSON','INR','PARTY_ENABLED'),(276,NULL,'P00276','PERSON','INR','PARTY_ENABLED'),(277,NULL,'P00277','PERSON','INR','PARTY_ENABLED'),(278,NULL,'P00278','PERSON','INR','PARTY_ENABLED'),(279,NULL,'P00279','PERSON','INR','PARTY_ENABLED'),(280,NULL,'P00280','PERSON','INR','PARTY_ENABLED'),(281,NULL,'P00281','PERSON','INR','PARTY_ENABLED'),(282,NULL,'P00282','PERSON','INR','PARTY_ENABLED'),(283,NULL,'P00283','PERSON','INR','PARTY_ENABLED'),(284,NULL,'P00284','PERSON','INR','PARTY_ENABLED'),(285,NULL,'P00285','PERSON','INR','PARTY_ENABLED'),(286,NULL,'P00286','PERSON','INR','PARTY_ENABLED'),(287,NULL,'P00287','PERSON','INR','PARTY_ENABLED'),(288,NULL,'P00288','PERSON','INR','PARTY_ENABLED'),(289,NULL,'P00289','PERSON','INR','PARTY_ENABLED'),(290,NULL,'P00290','PERSON','INR','PARTY_ENABLED'),(291,NULL,'P00291','PERSON','INR','PARTY_ENABLED'),(292,NULL,'P00292','PERSON','INR','PARTY_ENABLED'),(293,NULL,'P00293','PERSON','INR','PARTY_ENABLED'),(294,NULL,'P00294','PERSON','INR','PARTY_ENABLED'),(295,NULL,'P00295','PERSON','INR','PARTY_ENABLED'),(296,NULL,'P00296','PERSON','INR','PARTY_ENABLED'),(297,NULL,'P00297','PERSON','INR','PARTY_ENABLED'),(298,NULL,'P00298','PERSON','INR','PARTY_ENABLED'),(299,NULL,'P00299','PERSON','INR','PARTY_ENABLED'),(300,NULL,'P00300','PERSON','INR','PARTY_ENABLED'),(301,NULL,'P00301','PERSON','INR','PARTY_ENABLED'),(302,NULL,'P00302','PERSON','INR','PARTY_ENABLED'),(303,NULL,'P00303','PERSON','INR','PARTY_ENABLED'),(304,NULL,'P00304','PERSON','INR','PARTY_ENABLED'),(305,NULL,'P00305','PERSON','INR','PARTY_ENABLED'),(306,NULL,'P00306','PERSON','INR','PARTY_ENABLED'),(307,NULL,'P00307','PERSON','INR','PARTY_ENABLED'),(308,NULL,'P00308','PERSON','INR','PARTY_ENABLED'),(309,NULL,'P00309','PERSON','INR','PARTY_ENABLED'),(310,NULL,'P00310','PERSON','INR','PARTY_ENABLED'),(311,NULL,'P00311','PERSON','INR','PARTY_ENABLED'),(312,NULL,'P00312','PERSON','INR','PARTY_ENABLED'),(313,NULL,'P00313','PERSON','INR','PARTY_ENABLED'),(314,NULL,'P00314','PERSON','INR','PARTY_ENABLED'),(315,NULL,'P00315','PERSON','INR','PARTY_ENABLED'),(316,NULL,'P00316','PERSON','INR','PARTY_ENABLED'),(317,NULL,'P00317','PERSON','INR','PARTY_ENABLED'),(318,NULL,'P00318','PERSON','INR','PARTY_ENABLED'),(319,NULL,'P00319','PERSON','INR','PARTY_ENABLED'),(320,NULL,'P00320','PERSON','INR','PARTY_ENABLED'),(321,NULL,'P00321','PERSON','INR','PARTY_ENABLED'),(322,NULL,'P00322','PERSON','INR','PARTY_ENABLED'),(323,NULL,'P00323','PERSON','INR','PARTY_ENABLED'),(324,NULL,'P00324','PERSON','INR','PARTY_ENABLED'),(325,NULL,'P00325','PERSON','INR','PARTY_ENABLED'),(326,NULL,'P00326','PERSON','INR','PARTY_ENABLED'),(327,NULL,'P00327','PERSON','INR','PARTY_ENABLED'),(328,NULL,'P00328','PERSON','INR','PARTY_ENABLED'),(329,NULL,'P00329','PERSON','INR','PARTY_ENABLED'),(330,NULL,'P00330','PERSON','INR','PARTY_ENABLED'),(331,NULL,'P00331','PERSON','INR','PARTY_ENABLED'),(332,NULL,'P00332','PERSON','INR','PARTY_ENABLED'),(333,NULL,'P00333','PERSON','INR','PARTY_ENABLED'),(334,NULL,'P00334','PERSON','INR','PARTY_ENABLED'),(335,NULL,'P00335','PERSON','INR','PARTY_ENABLED'),(336,NULL,'P00336','PERSON','INR','PARTY_ENABLED'),(337,NULL,'P00337','PERSON','INR','PARTY_ENABLED'),(338,NULL,'P00338','PERSON','INR','PARTY_ENABLED'),(339,NULL,'P00339','PERSON','INR','PARTY_ENABLED'),(340,NULL,'P00340','PERSON','INR','PARTY_ENABLED'),(341,NULL,'P00341','PERSON','INR','PARTY_ENABLED'),(342,NULL,'P00342','PERSON','INR','PARTY_ENABLED'),(343,NULL,'P00343','PERSON','INR','PARTY_ENABLED'),(344,NULL,'P00344','PERSON','INR','PARTY_ENABLED'),(345,NULL,'P00345','PERSON','INR','PARTY_ENABLED'),(346,NULL,'P00346','PERSON','INR','PARTY_ENABLED'),(347,NULL,'P00347','PERSON','INR','PARTY_ENABLED'),(348,NULL,'P00348','PERSON','INR','PARTY_ENABLED'),(349,NULL,'P00349','PERSON','INR','PARTY_ENABLED'),(350,NULL,'P00350','PERSON','INR','PARTY_ENABLED'),(351,NULL,'P00351','PERSON','INR','PARTY_ENABLED'),(352,NULL,'P00352','PERSON','INR','PARTY_ENABLED'),(353,NULL,'P00353','PERSON','INR','PARTY_ENABLED'),(354,NULL,'P00354','PERSON','INR','PARTY_ENABLED'),(355,NULL,'P00355','PERSON','INR','PARTY_ENABLED'),(356,NULL,'P00356','PERSON','INR','PARTY_ENABLED'),(357,NULL,'P00357','PERSON','INR','PARTY_ENABLED'),(358,NULL,'P00358','PERSON','INR','PARTY_ENABLED'),(359,NULL,'P00359','PERSON','INR','PARTY_ENABLED'),(360,NULL,'P00360','PERSON','INR','PARTY_ENABLED'),(361,NULL,'P00361','PERSON','INR','PARTY_ENABLED'),(362,NULL,'P00362','PERSON','INR','PARTY_ENABLED'),(363,NULL,'P00363','PERSON','INR','PARTY_ENABLED'),(364,NULL,'P00364','PERSON','INR','PARTY_ENABLED'),(365,NULL,'P00365','PERSON','INR','PARTY_ENABLED'),(366,NULL,'P00366','PERSON','INR','PARTY_ENABLED'),(367,NULL,'P00367','PERSON','INR','PARTY_ENABLED'),(368,NULL,'P00368','PERSON','INR','PARTY_ENABLED'),(369,NULL,'P00369','PERSON','INR','PARTY_ENABLED'),(370,NULL,'P00370','PERSON','INR','PARTY_ENABLED'),(371,NULL,'P00371','PERSON','INR','PARTY_ENABLED'),(372,NULL,'P00372','PERSON','INR','PARTY_ENABLED'),(373,NULL,'P00373','PERSON','INR','PARTY_ENABLED'),(374,NULL,'P00374','PERSON','INR','PARTY_ENABLED'),(375,NULL,'P00375','PERSON','INR','PARTY_ENABLED'),(376,NULL,'P00376','PERSON','INR','PARTY_ENABLED'),(377,NULL,'P00377','PERSON','INR','PARTY_ENABLED'),(378,NULL,'P00378','PERSON','INR','PARTY_ENABLED'),(379,NULL,'P00379','PERSON','INR','PARTY_ENABLED'),(380,NULL,'P00380','PERSON','INR','PARTY_ENABLED'),(381,NULL,'P00381','PERSON','INR','PARTY_ENABLED'),(382,NULL,'P00382','PERSON','INR','PARTY_ENABLED'),(383,NULL,'P00383','PERSON','INR','PARTY_ENABLED'),(384,NULL,'P00384','PERSON','INR','PARTY_ENABLED'),(385,NULL,'P00385','PERSON','INR','PARTY_ENABLED'),(386,NULL,'P00386','PERSON','INR','PARTY_ENABLED'),(387,NULL,'P00387','PERSON','INR','PARTY_ENABLED'),(388,NULL,'P00388','PERSON','INR','PARTY_ENABLED'),(389,NULL,'P00389','PERSON','INR','PARTY_ENABLED'),(390,NULL,'P00390','PERSON','INR','PARTY_ENABLED'),(391,NULL,'P00391','PERSON','INR','PARTY_ENABLED'),(392,NULL,'P00392','PERSON','INR','PARTY_ENABLED'),(393,NULL,'P00393','PERSON','INR','PARTY_ENABLED'),(394,NULL,'P00394','PERSON','INR','PARTY_ENABLED'),(395,NULL,'P00395','PERSON','INR','PARTY_ENABLED'),(396,NULL,'P00396','PERSON','INR','PARTY_ENABLED'),(397,NULL,'P00397','PERSON','INR','PARTY_ENABLED');
/*!40000 ALTER TABLE `pm_party` ENABLE KEYS */;
UNLOCK TABLES;

--
-- Table structure for table `pm_party_contact_mech`
--

DROP TABLE IF EXISTS `pm_party_contact_mech`;
/*!40101 SET @saved_cs_client     = @@character_set_client */;
/*!40101 SET character_set_client = utf8 */;
CREATE TABLE `pm_party_contact_mech` (
  `pm_contact_mech_id` int(11) NOT NULL,
  `pm_contact_mech_purpose` varchar(50) NOT NULL,
  `pm_contact_mech_type` varchar(50) NOT NULL,
  `pm_info_string` varchar(100) NOT NULL,
  `pm_party_id` int(11) DEFAULT NULL,
  PRIMARY KEY (`pm_contact_mech_id`),
  KEY `FKC03AE6F75B2F090D` (`pm_party_id`),
  CONSTRAINT `FKC03AE6F75B2F090D` FOREIGN KEY (`pm_party_id`) REFERENCES `pm_party` (`pm_party_id`)
) ENGINE=InnoDB DEFAULT CHARSET=latin1;
/*!40101 SET character_set_client = @saved_cs_client */;

--
-- Dumping data for table `pm_party_contact_mech`
--

LOCK TABLES `pm_party_contact_mech` WRITE;
/*!40000 ALTER TABLE `pm_party_contact_mech` DISABLE KEYS */;
/*!40000 ALTER TABLE `pm_party_contact_mech` ENABLE KEYS */;
UNLOCK TABLES;

--
-- Table structure for table `pm_person`
--

DROP TABLE IF EXISTS `pm_person`;
/*!40101 SET @saved_cs_client     = @@character_set_client */;
/*!40101 SET character_set_client = utf8 */;
CREATE TABLE `pm_person` (
  `pm_birth_date` datetime DEFAULT NULL,
  `pm_comments` longtext,
  `pm_deceased_date` datetime DEFAULT NULL,
  `pm_first_name` varchar(100) NOT NULL,
  `pm_gender` varchar(255) DEFAULT NULL,
  `pm_last_name` varchar(100) DEFAULT NULL,
  `pm_marital_status` varchar(10) DEFAULT NULL,
  `pm_middle_name` varchar(100) DEFAULT NULL,
  `pm_nick_name` varchar(50) DEFAULT NULL,
  `pm_passport_expiration_date` datetime DEFAULT NULL,
  `pm_passport_number` varchar(50) DEFAULT NULL,
  `pm_salutaion` varchar(100) DEFAULT NULL,
  `pm_ssn` varchar(50) DEFAULT NULL,
  `pm_suffix` varchar(50) DEFAULT NULL,
  `pm_party_id` int(11) NOT NULL,
  PRIMARY KEY (`pm_party_id`),
  KEY `FK7F2443D75B2F090D` (`pm_party_id`),
  CONSTRAINT `FK7F2443D75B2F090D` FOREIGN KEY (`pm_party_id`) REFERENCES `pm_party` (`pm_party_id`)
) ENGINE=InnoDB DEFAULT CHARSET=latin1;
/*!40101 SET character_set_client = @saved_cs_client */;

--
-- Dumping data for table `pm_person`
--

LOCK TABLES `pm_person` WRITE;
/*!40000 ALTER TABLE `pm_person` DISABLE KEYS */;
INSERT INTO `pm_person` VALUES (NULL,NULL,NULL,'PARASMAL',NULL,'ANGARA',NULL,NULL,NULL,NULL,NULL,NULL,NULL,NULL,1),(NULL,NULL,NULL,'KIRAN',NULL,'MEHTA',NULL,NULL,NULL,NULL,NULL,NULL,NULL,NULL,2),(NULL,NULL,NULL,'VIRAJ',NULL,'(MUKESH BORADIA)',NULL,'ENTERPRISES',NULL,NULL,NULL,NULL,NULL,NULL,3),(NULL,NULL,NULL,'ARCHANA',NULL,'RAJPURE',NULL,NULL,NULL,NULL,NULL,NULL,NULL,NULL,4),(NULL,NULL,NULL,'PARASMAL',NULL,'ANGARA',NULL,NULL,NULL,NULL,NULL,NULL,NULL,NULL,5),(NULL,NULL,NULL,'DATTA',NULL,'MORE',NULL,NULL,NULL,NULL,NULL,NULL,NULL,NULL,6),(NULL,NULL,NULL,'CHANDRESH',NULL,'PANDIT',NULL,'V',NULL,NULL,NULL,NULL,NULL,NULL,7),(NULL,NULL,NULL,'MAHINDER',NULL,'CHANDAN',NULL,'R',NULL,NULL,NULL,NULL,NULL,NULL,8),(NULL,NULL,NULL,'DILIP',NULL,'DESAI',NULL,NULL,NULL,NULL,NULL,NULL,NULL,NULL,9),(NULL,NULL,NULL,'SAILESH',NULL,'SAWENT',NULL,NULL,NULL,NULL,NULL,NULL,NULL,NULL,10),(NULL,NULL,NULL,'BIMLA',NULL,'DIDI',NULL,NULL,NULL,NULL,NULL,NULL,NULL,NULL,11),(NULL,NULL,NULL,'BANU',NULL,'MUJAWAR',NULL,'NASEER',NULL,NULL,NULL,NULL,NULL,NULL,12),(NULL,NULL,NULL,'SHASHANT',NULL,NULL,NULL,'KARNAMKAR',NULL,NULL,NULL,NULL,NULL,NULL,13),(NULL,NULL,NULL,'SAVITA',NULL,'TAMANG',NULL,'K',NULL,NULL,NULL,NULL,NULL,NULL,14),(NULL,NULL,NULL,'BAJIRAO.M.SHINDE',NULL,NULL,NULL,NULL,NULL,NULL,NULL,NULL,NULL,NULL,15),(NULL,NULL,NULL,'IQBAL',NULL,'MAJGOAKAR',NULL,NULL,NULL,NULL,NULL,NULL,NULL,NULL,16),(NULL,NULL,NULL,'AYUB',NULL,'KHAN',NULL,NULL,NULL,NULL,NULL,NULL,NULL,NULL,17),(NULL,NULL,NULL,'PAPPU',NULL,'HUSSAIN',NULL,'IQBAL',NULL,NULL,NULL,NULL,NULL,NULL,18),(NULL,NULL,NULL,'AMBIKA',NULL,'SHANKER',NULL,NULL,NULL,NULL,NULL,NULL,NULL,NULL,19),(NULL,NULL,NULL,'MARZEENA',NULL,'SHAIKH',NULL,NULL,NULL,NULL,NULL,NULL,NULL,NULL,20),(NULL,NULL,NULL,'VIJAY',NULL,'ZEENA',NULL,NULL,NULL,NULL,NULL,NULL,NULL,NULL,21),(NULL,NULL,NULL,'NAUSHAD',NULL,'SHAIKH',NULL,NULL,NULL,NULL,NULL,NULL,NULL,NULL,22),(NULL,NULL,NULL,'KAVITA',NULL,'HUSMANI',NULL,NULL,NULL,NULL,NULL,NULL,NULL,NULL,23),(NULL,NULL,NULL,'PRAKASH',NULL,'VASUDEV',NULL,NULL,NULL,NULL,NULL,NULL,NULL,NULL,24),(NULL,NULL,NULL,'RAJA',NULL,'ANKUSH',NULL,NULL,NULL,NULL,NULL,NULL,NULL,NULL,25),(NULL,NULL,NULL,'RAHUL',NULL,'SATPAL',NULL,'R',NULL,NULL,NULL,NULL,NULL,NULL,26),(NULL,NULL,NULL,'SHRIFF',NULL,'SHAIKH',NULL,'M',NULL,NULL,NULL,NULL,NULL,NULL,27),(NULL,NULL,NULL,'RESHMA',NULL,'SHAIKH',NULL,'M',NULL,NULL,NULL,NULL,NULL,NULL,28),(NULL,NULL,NULL,'DEEPAK',NULL,'PATNE',NULL,NULL,NULL,NULL,NULL,NULL,NULL,NULL,29),(NULL,NULL,NULL,'NANCHAIRAIAH',NULL,'POTUMUDAI',NULL,NULL,NULL,NULL,NULL,NULL,NULL,NULL,30),(NULL,NULL,NULL,'RAJU',NULL,'SHAIKH(AGRE)',NULL,NULL,NULL,NULL,NULL,NULL,NULL,NULL,31),(NULL,NULL,NULL,'ISRAIL',NULL,'SHAIKH',NULL,NULL,NULL,NULL,NULL,NULL,NULL,NULL,32),(NULL,NULL,NULL,'GANESH',NULL,'BORADE',NULL,NULL,NULL,NULL,NULL,NULL,NULL,NULL,33),(NULL,NULL,NULL,'ISMAIL',NULL,'SHAIKH',NULL,NULL,NULL,NULL,NULL,NULL,NULL,NULL,34),(NULL,NULL,NULL,'RADHA.KESHAV.MANCHAN',NULL,NULL,NULL,NULL,NULL,NULL,NULL,NULL,NULL,NULL,35),(NULL,NULL,NULL,'ANJANABAI',NULL,'RAUT',NULL,NULL,NULL,NULL,NULL,NULL,NULL,NULL,36),(NULL,NULL,NULL,'RAFIQ',NULL,'ANSARI',NULL,NULL,NULL,NULL,NULL,NULL,NULL,NULL,37),(NULL,NULL,NULL,'GYANI',NULL,'LAMA',NULL,NULL,NULL,NULL,NULL,NULL,NULL,NULL,38),(NULL,NULL,NULL,'SANDHYA',NULL,'GONDHDE',NULL,'P',NULL,NULL,NULL,NULL,NULL,NULL,39),(NULL,NULL,NULL,'ABHIJEET',NULL,'SADUNKE',NULL,NULL,NULL,NULL,NULL,NULL,NULL,NULL,40),(NULL,NULL,NULL,'SUREKHA',NULL,'DIDI',NULL,NULL,NULL,NULL,NULL,NULL,NULL,NULL,41),(NULL,NULL,NULL,'BHARAT',NULL,'JAIN',NULL,NULL,NULL,NULL,NULL,NULL,NULL,NULL,42),(NULL,NULL,NULL,'CHOTU',NULL,'BHAI',NULL,NULL,NULL,NULL,NULL,NULL,NULL,NULL,43),(NULL,NULL,NULL,'SHIVLAL',NULL,'KHARWA',NULL,'C',NULL,NULL,NULL,NULL,NULL,NULL,44),(NULL,NULL,NULL,'SHOBBO',NULL,'ANSARI',NULL,NULL,NULL,NULL,NULL,NULL,NULL,NULL,45),(NULL,NULL,NULL,'SHIRKANT',NULL,'DUBEY',NULL,NULL,NULL,NULL,NULL,NULL,NULL,NULL,46),(NULL,NULL,NULL,'RAM',NULL,'PANDEY',NULL,'KISHOR',NULL,NULL,NULL,NULL,NULL,NULL,47),(NULL,NULL,NULL,'SUNITA',NULL,'YADAV',NULL,NULL,NULL,NULL,NULL,NULL,NULL,NULL,48),(NULL,NULL,NULL,'JAYESH',NULL,'JADHAV',NULL,NULL,NULL,NULL,NULL,NULL,NULL,NULL,49),(NULL,NULL,NULL,'TANAJI',NULL,'PATIL',NULL,'CHANDU',NULL,NULL,NULL,NULL,NULL,NULL,50),(NULL,NULL,NULL,'KISHOR',NULL,'SUTAR',NULL,NULL,NULL,NULL,NULL,NULL,NULL,NULL,51),(NULL,NULL,NULL,'VASANT',NULL,'KAREKAR',NULL,NULL,NULL,NULL,NULL,NULL,NULL,NULL,52),(NULL,NULL,NULL,'JAYAHARI',NULL,'(BOWA)',NULL,NULL,NULL,NULL,NULL,NULL,NULL,NULL,53),(NULL,NULL,NULL,'SALIM',NULL,'BHAI',NULL,NULL,NULL,NULL,NULL,NULL,NULL,NULL,54),(NULL,NULL,NULL,'MUGATRAO',NULL,'MANE',NULL,'PARSURAM',NULL,NULL,NULL,NULL,NULL,NULL,55),(NULL,NULL,NULL,'SEETA',NULL,'AKKA',NULL,NULL,NULL,NULL,NULL,NULL,NULL,NULL,56),(NULL,NULL,NULL,'LAXMI',NULL,'MANDAL',NULL,NULL,NULL,NULL,NULL,NULL,NULL,NULL,57),(NULL,NULL,NULL,'AJAY',NULL,'BHAI',NULL,NULL,NULL,NULL,NULL,NULL,NULL,NULL,58),(NULL,NULL,NULL,'SADDAM',NULL,'HUSSAIN',NULL,NULL,NULL,NULL,NULL,NULL,NULL,NULL,59),(NULL,NULL,NULL,'MULLAJI',NULL,NULL,NULL,NULL,NULL,NULL,NULL,NULL,NULL,NULL,60),(NULL,NULL,NULL,'DNYANESHWAR',NULL,'RAUT',NULL,NULL,NULL,NULL,NULL,NULL,NULL,NULL,61),(NULL,NULL,NULL,'JYOTI',NULL,'VERMA',NULL,NULL,NULL,NULL,NULL,NULL,NULL,NULL,62),(NULL,NULL,NULL,'ASHA',NULL,'KAMBLE',NULL,NULL,NULL,NULL,NULL,NULL,NULL,NULL,63),(NULL,NULL,NULL,'AVINASH',NULL,'SHASTRI',NULL,NULL,NULL,NULL,NULL,NULL,NULL,'3',64),(NULL,NULL,NULL,'NIZAM',NULL,'ANSARI',NULL,NULL,NULL,NULL,NULL,NULL,NULL,NULL,65),(NULL,NULL,NULL,'BABLU',NULL,'ANSARI',NULL,NULL,NULL,NULL,NULL,NULL,NULL,NULL,66),(NULL,NULL,NULL,'ISHWAR',NULL,'MUKESH',NULL,NULL,NULL,NULL,NULL,NULL,NULL,NULL,67),(NULL,NULL,NULL,'RAVI',NULL,'BAJANTRI',NULL,NULL,NULL,NULL,NULL,NULL,NULL,NULL,68),(NULL,NULL,NULL,'AVINASH',NULL,'SHASTRI',NULL,NULL,NULL,NULL,NULL,NULL,NULL,'3',69),(NULL,NULL,NULL,'UMA',NULL,'RAMDAS',NULL,NULL,NULL,NULL,NULL,NULL,NULL,NULL,70),(NULL,NULL,NULL,'MANISHA',NULL,'PAWER',NULL,NULL,NULL,NULL,NULL,NULL,NULL,NULL,71),(NULL,NULL,NULL,'ABDUL',NULL,'KHALEED',NULL,NULL,NULL,NULL,NULL,NULL,NULL,NULL,72),(NULL,NULL,NULL,'MOHAMMED',NULL,'KADER',NULL,NULL,NULL,NULL,NULL,NULL,NULL,NULL,73),(NULL,NULL,NULL,'AASHIQ',NULL,'KHAN',NULL,'ALI',NULL,NULL,NULL,NULL,NULL,NULL,74),(NULL,NULL,NULL,'GEETA',NULL,'YADAV',NULL,'SHANKER',NULL,NULL,NULL,NULL,NULL,NULL,75),(NULL,NULL,NULL,'AKRAM',NULL,'SHAIKH',NULL,NULL,NULL,NULL,NULL,NULL,NULL,NULL,76),(NULL,NULL,NULL,'REENA',NULL,'VISHESH',NULL,NULL,NULL,NULL,NULL,NULL,NULL,NULL,77),(NULL,NULL,NULL,'PINKY',NULL,'SHAIKH',NULL,'TUJAM',NULL,NULL,NULL,NULL,NULL,NULL,78),(NULL,NULL,NULL,'MENKA',NULL,'KUNDU',NULL,NULL,NULL,NULL,NULL,NULL,NULL,NULL,79),(NULL,NULL,NULL,'SHAKEEL',NULL,'AHMED(GUDDU)',NULL,NULL,NULL,NULL,NULL,NULL,NULL,NULL,80),(NULL,NULL,NULL,'ZUBEEDA',NULL,'SYED',NULL,NULL,NULL,NULL,NULL,NULL,NULL,NULL,81),(NULL,NULL,NULL,'KARIM',NULL,'SHAIKH',NULL,NULL,NULL,NULL,NULL,NULL,NULL,NULL,82),(NULL,NULL,NULL,'RASHIDA',NULL,'SHAIKH',NULL,'I',NULL,NULL,NULL,NULL,NULL,NULL,83),(NULL,NULL,NULL,'SANJAY',NULL,'KUMER',NULL,NULL,NULL,NULL,NULL,NULL,NULL,NULL,84),(NULL,NULL,NULL,'ALI',NULL,'KHAN',NULL,'NABI',NULL,NULL,NULL,NULL,NULL,NULL,85),(NULL,NULL,NULL,'UTTAM',NULL,'GHOSH',NULL,NULL,NULL,NULL,NULL,NULL,NULL,NULL,86),(NULL,NULL,NULL,'AVINASH',NULL,'SHASTRI',NULL,NULL,NULL,NULL,NULL,NULL,NULL,NULL,87),(NULL,NULL,NULL,'NOOR',NULL,'MOHAMMED',NULL,NULL,NULL,NULL,NULL,NULL,NULL,NULL,88),(NULL,NULL,NULL,'MUNNAVWAR',NULL,'ALI(TOPI)',NULL,NULL,NULL,NULL,NULL,NULL,NULL,NULL,89),(NULL,NULL,NULL,'MUNAVWAR',NULL,'TOPIWALA',NULL,NULL,NULL,NULL,NULL,NULL,NULL,'2',90),(NULL,NULL,NULL,'MUNNA',NULL,'SHAIKH',NULL,NULL,NULL,NULL,NULL,NULL,NULL,NULL,91),(NULL,NULL,NULL,'SUFYAN',NULL,'SHAIKH',NULL,NULL,NULL,NULL,NULL,NULL,NULL,NULL,92),(NULL,NULL,NULL,'KAMAL',NULL,'PATOLE',NULL,NULL,NULL,NULL,NULL,NULL,NULL,NULL,93),(NULL,NULL,NULL,'SUNITA',NULL,'GANPAT',NULL,NULL,NULL,NULL,NULL,NULL,NULL,NULL,94),(NULL,NULL,NULL,'ROMA',NULL,'MANDAL',NULL,'NADEEM',NULL,NULL,NULL,NULL,NULL,NULL,95),(NULL,NULL,NULL,'KISHEN',NULL,'LAMA(THAPA)',NULL,NULL,NULL,NULL,NULL,NULL,NULL,NULL,96),(NULL,NULL,NULL,'RAVI',NULL,'GADI',NULL,NULL,NULL,NULL,NULL,NULL,NULL,NULL,97),(NULL,NULL,NULL,'BASU',NULL,'BHAI',NULL,NULL,NULL,NULL,NULL,NULL,NULL,NULL,98),(NULL,NULL,NULL,'MONIKA',NULL,'SULOCHANA',NULL,NULL,NULL,NULL,NULL,NULL,NULL,NULL,99),(NULL,NULL,NULL,'ROBIN',NULL,'GHOSH',NULL,NULL,NULL,NULL,NULL,NULL,NULL,NULL,100),(NULL,NULL,NULL,'RAJU',NULL,'CHALWADI',NULL,NULL,NULL,NULL,NULL,NULL,NULL,NULL,101),(NULL,NULL,NULL,'ABDUL',NULL,'HAMEED',NULL,NULL,NULL,NULL,NULL,NULL,NULL,NULL,102),(NULL,NULL,NULL,'VIJAY',NULL,'RATHOD',NULL,NULL,NULL,NULL,NULL,NULL,NULL,NULL,103),(NULL,NULL,NULL,'AMIN',NULL,'SHAIKH',NULL,NULL,NULL,NULL,NULL,NULL,NULL,NULL,104),(NULL,NULL,NULL,'KAMLA',NULL,'AKKA',NULL,NULL,NULL,NULL,NULL,NULL,NULL,NULL,105),(NULL,NULL,NULL,'SIRAJ',NULL,'BHAI',NULL,NULL,NULL,NULL,NULL,NULL,NULL,NULL,106),(NULL,NULL,NULL,'NAZMA',NULL,'DIDI',NULL,NULL,NULL,NULL,NULL,NULL,NULL,NULL,107),(NULL,NULL,NULL,'HASEENA',NULL,'DIDI',NULL,NULL,NULL,NULL,NULL,NULL,NULL,NULL,108),(NULL,NULL,NULL,'RADHA',NULL,'RAHUL',NULL,NULL,NULL,NULL,NULL,NULL,NULL,NULL,109),(NULL,NULL,NULL,'NARGIS',NULL,'MANDAL',NULL,NULL,NULL,NULL,NULL,NULL,NULL,NULL,110),(NULL,NULL,NULL,'BABULAL',NULL,'JAIN',NULL,NULL,NULL,NULL,NULL,NULL,NULL,NULL,111),(NULL,NULL,NULL,'ANJALI',NULL,'DODIA',NULL,NULL,NULL,NULL,NULL,NULL,NULL,NULL,112),(NULL,NULL,NULL,'KIRAN.J.JAINI',NULL,NULL,NULL,NULL,NULL,NULL,NULL,NULL,NULL,NULL,113),(NULL,NULL,NULL,'BHAVESH',NULL,'DOSHI',NULL,NULL,NULL,NULL,NULL,NULL,NULL,NULL,114),(NULL,NULL,NULL,'ISHWAR',NULL,'DARJI',NULL,'M',NULL,NULL,NULL,NULL,NULL,NULL,115),(NULL,NULL,NULL,'VASANT',NULL,'SOMAIYA',NULL,NULL,NULL,NULL,NULL,NULL,NULL,NULL,116),(NULL,NULL,NULL,'MUKESH',NULL,'SHAH',NULL,NULL,NULL,NULL,NULL,NULL,NULL,NULL,117),(NULL,NULL,NULL,'PRADIP',NULL,'PRAJAPATI',NULL,'K',NULL,NULL,NULL,NULL,NULL,NULL,118),(NULL,NULL,NULL,'DEEPAK',NULL,'SHAH',NULL,'N',NULL,NULL,NULL,NULL,NULL,NULL,119),(NULL,NULL,NULL,'SAMEER',NULL,'VASANI',NULL,NULL,NULL,NULL,NULL,NULL,NULL,NULL,120),(NULL,NULL,NULL,'ASHOK',NULL,'SHAH',NULL,NULL,NULL,NULL,NULL,NULL,NULL,NULL,121),(NULL,NULL,NULL,'MANJULA',NULL,'SHAH',NULL,NULL,NULL,NULL,NULL,NULL,NULL,NULL,122),(NULL,NULL,NULL,'D.P',NULL,'JAIN',NULL,NULL,NULL,NULL,NULL,NULL,NULL,NULL,123),(NULL,NULL,NULL,'CHANDAN',NULL,'DODIA',NULL,NULL,NULL,NULL,NULL,NULL,NULL,NULL,124),(NULL,NULL,NULL,'BHARAT',NULL,'GANDHI',NULL,NULL,NULL,NULL,NULL,NULL,NULL,NULL,125),(NULL,NULL,NULL,'SAMEER',NULL,'VASANI',NULL,NULL,NULL,NULL,NULL,NULL,NULL,NULL,126),(NULL,NULL,NULL,'NIRANJAN',NULL,'MEHTA',NULL,'B',NULL,NULL,NULL,NULL,NULL,NULL,127),(NULL,NULL,NULL,'BACCHUBHAI',NULL,'THAKKAR',NULL,NULL,NULL,NULL,NULL,NULL,NULL,NULL,128),(NULL,NULL,NULL,'AJAY',NULL,'ADANI',NULL,NULL,NULL,NULL,NULL,NULL,NULL,NULL,129),(NULL,NULL,NULL,'KAMLESH',NULL,'MAKWANA',NULL,NULL,NULL,NULL,NULL,NULL,NULL,NULL,130),(NULL,NULL,NULL,'SHASHIKANT',NULL,'CHAUHAN',NULL,NULL,NULL,NULL,NULL,NULL,NULL,NULL,131),(NULL,NULL,NULL,'NITIN',NULL,'SHAH',NULL,'V',NULL,NULL,NULL,NULL,NULL,NULL,132),(NULL,NULL,NULL,'RAJU',NULL,'BHAI',NULL,NULL,NULL,NULL,NULL,NULL,NULL,NULL,133),(NULL,NULL,NULL,'HITESH',NULL,'VASANI',NULL,NULL,NULL,NULL,NULL,NULL,NULL,NULL,134),(NULL,NULL,NULL,'J.H.MEHTA',NULL,NULL,NULL,NULL,NULL,NULL,NULL,NULL,NULL,NULL,135),(NULL,NULL,NULL,'PANKAJ.S.CHAUHAN',NULL,NULL,NULL,NULL,NULL,NULL,NULL,NULL,NULL,NULL,136),(NULL,NULL,NULL,'HASTIMAL',NULL,'JAIN',NULL,NULL,NULL,NULL,NULL,NULL,NULL,NULL,137),(NULL,NULL,NULL,'RAMESH',NULL,'DODHIA',NULL,NULL,NULL,NULL,NULL,NULL,NULL,NULL,138),(NULL,NULL,NULL,'RADHA.A.KAMBLE',NULL,NULL,NULL,NULL,NULL,NULL,NULL,NULL,NULL,NULL,139),(NULL,NULL,NULL,'KHANTA',NULL,'KALE',NULL,'UDAY',NULL,NULL,NULL,NULL,NULL,NULL,140),(NULL,NULL,NULL,'MAHINDER',NULL,'BHOSLE',NULL,'B',NULL,NULL,NULL,NULL,NULL,NULL,141),(NULL,NULL,NULL,'SEEMA',NULL,'TAMANG',NULL,NULL,NULL,NULL,NULL,NULL,NULL,NULL,142),(NULL,NULL,NULL,'PREM',NULL,'KHANNA',NULL,'A',NULL,NULL,NULL,NULL,NULL,NULL,143),(NULL,NULL,NULL,'AKHTAR',NULL,'KHAN(SANGI)',NULL,NULL,NULL,NULL,NULL,NULL,NULL,NULL,144),(NULL,NULL,NULL,'AASHA',NULL,'PAUL(RAJPAL)',NULL,NULL,NULL,NULL,NULL,NULL,NULL,NULL,145),(NULL,NULL,NULL,'ANIL',NULL,'PATEL',NULL,'D',NULL,NULL,NULL,NULL,NULL,NULL,146),(NULL,NULL,NULL,'KAMI',NULL,'BHAI',NULL,NULL,NULL,NULL,NULL,NULL,NULL,NULL,147),(NULL,NULL,NULL,'SHARAFAT',NULL,'HUSSAIN',NULL,NULL,NULL,NULL,NULL,NULL,NULL,NULL,148),(NULL,NULL,NULL,'SHARTAJ',NULL,'ALI',NULL,NULL,NULL,NULL,NULL,NULL,NULL,NULL,149),(NULL,NULL,NULL,'SYED',NULL,'SABBAN',NULL,NULL,NULL,NULL,NULL,NULL,NULL,NULL,150),(NULL,NULL,NULL,'SANTA',NULL,'MARRAPPA',NULL,NULL,NULL,NULL,NULL,NULL,NULL,NULL,151),(NULL,NULL,NULL,'MOHD',NULL,'SHABBIR',NULL,NULL,NULL,NULL,NULL,NULL,NULL,NULL,152),(NULL,NULL,NULL,'MOHD',NULL,'AABIDH',NULL,NULL,NULL,NULL,NULL,NULL,NULL,NULL,153),(NULL,NULL,NULL,'BMIMA',NULL,'SHINDE',NULL,NULL,NULL,NULL,NULL,NULL,NULL,NULL,154),(NULL,NULL,NULL,'MAYA',NULL,'DIDI',NULL,NULL,NULL,NULL,NULL,NULL,NULL,NULL,155),(NULL,NULL,NULL,'SHAUKAT',NULL,'MOMIN',NULL,NULL,NULL,NULL,NULL,NULL,NULL,NULL,156),(NULL,NULL,NULL,'SHARDA',NULL,'MANNU',NULL,NULL,NULL,NULL,NULL,NULL,NULL,NULL,157),(NULL,NULL,NULL,'SHEKH',NULL,'SULEMAN',NULL,NULL,NULL,NULL,NULL,NULL,NULL,NULL,158),(NULL,NULL,NULL,'MOHD',NULL,'SHAIKH',NULL,'SALIM',NULL,NULL,NULL,NULL,NULL,NULL,159),(NULL,NULL,NULL,'MOHD',NULL,'AHSAAN',NULL,NULL,NULL,NULL,NULL,NULL,NULL,NULL,160),(NULL,NULL,NULL,'SHABIR',NULL,'SHAIKH',NULL,NULL,NULL,NULL,NULL,NULL,NULL,NULL,161),(NULL,NULL,NULL,'KALPANA',NULL,'DIDI',NULL,NULL,NULL,NULL,NULL,NULL,NULL,NULL,162),(NULL,NULL,NULL,'MAHESH',NULL,'KHARWA',NULL,'J',NULL,NULL,NULL,NULL,NULL,NULL,163),(NULL,NULL,NULL,'SYED',NULL,'FAZAL',NULL,NULL,NULL,NULL,NULL,NULL,NULL,NULL,164),(NULL,NULL,NULL,'KUMER',NULL,'LAMA',NULL,NULL,NULL,NULL,NULL,NULL,NULL,NULL,165),(NULL,NULL,NULL,'SALMA.F.KHAN(CHUTI)',NULL,NULL,NULL,NULL,NULL,NULL,NULL,NULL,NULL,NULL,166),(NULL,NULL,NULL,'BABLU',NULL,'SHAIKH',NULL,NULL,NULL,NULL,NULL,NULL,NULL,NULL,167),(NULL,NULL,NULL,'JAYA',NULL,'SHETTY',NULL,'RAJU',NULL,NULL,NULL,NULL,NULL,NULL,168),(NULL,NULL,NULL,'DEEPAK',NULL,'PUROHIT',NULL,'PARSURAM',NULL,NULL,NULL,NULL,NULL,NULL,169),(NULL,NULL,NULL,'VICKY',NULL,'KHARWA',NULL,NULL,NULL,NULL,NULL,NULL,NULL,NULL,170),(NULL,NULL,NULL,'BIMLA',NULL,'DIDI',NULL,NULL,NULL,NULL,NULL,NULL,NULL,NULL,171),(NULL,NULL,NULL,'HAJI',NULL,'SAMAD',NULL,'ABDUL',NULL,NULL,NULL,NULL,NULL,NULL,172),(NULL,NULL,NULL,'HASMUKH.M.',NULL,'KHARWA',NULL,NULL,NULL,NULL,NULL,NULL,NULL,NULL,173),(NULL,NULL,NULL,'KAMAL',NULL,'DIDI',NULL,NULL,NULL,NULL,NULL,NULL,NULL,NULL,174),(NULL,NULL,NULL,'KAMAAL',NULL,'HAFEEZ',NULL,NULL,NULL,NULL,NULL,NULL,NULL,NULL,175),(NULL,NULL,NULL,'MOHD',NULL,'TAHIR',NULL,NULL,NULL,NULL,NULL,NULL,NULL,NULL,176),(NULL,NULL,NULL,'HITESH',NULL,'KHARWA',NULL,NULL,NULL,NULL,NULL,NULL,NULL,NULL,177),(NULL,NULL,NULL,'BABITA',NULL,'DIDI',NULL,NULL,NULL,NULL,NULL,NULL,NULL,NULL,178),(NULL,NULL,NULL,'AFZAL',NULL,'SHAIKH',NULL,NULL,NULL,NULL,NULL,NULL,NULL,NULL,179),(NULL,NULL,NULL,'RAJU',NULL,'TAMANG',NULL,NULL,NULL,NULL,NULL,NULL,NULL,NULL,180),(NULL,NULL,NULL,'NAEEM',NULL,'BABA',NULL,'ANSARI',NULL,NULL,NULL,NULL,NULL,NULL,181),(NULL,NULL,NULL,'ASHWIN',NULL,'KHARWA',NULL,'KUMAR',NULL,NULL,NULL,NULL,NULL,NULL,182),(NULL,NULL,NULL,'SHABBIR',NULL,'KHAN',NULL,'A',NULL,NULL,NULL,NULL,NULL,NULL,183),(NULL,NULL,NULL,'WAHEEDA.R.KHAN',NULL,NULL,NULL,NULL,NULL,NULL,NULL,NULL,NULL,NULL,184),(NULL,NULL,NULL,'SEETA',NULL,'TAMANG',NULL,NULL,NULL,NULL,NULL,NULL,NULL,NULL,185),(NULL,NULL,NULL,'RUPA',NULL,'LUTFA',NULL,NULL,NULL,NULL,NULL,NULL,NULL,NULL,186),(NULL,NULL,NULL,'MOHD',NULL,'NAKAASH',NULL,NULL,NULL,NULL,NULL,NULL,NULL,NULL,187),(NULL,NULL,NULL,'KAPIL',NULL,'KHARWA',NULL,NULL,NULL,NULL,NULL,NULL,NULL,NULL,188),(NULL,NULL,NULL,'SHAKEEL',NULL,'ANWER',NULL,NULL,NULL,NULL,NULL,NULL,NULL,NULL,189),(NULL,NULL,NULL,'ABDUL',NULL,'RAB',NULL,NULL,NULL,NULL,NULL,NULL,NULL,NULL,190),(NULL,NULL,NULL,'NASEER',NULL,'SHAIKH',NULL,NULL,NULL,NULL,NULL,NULL,NULL,NULL,191),(NULL,NULL,NULL,'SALMA',NULL,'SHAIKH',NULL,NULL,NULL,NULL,NULL,NULL,NULL,NULL,192),(NULL,NULL,NULL,'SHABAAN',NULL,'BHAI(NEGRO)',NULL,NULL,NULL,NULL,NULL,NULL,NULL,NULL,193),(NULL,NULL,NULL,'IRFAN',NULL,'KHAN',NULL,NULL,NULL,NULL,NULL,NULL,NULL,NULL,194),(NULL,NULL,NULL,'IKHLAQUE',NULL,'SHAIKH',NULL,NULL,NULL,NULL,NULL,NULL,NULL,NULL,195),(NULL,NULL,NULL,'MANOJ',NULL,'SONI',NULL,NULL,NULL,NULL,NULL,NULL,NULL,NULL,196),(NULL,NULL,NULL,'BABLU',NULL,'SHAIKH',NULL,NULL,NULL,NULL,NULL,NULL,NULL,NULL,197),(NULL,NULL,NULL,'RAFIQ',NULL,'ANSARI',NULL,NULL,NULL,NULL,NULL,NULL,NULL,NULL,198),(NULL,NULL,NULL,'MOHD',NULL,'KHAN',NULL,'ASIF',NULL,NULL,NULL,NULL,NULL,NULL,199),(NULL,NULL,NULL,'ABDUL',NULL,'SHAIKH',NULL,'RAZZAK',NULL,NULL,NULL,NULL,NULL,NULL,200),(NULL,NULL,NULL,'JAI',NULL,'MANTRI',NULL,'KISHAN',NULL,NULL,NULL,NULL,NULL,NULL,201),(NULL,NULL,NULL,'SANU',NULL,'TAMANG',NULL,NULL,NULL,NULL,NULL,NULL,NULL,NULL,202),(NULL,NULL,NULL,'DHEERAJ',NULL,'KHARWA',NULL,NULL,NULL,NULL,NULL,NULL,NULL,NULL,203),(NULL,NULL,NULL,'MEENA',NULL,'KUMARI',NULL,NULL,NULL,NULL,NULL,NULL,NULL,NULL,204),(NULL,NULL,NULL,'ARIF',NULL,'KHAN',NULL,NULL,NULL,NULL,NULL,NULL,NULL,NULL,205),(NULL,NULL,NULL,'MEERA',NULL,'TAMANG',NULL,NULL,NULL,NULL,NULL,NULL,NULL,NULL,206),(NULL,NULL,NULL,'ARAVIND',NULL,'PARMAR',NULL,'VIJAY',NULL,NULL,NULL,NULL,NULL,NULL,207),(NULL,NULL,NULL,'KAILASH',NULL,'TAMANG',NULL,NULL,NULL,NULL,NULL,NULL,NULL,NULL,208),(NULL,NULL,NULL,'NASEER',NULL,'SHAIKH',NULL,NULL,NULL,NULL,NULL,NULL,NULL,NULL,209),(NULL,NULL,NULL,'DHARMESH',NULL,NULL,NULL,NULL,NULL,NULL,NULL,NULL,NULL,NULL,210),(NULL,NULL,NULL,'SHAMIN',NULL,'ANSARI',NULL,NULL,NULL,NULL,NULL,NULL,NULL,NULL,211),(NULL,NULL,NULL,'YAKUB',NULL,'BHAI',NULL,NULL,NULL,NULL,NULL,NULL,NULL,NULL,212),(NULL,NULL,NULL,'ABDUL',NULL,'SHAIKH',NULL,'HAMEED',NULL,NULL,NULL,NULL,NULL,NULL,213),(NULL,NULL,NULL,'MUNNA',NULL,'BHAI',NULL,NULL,NULL,NULL,NULL,NULL,NULL,NULL,214),(NULL,NULL,NULL,'SHAIKH',NULL,'DANISH',NULL,NULL,NULL,NULL,NULL,NULL,NULL,NULL,215),(NULL,NULL,NULL,'MOHSIN',NULL,'KHAN',NULL,NULL,NULL,NULL,NULL,NULL,NULL,NULL,216),(NULL,NULL,NULL,'KAMAAL',NULL,'AHMED',NULL,NULL,NULL,NULL,NULL,NULL,NULL,NULL,217),(NULL,NULL,NULL,'SHAMI',NULL,'(JALIEWALA)',NULL,'BHAI',NULL,NULL,NULL,NULL,NULL,NULL,218),(NULL,NULL,NULL,'MUKTAR',NULL,'SHAIKH',NULL,NULL,NULL,NULL,NULL,NULL,NULL,NULL,219),(NULL,NULL,NULL,'REKHA',NULL,'DIDI',NULL,NULL,NULL,NULL,NULL,NULL,NULL,NULL,220),(NULL,NULL,NULL,'SHEHZAADA',NULL,'BHAI',NULL,NULL,NULL,NULL,NULL,NULL,NULL,NULL,221),(NULL,NULL,NULL,'RATNA',NULL,'DIDI',NULL,NULL,NULL,NULL,NULL,NULL,NULL,NULL,222),(NULL,NULL,NULL,'JAGDISH',NULL,'CHOUGLE',NULL,'RAGHU',NULL,NULL,NULL,NULL,NULL,NULL,223),(NULL,NULL,NULL,'KANTA',NULL,'METRI',NULL,NULL,NULL,NULL,NULL,NULL,NULL,NULL,224),(NULL,NULL,NULL,'BHAVIN',NULL,'KHARWA',NULL,NULL,NULL,NULL,NULL,NULL,NULL,NULL,225),(NULL,NULL,NULL,'JAI',NULL,'MANTRI',NULL,'KISHEN',NULL,NULL,NULL,NULL,NULL,NULL,226),(NULL,NULL,NULL,'RAJU',NULL,'MANTRI',NULL,'V',NULL,NULL,NULL,NULL,NULL,NULL,227),(NULL,NULL,NULL,'ASHOK',NULL,NULL,NULL,'KUMAR',NULL,NULL,NULL,NULL,NULL,NULL,228),(NULL,NULL,NULL,'DEEPAK',NULL,'KHARWA',NULL,'J',NULL,NULL,NULL,NULL,NULL,NULL,229),(NULL,NULL,NULL,'BANSILAL',NULL,'KHARWA',NULL,'B',NULL,NULL,NULL,NULL,NULL,NULL,230),(NULL,NULL,NULL,'HAJI',NULL,'SAMAD',NULL,'ABDUL',NULL,NULL,NULL,NULL,NULL,NULL,231),(NULL,NULL,NULL,'SAMPAT',NULL,'WAGHRI',NULL,'K',NULL,NULL,NULL,NULL,NULL,NULL,232),(NULL,NULL,NULL,'AASHA',NULL,'DIDI',NULL,NULL,NULL,NULL,NULL,NULL,NULL,NULL,233),(NULL,NULL,NULL,'SURESH',NULL,'SUKALI',NULL,'ANAND',NULL,NULL,NULL,NULL,NULL,NULL,234),(NULL,NULL,NULL,'SUNNY',NULL,'BABASAHEB',NULL,NULL,NULL,NULL,NULL,NULL,NULL,NULL,235),(NULL,NULL,NULL,'ASLAM',NULL,'QURESHI',NULL,NULL,NULL,NULL,NULL,NULL,NULL,NULL,236),(NULL,NULL,NULL,'MOHD',NULL,'ZAFAR',NULL,NULL,NULL,NULL,NULL,NULL,NULL,NULL,237),(NULL,NULL,NULL,'AYUB',NULL,'KHAN',NULL,NULL,NULL,NULL,NULL,NULL,NULL,NULL,238),(NULL,NULL,NULL,'BHANSILAL',NULL,'KHARWA',NULL,'M',NULL,NULL,NULL,NULL,NULL,NULL,239),(NULL,NULL,NULL,'ANEES',NULL,'KHAN',NULL,NULL,NULL,NULL,NULL,NULL,NULL,NULL,240),(NULL,NULL,NULL,'MOHD',NULL,'KHAN',NULL,'ALI',NULL,NULL,NULL,NULL,NULL,NULL,241),(NULL,NULL,NULL,'CHIRAG',NULL,'KHARWA',NULL,'R',NULL,NULL,NULL,NULL,NULL,NULL,242),(NULL,NULL,NULL,'TARA',NULL,NULL,NULL,'DIDI',NULL,NULL,NULL,NULL,NULL,NULL,243),(NULL,NULL,NULL,'KHANTA',NULL,'CHOURASYA',NULL,'P',NULL,NULL,NULL,NULL,NULL,NULL,244),(NULL,NULL,NULL,'MURLI',NULL,'BAR',NULL,'BEER',NULL,NULL,NULL,NULL,NULL,NULL,245),(NULL,NULL,NULL,'GEETA',NULL,'METRI',NULL,NULL,NULL,NULL,NULL,NULL,NULL,NULL,246),(NULL,NULL,NULL,'KAVITA',NULL,'KAMBLE',NULL,NULL,NULL,NULL,NULL,NULL,NULL,NULL,247),(NULL,NULL,NULL,'SAIFUDDIN',NULL,'SHAIKH',NULL,NULL,NULL,NULL,NULL,NULL,NULL,NULL,248),(NULL,NULL,NULL,'SHABBIR',NULL,'MANDAL',NULL,NULL,NULL,NULL,NULL,NULL,NULL,NULL,249),(NULL,NULL,NULL,'AKRAM',NULL,'KHAN',NULL,NULL,NULL,NULL,NULL,NULL,NULL,NULL,250),(NULL,NULL,NULL,'NARESH',NULL,'JAIN',NULL,NULL,NULL,NULL,NULL,NULL,NULL,NULL,251),(NULL,NULL,NULL,'SURAJ',NULL,'MISHRA',NULL,'KUMAR',NULL,NULL,NULL,NULL,NULL,NULL,252),(NULL,NULL,NULL,'NEELIMA',NULL,'SHAIKH',NULL,NULL,NULL,NULL,NULL,NULL,NULL,NULL,253),(NULL,NULL,NULL,'MOHD',NULL,'(SADIWALA)',NULL,'TALIM',NULL,NULL,NULL,NULL,NULL,NULL,254),(NULL,NULL,NULL,'ABDUL',NULL,'KHAN',NULL,'LATIF',NULL,NULL,NULL,NULL,NULL,NULL,255),(NULL,NULL,NULL,'KAFIL',NULL,'KHAN',NULL,NULL,NULL,NULL,NULL,NULL,NULL,NULL,256),(NULL,NULL,NULL,'DARSHNA',NULL,'KOTA',NULL,NULL,NULL,NULL,NULL,NULL,NULL,NULL,257),(NULL,NULL,NULL,'HASAMUDDIN.A.KARIM',NULL,NULL,NULL,NULL,NULL,NULL,NULL,NULL,NULL,NULL,258),(NULL,NULL,NULL,'MURLI',NULL,'BAR',NULL,'BEER',NULL,NULL,NULL,NULL,NULL,NULL,259),(NULL,NULL,NULL,'BADSHAH',NULL,'KHAN',NULL,NULL,NULL,NULL,NULL,NULL,NULL,NULL,260),(NULL,NULL,NULL,'CHAYA',NULL,'TAMANG',NULL,'JEENA',NULL,NULL,NULL,NULL,NULL,NULL,261),(NULL,NULL,NULL,'SHAKEEL',NULL,'KHAN',NULL,NULL,NULL,NULL,NULL,NULL,NULL,NULL,262),(NULL,NULL,NULL,'LAXMAN',NULL,'SHINDE',NULL,NULL,NULL,NULL,NULL,NULL,NULL,NULL,263),(NULL,NULL,NULL,'SHUSHILA',NULL,'SURYAVANSHI',NULL,NULL,NULL,NULL,NULL,NULL,NULL,NULL,264),(NULL,NULL,NULL,'NASEER',NULL,'SHAIKH',NULL,NULL,NULL,NULL,NULL,NULL,NULL,NULL,265),(NULL,NULL,NULL,'RENUKA',NULL,'MANE',NULL,NULL,NULL,NULL,NULL,NULL,NULL,NULL,266),(NULL,NULL,NULL,'SADASHIV',NULL,'KAMBLE',NULL,NULL,NULL,NULL,NULL,NULL,NULL,NULL,267),(NULL,NULL,NULL,'NIZZAMUDDIN',NULL,'KHAN',NULL,NULL,NULL,NULL,NULL,NULL,NULL,NULL,268),(NULL,NULL,NULL,'CHALWADI[BACCHI]',NULL,NULL,NULL,NULL,NULL,NULL,NULL,NULL,NULL,NULL,269),(NULL,NULL,NULL,'JAVED',NULL,'ALI',NULL,NULL,NULL,NULL,NULL,NULL,NULL,NULL,270),(NULL,NULL,NULL,'GANESH',NULL,'BHOKARE',NULL,NULL,NULL,NULL,NULL,NULL,NULL,NULL,271),(NULL,NULL,NULL,'VINAYAK',NULL,'JADHAV',NULL,NULL,NULL,NULL,NULL,NULL,NULL,NULL,272),(NULL,NULL,NULL,'RAJENDAR',NULL,'JADAV',NULL,NULL,NULL,NULL,NULL,NULL,NULL,NULL,273),(NULL,NULL,NULL,'NILESH',NULL,'WABLE',NULL,NULL,NULL,NULL,NULL,NULL,NULL,NULL,274),(NULL,NULL,NULL,'SUREKHA.S.KAREKAR',NULL,NULL,NULL,NULL,NULL,NULL,NULL,NULL,NULL,NULL,275),(NULL,NULL,NULL,'RAJENDRA',NULL,'SHELKE',NULL,NULL,NULL,NULL,NULL,NULL,NULL,NULL,276),(NULL,NULL,NULL,'SANGEETA',NULL,'BHOSLE',NULL,NULL,NULL,NULL,NULL,NULL,NULL,NULL,277),(NULL,NULL,NULL,'HARI',NULL,'SHULKHE',NULL,'CHANRA',NULL,NULL,NULL,NULL,NULL,NULL,278),(NULL,NULL,NULL,'SACHIN',NULL,'DEVRE',NULL,NULL,NULL,NULL,NULL,NULL,NULL,NULL,279),(NULL,NULL,NULL,'IRFAN',NULL,'KHAN',NULL,NULL,NULL,NULL,NULL,NULL,NULL,NULL,280),(NULL,NULL,NULL,'MAYA',NULL,'TAMANG',NULL,NULL,NULL,NULL,NULL,NULL,NULL,NULL,281),(NULL,NULL,NULL,'SURESH',NULL,'CHOURASIYA',NULL,NULL,NULL,NULL,NULL,NULL,NULL,NULL,282),(NULL,NULL,NULL,'PRAKASH',NULL,'NIKAM',NULL,NULL,NULL,NULL,NULL,NULL,NULL,NULL,283),(NULL,NULL,NULL,'DASHRAT',NULL,'PUROHIT',NULL,NULL,NULL,NULL,NULL,NULL,NULL,NULL,284),(NULL,NULL,NULL,'AAKASH',NULL,'PARMAR',NULL,'VIJAY',NULL,NULL,NULL,NULL,NULL,NULL,285),(NULL,NULL,NULL,'RAMESH',NULL,'LOTEKAR',NULL,NULL,NULL,NULL,NULL,NULL,NULL,NULL,286),(NULL,NULL,NULL,'GANESH',NULL,'LOTEKAR',NULL,NULL,NULL,NULL,NULL,NULL,NULL,NULL,287),(NULL,NULL,NULL,'PADMA',NULL,'GOKA',NULL,NULL,NULL,NULL,NULL,NULL,NULL,NULL,288),(NULL,NULL,NULL,'PARSHURAM.V.KAMBLE',NULL,NULL,NULL,NULL,NULL,NULL,NULL,NULL,NULL,NULL,289),(NULL,NULL,NULL,'KRISHNA',NULL,'GUJAR',NULL,NULL,NULL,NULL,NULL,NULL,NULL,NULL,290),(NULL,NULL,NULL,'SHYMRAO',NULL,'LOTEKAR',NULL,NULL,NULL,NULL,NULL,NULL,NULL,NULL,291),(NULL,NULL,NULL,'PANDURANG',NULL,'GHALVE',NULL,NULL,NULL,NULL,NULL,NULL,NULL,NULL,292),(NULL,NULL,NULL,'NISHIKANT',NULL,'KARAN',NULL,NULL,NULL,NULL,NULL,NULL,NULL,NULL,293),(NULL,NULL,NULL,'SANGEETA',NULL,'KADAM',NULL,NULL,NULL,NULL,NULL,NULL,NULL,NULL,294),(NULL,NULL,NULL,'NANDA',NULL,'MAFRI',NULL,NULL,NULL,NULL,NULL,NULL,NULL,NULL,295),(NULL,NULL,NULL,'MUMTAJ',NULL,'BHAI',NULL,NULL,NULL,NULL,NULL,NULL,NULL,NULL,296),(NULL,NULL,NULL,'AJAY',NULL,'TAMANG',NULL,NULL,NULL,NULL,NULL,NULL,NULL,NULL,297),(NULL,NULL,NULL,'RAJA',NULL,'THAKUR',NULL,NULL,NULL,NULL,NULL,NULL,NULL,NULL,298),(NULL,NULL,NULL,'DATTA',NULL,'BHAI',NULL,NULL,NULL,NULL,NULL,NULL,NULL,NULL,299),(NULL,NULL,NULL,'KAVITA',NULL,'DIDI',NULL,NULL,NULL,NULL,NULL,NULL,NULL,NULL,300),(NULL,NULL,NULL,'ANAND',NULL,'BHAI',NULL,NULL,NULL,NULL,NULL,NULL,NULL,NULL,301),(NULL,NULL,NULL,'PRAKASH',NULL,'PARMAR',NULL,NULL,NULL,NULL,NULL,NULL,NULL,NULL,302),(NULL,NULL,NULL,'ARVIND',NULL,'LOTEKAR',NULL,NULL,NULL,NULL,NULL,NULL,NULL,NULL,303),(NULL,NULL,NULL,'BHARAT',NULL,'LATNEKAR',NULL,NULL,NULL,NULL,NULL,NULL,NULL,NULL,304),(NULL,NULL,NULL,'PRAVIN',NULL,'BHOSLE',NULL,NULL,NULL,NULL,NULL,NULL,NULL,NULL,305),(NULL,NULL,NULL,'MANGESH',NULL,'KARANDE',NULL,NULL,NULL,NULL,NULL,NULL,NULL,NULL,306),(NULL,NULL,NULL,'BHAVESH',NULL,'PARMAR',NULL,NULL,NULL,NULL,NULL,NULL,NULL,NULL,307),(NULL,NULL,NULL,'SACHIN',NULL,'PANCHAL',NULL,NULL,NULL,NULL,NULL,NULL,NULL,NULL,308),(NULL,NULL,NULL,'AMIT',NULL,'MANE',NULL,'K',NULL,NULL,NULL,NULL,NULL,NULL,309),(NULL,NULL,NULL,'ANIL',NULL,'KAMBLE',NULL,NULL,NULL,NULL,NULL,NULL,NULL,NULL,310),(NULL,NULL,NULL,'DASHRAT',NULL,'KAMBLE',NULL,NULL,NULL,NULL,NULL,NULL,NULL,NULL,311),(NULL,NULL,NULL,'VIJAY',NULL,'KAMBLE',NULL,NULL,NULL,NULL,NULL,NULL,NULL,NULL,312),(NULL,NULL,NULL,'ASHOK',NULL,'JADAV',NULL,NULL,NULL,NULL,NULL,NULL,NULL,NULL,313),(NULL,NULL,NULL,'PRAKASH',NULL,'WABHALE',NULL,'PRABHU',NULL,NULL,NULL,NULL,NULL,NULL,314),(NULL,NULL,NULL,'RAJU',NULL,'PATEL',NULL,NULL,NULL,NULL,NULL,NULL,NULL,NULL,315),(NULL,NULL,NULL,'SUNIL',NULL,'GAIKWAD',NULL,NULL,NULL,NULL,NULL,NULL,NULL,NULL,316),(NULL,NULL,NULL,'GORI',NULL,'DEVI',NULL,NULL,NULL,NULL,NULL,NULL,NULL,NULL,317),(NULL,NULL,NULL,'MARUTI',NULL,'SHINDE',NULL,NULL,NULL,NULL,NULL,NULL,NULL,NULL,318),(NULL,NULL,NULL,'AMIT',NULL,'KOLGE',NULL,NULL,NULL,NULL,NULL,NULL,NULL,NULL,319),(NULL,NULL,NULL,'RANJEET',NULL,'MONDAL',NULL,'TATULE',NULL,NULL,NULL,NULL,NULL,NULL,320),(NULL,NULL,NULL,'NILESH',NULL,'DHANAWADE',NULL,'S',NULL,NULL,NULL,NULL,NULL,NULL,321),(NULL,NULL,NULL,'RAM',NULL,'TAMANG',NULL,NULL,NULL,NULL,NULL,NULL,NULL,NULL,322),(NULL,NULL,NULL,'PRAVIN',NULL,'TAPKIR',NULL,NULL,NULL,NULL,NULL,NULL,NULL,NULL,323),(NULL,NULL,NULL,'PRAMOD',NULL,'NIKKAM',NULL,NULL,NULL,NULL,NULL,NULL,NULL,NULL,324),(NULL,NULL,NULL,'CHANDRAKANT',NULL,'SHINGE',NULL,NULL,NULL,NULL,NULL,NULL,NULL,NULL,325),(NULL,NULL,NULL,'AMIT',NULL,'NIKAM',NULL,NULL,NULL,NULL,NULL,NULL,NULL,NULL,326),(NULL,NULL,NULL,'JAYSHREE',NULL,'BHOSLE',NULL,NULL,NULL,NULL,NULL,NULL,NULL,NULL,327),(NULL,NULL,NULL,'AANAPPA',NULL,'GANIGA',NULL,'M',NULL,NULL,NULL,NULL,NULL,NULL,328),(NULL,NULL,NULL,'MAYA',NULL,'SHARPA',NULL,NULL,NULL,NULL,NULL,NULL,NULL,NULL,329),(NULL,NULL,NULL,'ATUL',NULL,'RAGHUNATH',NULL,NULL,NULL,NULL,NULL,NULL,NULL,NULL,330),(NULL,NULL,NULL,'HANAMAVA',NULL,'GOTADKI',NULL,NULL,NULL,NULL,NULL,NULL,NULL,NULL,331),(NULL,NULL,NULL,'ISMAIL',NULL,'SHAIKH',NULL,NULL,NULL,NULL,NULL,NULL,NULL,'2',332),(NULL,NULL,NULL,'NILESH',NULL,'SHELAR',NULL,NULL,NULL,NULL,NULL,NULL,NULL,NULL,333),(NULL,NULL,NULL,'SANJAY',NULL,'POWER',NULL,NULL,NULL,NULL,NULL,NULL,NULL,'1',334),(NULL,NULL,NULL,'SAMEER',NULL,'SHAIKH',NULL,NULL,NULL,NULL,NULL,NULL,NULL,NULL,335),(NULL,NULL,NULL,'JANARDHAN',NULL,'KUMER',NULL,NULL,NULL,NULL,NULL,NULL,NULL,NULL,336),(NULL,NULL,NULL,'SANJAY',NULL,'POWER',NULL,NULL,NULL,NULL,NULL,NULL,NULL,'2',337),(NULL,NULL,NULL,'POOJA',NULL,'PATTAR',NULL,NULL,NULL,NULL,NULL,NULL,NULL,NULL,338),(NULL,NULL,NULL,'PAWAN',NULL,'KUMAR',NULL,NULL,NULL,NULL,NULL,NULL,NULL,NULL,339),(NULL,NULL,NULL,'JITENDRA',NULL,'NIKAM',NULL,NULL,NULL,NULL,NULL,NULL,NULL,NULL,340),(NULL,NULL,NULL,'ANKUSH',NULL,'NIKAM',NULL,'B',NULL,NULL,NULL,NULL,NULL,NULL,341),(NULL,NULL,NULL,'MANOHAR',NULL,'TARDE',NULL,NULL,NULL,NULL,NULL,NULL,NULL,NULL,342),(NULL,NULL,NULL,'CHANDRAKANT',NULL,'ROKDE',NULL,NULL,NULL,NULL,NULL,NULL,NULL,NULL,343),(NULL,NULL,NULL,'SHANKER',NULL,'WAGHMARE',NULL,NULL,NULL,NULL,NULL,NULL,NULL,NULL,344),(NULL,NULL,NULL,'NANDU',NULL,'GORE',NULL,NULL,NULL,NULL,NULL,NULL,NULL,NULL,345),(NULL,NULL,NULL,'RAM',NULL,'WAGHMARE',NULL,NULL,NULL,NULL,NULL,NULL,NULL,NULL,346),(NULL,NULL,NULL,'R.K.SHELAR',NULL,NULL,NULL,NULL,NULL,NULL,NULL,NULL,NULL,NULL,347),(NULL,NULL,NULL,'RAMCHANDRA',NULL,'MORE',NULL,'S',NULL,NULL,NULL,NULL,NULL,NULL,348),(NULL,NULL,NULL,'BALAAM',NULL,'BHAI',NULL,NULL,NULL,NULL,NULL,NULL,NULL,NULL,349),(NULL,NULL,NULL,'RAVI',NULL,'INGLE',NULL,NULL,NULL,NULL,NULL,NULL,NULL,NULL,350),(NULL,NULL,NULL,'SURESH',NULL,'KAMBLE',NULL,NULL,NULL,NULL,NULL,NULL,NULL,NULL,351),(NULL,NULL,NULL,'LAXMAN',NULL,'SHINDE',NULL,NULL,NULL,NULL,NULL,NULL,NULL,NULL,352),(NULL,NULL,NULL,'SHANKER',NULL,'JADHAV',NULL,NULL,NULL,NULL,NULL,NULL,NULL,NULL,353),(NULL,NULL,NULL,'CHAND',NULL,'ANSARI',NULL,NULL,NULL,NULL,NULL,NULL,NULL,NULL,354),(NULL,NULL,NULL,'PRAMOD',NULL,'TAPKIR',NULL,NULL,NULL,NULL,NULL,NULL,NULL,NULL,355),(NULL,NULL,NULL,'HASEENA',NULL,'TAMANG',NULL,NULL,NULL,NULL,NULL,NULL,NULL,NULL,356),(NULL,NULL,NULL,'KAUSHIK',NULL,'WANGADE',NULL,NULL,NULL,NULL,NULL,NULL,NULL,NULL,357),(NULL,NULL,NULL,'HASMUKH',NULL,'SHAH',NULL,NULL,NULL,NULL,NULL,NULL,NULL,NULL,358),(NULL,NULL,NULL,'KAJAL',NULL,'BISHNOI',NULL,NULL,NULL,NULL,NULL,NULL,NULL,NULL,359),(NULL,NULL,NULL,'Afzal',NULL,'Khan',NULL,NULL,NULL,NULL,NULL,NULL,NULL,NULL,360),(NULL,NULL,NULL,'Imran',NULL,'Khan',NULL,NULL,NULL,NULL,NULL,NULL,NULL,NULL,361),(NULL,NULL,NULL,'Abdul',NULL,'Khan',NULL,'Latif',NULL,NULL,NULL,NULL,NULL,NULL,362),(NULL,NULL,NULL,'Reenu',NULL,'Akka',NULL,NULL,NULL,NULL,NULL,NULL,NULL,NULL,363),(NULL,NULL,NULL,'Raju',NULL,'Bhai',NULL,NULL,NULL,NULL,NULL,NULL,NULL,NULL,364),(NULL,NULL,NULL,'Hastimal',NULL,'Jain',NULL,NULL,NULL,NULL,NULL,NULL,NULL,NULL,365),(NULL,NULL,NULL,'Vishal',NULL,'Shinde',NULL,'N',NULL,NULL,NULL,NULL,NULL,NULL,366),(NULL,NULL,NULL,'Hemanta',NULL,'Mandal',NULL,'N',NULL,NULL,NULL,NULL,NULL,NULL,367),(NULL,NULL,NULL,'Hanuman',NULL,'Bishnoi',NULL,NULL,NULL,NULL,NULL,NULL,NULL,NULL,368),(NULL,NULL,NULL,'Lallu',NULL,'Kharwa',NULL,NULL,NULL,NULL,NULL,NULL,NULL,NULL,369),(NULL,NULL,NULL,'Maruti',NULL,'Hargude',NULL,NULL,NULL,NULL,NULL,NULL,NULL,NULL,370),(NULL,NULL,NULL,'Mohammad',NULL,'Aslam',NULL,NULL,NULL,NULL,NULL,NULL,NULL,NULL,371),(NULL,NULL,NULL,'Reena',NULL,'Shaikh',NULL,NULL,NULL,NULL,NULL,NULL,NULL,NULL,372),(NULL,NULL,NULL,'Kalpesh',NULL,'Mantri',NULL,'M',NULL,NULL,NULL,NULL,NULL,NULL,373),(NULL,NULL,NULL,'Sangeeta',NULL,'Bhosale',NULL,NULL,NULL,NULL,NULL,NULL,NULL,NULL,374),(NULL,NULL,NULL,'Rejavan',NULL,'Khan',NULL,NULL,NULL,NULL,NULL,NULL,NULL,NULL,375),(NULL,NULL,NULL,'Sunita',NULL,'Adagale',NULL,NULL,NULL,NULL,NULL,NULL,NULL,NULL,376),(NULL,NULL,NULL,'Taslima',NULL,'Shaikh',NULL,NULL,NULL,NULL,NULL,NULL,NULL,NULL,377),(NULL,NULL,NULL,'Mohammad',NULL,'Khan',NULL,'Akhil',NULL,NULL,NULL,NULL,NULL,NULL,378),(NULL,NULL,NULL,'Suman',NULL,'Mandal',NULL,NULL,NULL,NULL,NULL,NULL,NULL,NULL,379),(NULL,NULL,NULL,'Meena',NULL,'Robin',NULL,NULL,NULL,NULL,NULL,NULL,NULL,NULL,380),(NULL,NULL,NULL,'Shambhunath',NULL,NULL,NULL,NULL,NULL,NULL,NULL,NULL,NULL,NULL,381),(NULL,NULL,NULL,'Subol',NULL,'Das',NULL,NULL,NULL,NULL,NULL,NULL,NULL,NULL,382),(NULL,NULL,NULL,'Mohammad',NULL,NULL,NULL,NULL,NULL,NULL,NULL,NULL,NULL,NULL,383),(NULL,NULL,NULL,'Mubassar',NULL,'Alam',NULL,NULL,NULL,NULL,NULL,NULL,NULL,NULL,384),(NULL,NULL,NULL,'Yasmeen',NULL,'Qureshi',NULL,NULL,NULL,NULL,NULL,NULL,NULL,NULL,385),(NULL,NULL,NULL,'Ashok',NULL,'Chinappa',NULL,NULL,NULL,NULL,NULL,NULL,NULL,NULL,386),(NULL,NULL,NULL,'Anwar',NULL,'Shaikh',NULL,NULL,NULL,NULL,NULL,NULL,NULL,NULL,387),(NULL,NULL,NULL,'Mlali',NULL,'Kibwana',NULL,'Hamis',NULL,NULL,NULL,NULL,NULL,NULL,388),(NULL,NULL,NULL,'Haider',NULL,NULL,NULL,NULL,NULL,NULL,NULL,NULL,NULL,NULL,389),(NULL,NULL,NULL,'Sattyawa',NULL,'Ajmane',NULL,'Jakappa',NULL,NULL,NULL,NULL,NULL,NULL,390),(NULL,NULL,NULL,'Mohammad',NULL,'Shaikh',NULL,'Hanif',NULL,NULL,NULL,NULL,NULL,NULL,391),(NULL,NULL,NULL,'Sanjay',NULL,'Waghela',NULL,'Hiralal',NULL,NULL,NULL,NULL,NULL,NULL,392),(NULL,NULL,NULL,'Mithun',NULL,'Mantri',NULL,'Manohar',NULL,NULL,NULL,NULL,NULL,NULL,393),(NULL,NULL,NULL,'Dinesh',NULL,NULL,NULL,'Darji',NULL,NULL,NULL,NULL,NULL,NULL,394),(NULL,NULL,NULL,'Maqbool',NULL,'Hussain',NULL,'-ul-Nisa',NULL,NULL,NULL,NULL,NULL,NULL,395),(NULL,NULL,NULL,'Alamin',NULL,NULL,NULL,'Shaikh',NULL,NULL,NULL,NULL,NULL,NULL,396),(NULL,NULL,NULL,'Mohammad',NULL,'Shaikh',NULL,'Iliyas',NULL,NULL,NULL,NULL,NULL,NULL,397);
/*!40000 ALTER TABLE `pm_person` ENABLE KEYS */;
UNLOCK TABLES;

--
-- Table structure for table `prod_product`
--

DROP TABLE IF EXISTS `prod_product`;
/*!40101 SET @saved_cs_client     = @@character_set_client */;
/*!40101 SET character_set_client = utf8 */;
CREATE TABLE `prod_product` (
  `pd_product_id` int(11) NOT NULL,
  `pd_amount_uom_type` varchar(255) DEFAULT NULL,
  `pd_comments` varchar(255) DEFAULT NULL,
  `pd_created_date` datetime DEFAULT NULL,
  `pd_description` varchar(255) DEFAULT NULL,
  `pd_fixed_amount` decimal(10,2) DEFAULT NULL,
  `pd_internal_name` varchar(255) DEFAULT NULL,
  `pd_introduction_date` datetime DEFAULT NULL,
  `pd_is_virtual` bit(1) DEFAULT NULL,
  `pd_pieces_included` decimal(10,0) DEFAULT NULL,
  `pd_product_name` varchar(100) DEFAULT NULL,
  `pd_product_type` varchar(50) DEFAULT NULL,
  `pd_quantity_included` decimal(10,6) DEFAULT NULL,
  `pd_quantity_uom` varchar(255) DEFAULT NULL,
  `pd_require_amount` bit(1) DEFAULT NULL,
  `pd_require_inventory` bit(1) DEFAULT NULL,
  `pd_returnable` bit(1) DEFAULT NULL,
  `pd_sales_disc_when_not_avail` bit(1) DEFAULT NULL,
  `pd_sales_discontinuation_date` datetime DEFAULT NULL,
  `pd_support_discontinuation_date` datetime DEFAULT NULL,
  `pd_taxable` bit(1) DEFAULT NULL,
  `pd_weight` decimal(10,6) DEFAULT NULL,
  `pd_weight_uom_id` varchar(20) DEFAULT NULL,
  PRIMARY KEY (`pd_product_id`),
  UNIQUE KEY `pd_product_id` (`pd_product_id`)
) ENGINE=InnoDB DEFAULT CHARSET=latin1;
/*!40101 SET character_set_client = @saved_cs_client */;

--
-- Dumping data for table `prod_product`
--

LOCK TABLES `prod_product` WRITE;
/*!40000 ALTER TABLE `prod_product` DISABLE KEYS */;
INSERT INTO `prod_product` VALUES (1,NULL,NULL,NULL,NULL,NULL,NULL,'2012-01-01 00:00:00',NULL,NULL,'NEW DIGI PREMIUM GOLD',NULL,NULL,NULL,NULL,NULL,NULL,NULL,'9999-12-31 00:00:00','9999-12-31 00:00:00',NULL,NULL,NULL),(2,NULL,NULL,NULL,NULL,NULL,NULL,'2012-01-01 00:00:00',NULL,NULL,'VALUE25',NULL,NULL,NULL,NULL,NULL,NULL,NULL,'9999-12-31 00:00:00','9999-12-31 00:00:00',NULL,NULL,NULL),(3,NULL,NULL,NULL,NULL,NULL,NULL,'2012-01-01 00:00:00',NULL,NULL,'JPR Super Value-40',NULL,NULL,NULL,NULL,NULL,NULL,NULL,'9999-12-31 00:00:00','9999-12-31 00:00:00',NULL,NULL,NULL),(4,NULL,NULL,NULL,NULL,NULL,NULL,'2012-01-01 00:00:00',NULL,NULL,'Digi biz-30 ala',NULL,NULL,NULL,NULL,NULL,NULL,NULL,'9999-12-31 00:00:00','9999-12-31 00:00:00',NULL,NULL,NULL),(5,NULL,NULL,NULL,NULL,NULL,NULL,'2012-01-01 00:00:00',NULL,NULL,'SUPER70',NULL,NULL,NULL,NULL,NULL,NULL,NULL,'9999-12-31 00:00:00','9999-12-31 00:00:00',NULL,NULL,NULL),(6,NULL,NULL,NULL,NULL,NULL,NULL,'2012-01-01 00:00:00',NULL,NULL,'BONANZA40',NULL,NULL,NULL,NULL,NULL,NULL,NULL,'9999-12-31 00:00:00','9999-12-31 00:00:00',NULL,NULL,NULL),(7,NULL,NULL,NULL,NULL,NULL,NULL,'2012-01-01 00:00:00',NULL,NULL,'Digi Gold (70 Pay Channels)',NULL,NULL,NULL,NULL,NULL,NULL,NULL,'9999-12-31 00:00:00','9999-12-31 00:00:00',NULL,NULL,NULL),(8,NULL,NULL,NULL,NULL,NULL,NULL,'2012-01-01 00:00:00',NULL,NULL,'NEW DIGI PLATINUM GRAND',NULL,NULL,NULL,NULL,NULL,NULL,NULL,NULL,NULL,NULL,NULL,NULL);
/*!40000 ALTER TABLE `prod_product` ENABLE KEYS */;
UNLOCK TABLES;

--
-- Table structure for table `prod_product_price`
--

DROP TABLE IF EXISTS `prod_product_price`;
/*!40101 SET @saved_cs_client     = @@character_set_client */;
/*!40101 SET character_set_client = utf8 */;
CREATE TABLE `prod_product_price` (
  `pp_prod_product_price_id` int(11) NOT NULL,
  `pp_currency_uom_id` varchar(20) DEFAULT NULL,
  `pp_from_date` datetime NOT NULL,
  `pp_price` decimal(10,3) DEFAULT NULL,
  `pp_to_date` datetime DEFAULT NULL,
  `pp_product_id` int(11) NOT NULL,
  PRIMARY KEY (`pp_prod_product_price_id`),
  UNIQUE KEY `pp_prod_product_price_id` (`pp_prod_product_price_id`),
  KEY `FKF72C8311F0115693` (`pp_product_id`),
  CONSTRAINT `FKF72C8311F0115693` FOREIGN KEY (`pp_product_id`) REFERENCES `prod_product` (`pd_product_id`)
) ENGINE=InnoDB DEFAULT CHARSET=latin1;
/*!40101 SET character_set_client = @saved_cs_client */;

--
-- Dumping data for table `prod_product_price`
--

LOCK TABLES `prod_product_price` WRITE;
/*!40000 ALTER TABLE `prod_product_price` DISABLE KEYS */;
INSERT INTO `prod_product_price` VALUES (1,NULL,'2012-01-01 00:00:00','230.000','9999-12-31 00:00:00',1),(2,NULL,'2012-01-01 00:00:00','180.000','9999-12-31 00:00:00',2),(3,NULL,'2012-01-01 00:00:00','230.000','9999-12-31 00:00:00',3),(4,NULL,'2012-01-01 00:00:00','230.000','9999-12-31 00:00:00',4),(5,NULL,'2012-01-01 00:00:00','280.000','9999-12-31 00:00:00',5),(6,NULL,'2012-01-01 00:00:00','230.000','9999-12-31 00:00:00',6),(7,NULL,'2012-01-01 00:00:00','280.000','9999-12-31 00:00:00',7),(8,NULL,'2012-01-02 00:00:00','280.000','9999-12-31 00:00:00',8);
/*!40000 ALTER TABLE `prod_product_price` ENABLE KEYS */;
UNLOCK TABLES;

--
-- Table structure for table `product_tax`
--

DROP TABLE IF EXISTS `product_tax`;
/*!40101 SET @saved_cs_client     = @@character_set_client */;
/*!40101 SET character_set_client = utf8 */;
CREATE TABLE `product_tax` (
  `pd_product_id` int(11) NOT NULL,
  `tt_tax_type_id` int(11) NOT NULL,
  KEY `FKA71CAC5B93BD961F` (`pd_product_id`),
  KEY `FKA71CAC5BBD89C908` (`tt_tax_type_id`),
  CONSTRAINT `FKA71CAC5B93BD961F` FOREIGN KEY (`pd_product_id`) REFERENCES `prod_product` (`pd_product_id`),
  CONSTRAINT `FKA71CAC5BBD89C908` FOREIGN KEY (`tt_tax_type_id`) REFERENCES `fm_tax_type` (`tt_tax_type_id`)
) ENGINE=InnoDB DEFAULT CHARSET=latin1;
/*!40101 SET character_set_client = @saved_cs_client */;

--
-- Dumping data for table `product_tax`
--

LOCK TABLES `product_tax` WRITE;
/*!40000 ALTER TABLE `product_tax` DISABLE KEYS */;
INSERT INTO `product_tax` VALUES (1,1),(2,1),(3,1),(4,1),(5,1),(6,1),(7,1),(8,1);
/*!40000 ALTER TABLE `product_tax` ENABLE KEYS */;
UNLOCK TABLES;

--
-- Table structure for table `role`
--

DROP TABLE IF EXISTS `role`;
/*!40101 SET @saved_cs_client     = @@character_set_client */;
/*!40101 SET character_set_client = utf8 */;
CREATE TABLE `role` (
  `id` bigint(20) NOT NULL AUTO_INCREMENT,
  `version` bigint(20) NOT NULL,
  `authority` varchar(255) NOT NULL,
  PRIMARY KEY (`id`),
  UNIQUE KEY `authority` (`authority`)
) ENGINE=InnoDB AUTO_INCREMENT=3 DEFAULT CHARSET=latin1;
/*!40101 SET character_set_client = @saved_cs_client */;

--
-- Dumping data for table `role`
--

LOCK TABLES `role` WRITE;
/*!40000 ALTER TABLE `role` DISABLE KEYS */;
INSERT INTO `role` VALUES (1,0,'ROLE_USER'),(2,0,'ROLE_ADMIN');
/*!40000 ALTER TABLE `role` ENABLE KEYS */;
UNLOCK TABLES;

--
-- Table structure for table `user`
--

DROP TABLE IF EXISTS `user`;
/*!40101 SET @saved_cs_client     = @@character_set_client */;
/*!40101 SET character_set_client = utf8 */;
CREATE TABLE `user` (
  `id` bigint(20) NOT NULL AUTO_INCREMENT,
  `version` bigint(20) NOT NULL,
  `account_expired` bit(1) NOT NULL,
  `account_locked` bit(1) NOT NULL,
  `enabled` bit(1) NOT NULL,
  `password` varchar(255) NOT NULL,
  `password_expired` bit(1) NOT NULL,
  `username` varchar(255) NOT NULL,
  PRIMARY KEY (`id`),
  UNIQUE KEY `username` (`username`)
) ENGINE=InnoDB AUTO_INCREMENT=2 DEFAULT CHARSET=latin1;
/*!40101 SET character_set_client = @saved_cs_client */;

--
-- Dumping data for table `user`
--

LOCK TABLES `user` WRITE;
/*!40000 ALTER TABLE `user` DISABLE KEYS */;
INSERT INTO `user` VALUES (1,0,'\0','\0','','8c6976e5b5410415bde908bd4dee15dfb167a9c873fc4bb8a81f6f2ab448a918','\0','admin');
/*!40000 ALTER TABLE `user` ENABLE KEYS */;
UNLOCK TABLES;

--
-- Table structure for table `user_role`
--

DROP TABLE IF EXISTS `user_role`;
/*!40101 SET @saved_cs_client     = @@character_set_client */;
/*!40101 SET character_set_client = utf8 */;
CREATE TABLE `user_role` (
  `role_id` bigint(20) NOT NULL,
  `user_id` bigint(20) NOT NULL,
  PRIMARY KEY (`role_id`,`user_id`),
  KEY `FK143BF46A34093B4C` (`role_id`),
  KEY `FK143BF46AD933FF2C` (`user_id`),
  CONSTRAINT `FK143BF46A34093B4C` FOREIGN KEY (`role_id`) REFERENCES `role` (`id`),
  CONSTRAINT `FK143BF46AD933FF2C` FOREIGN KEY (`user_id`) REFERENCES `user` (`id`)
) ENGINE=InnoDB DEFAULT CHARSET=latin1;
/*!40101 SET character_set_client = @saved_cs_client */;

--
-- Dumping data for table `user_role`
--

LOCK TABLES `user_role` WRITE;
/*!40000 ALTER TABLE `user_role` DISABLE KEYS */;
INSERT INTO `user_role` VALUES (2,1);
/*!40000 ALTER TABLE `user_role` ENABLE KEYS */;
UNLOCK TABLES;
/*!40103 SET TIME_ZONE=@OLD_TIME_ZONE */;

/*!40101 SET SQL_MODE=@OLD_SQL_MODE */;
/*!40014 SET FOREIGN_KEY_CHECKS=@OLD_FOREIGN_KEY_CHECKS */;
/*!40014 SET UNIQUE_CHECKS=@OLD_UNIQUE_CHECKS */;
/*!40101 SET CHARACTER_SET_CLIENT=@OLD_CHARACTER_SET_CLIENT */;
/*!40101 SET CHARACTER_SET_RESULTS=@OLD_CHARACTER_SET_RESULTS */;
/*!40101 SET COLLATION_CONNECTION=@OLD_COLLATION_CONNECTION */;
/*!40111 SET SQL_NOTES=@OLD_SQL_NOTES */;

-- Dump completed on 2012-08-07  7:52:43
